amount,total_amount_last_24h,txn_count_last_24h,is_new_device,is_odd_hour,channel,transaction_type,country
5747.75,0.0,0,1,0,UPI,WITHDRAWAL,IN
3471.69,5747.75,1,0,0,UPI,TRANSFER,IN
6431.61,9219.44,2,0,0,NET_BANKING,TRANSFER,IN
8051.75,15651.05,3,0,0,UPI,TRANSFER,IN
8182.8,23702.8,4,0,0,NET_BANKING,TRANSFER,IN
10239.07,31885.6,5,0,0,UPI,TRANSFER,IN
3967.82,42124.67,6,1,0,UPI,TRANSFER,IN
4086.73,46092.49,7,0,1,UPI,WITHDRAWAL,IN
9664.67,50179.22,8,0,1,UPI,TRANSFER,IN
3599.52,59843.89,9,1,1,UPI,WITHDRAWAL,IN
3998.12,63443.41,10,0,1,UPI,TRANSFER,IN
7690.4,67441.53,11,0,1,UPI,WITHDRAWAL,IN
10191.75,75131.93,12,0,1,UPI,DEPOSIT,IN
10284.16,85323.68,13,0,0,UPI,TRANSFER,IN
10588.63,95607.84,14,0,0,NET_BANKING,WITHDRAWAL,IN
8860.29,106196.47,15,0,0,UPI,WITHDRAWAL,IN
8386.67,115056.76,16,1,0,UPI,TRANSFER,IN
9514.23,123443.43,17,0,0,CARD,DEPOSIT,IN
6618.86,132957.66,18,0,0,CARD,WITHDRAWAL,IN
2554.67,139576.52,19,0,0,UPI,WITHDRAWAL,IN
8512.42,0.0,0,1,0,CARD,TRANSFER,IN
3110.48,8512.42,1,1,0,CARD,TRANSFER,IN
11555.48,11622.9,2,1,0,UPI,DEPOSIT,US
11069.96,23178.379999999997,3,0,0,CARD,WITHDRAWAL,IN
6635.94,34248.34,4,0,0,CARD,DEPOSIT,IN
7641.84,40884.28,5,0,0,CARD,TRANSFER,IN
3605.69,48526.119999999995,6,0,1,CARD,DEPOSIT,IN
6124.41,52131.81,7,1,1,CARD,WITHDRAWAL,IN
10100.28,58256.22,8,0,1,CARD,DEPOSIT,IN
11659.95,68356.5,9,1,1,CARD,TRANSFER,IN
12233.67,80016.45,10,0,0,UPI,WITHDRAWAL,IN
11111.72,92250.12,11,0,0,CARD,DEPOSIT,IN
4088.85,103361.84,12,0,0,CARD,WITHDRAWAL,SG
5079.63,107450.69,13,0,0,CARD,DEPOSIT,IN
10916.27,112530.32,14,0,0,CARD,TRANSFER,IN
11124.1,123446.59,15,0,0,CARD,WITHDRAWAL,IN
11080.09,134570.69,16,0,0,CARD,TRANSFER,US
11123.92,145650.78,17,0,0,CARD,DEPOSIT,IN
5677.88,156774.7,18,0,0,CARD,DEPOSIT,IN
8975.91,162452.58000000002,19,0,0,CARD,DEPOSIT,IN
6342.3,171428.49000000002,20,0,0,CARD,WITHDRAWAL,IN
5723.65,177770.79,21,0,0,CARD,TRANSFER,IN
7293.9,174982.02000000002,21,0,0,CARD,WITHDRAWAL,IN
3422.08,179165.44000000003,21,0,0,CARD,TRANSFER,IN
8857.28,182587.52,22,0,0,CARD,TRANSFER,IN
3667.61,191444.8,23,1,0,NET_BANKING,WITHDRAWAL,US
7202.47,172486.96999999997,22,0,0,CARD,TRANSFER,IN
5616.59,173053.49999999997,22,0,0,NET_BANKING,WITHDRAWAL,IN
8458.03,171028.24999999997,22,0,0,CARD,DEPOSIT,IN
4378.83,179486.27999999997,23,1,1,CARD,DEPOSIT,IN
8328.79,180259.41999999995,23,0,1,CARD,WITHDRAWAL,IN
10984.47,188588.20999999996,24,1,1,CARD,TRANSFER,IN
10535.8,183347.99,23,0,1,UPI,TRANSFER,IN
4345.97,182223.83999999997,23,0,1,CARD,DEPOSIT,IN
5614.91,186569.80999999997,24,1,0,UPI,TRANSFER,IN
10014.84,179951.05,24,1,0,UPI,DEPOSIT,IN
8322.75,189965.89,25,0,0,CARD,WITHDRAWAL,IN
2752.23,187176.92,25,1,0,NET_BANKING,TRANSFER,IN
22814.9,0.0,0,1,0,NET_BANKING,TRANSFER,IN
10939.38,22814.9,1,0,0,CARD,WITHDRAWAL,IN
9566.15,33754.28,2,1,0,CARD,TRANSFER,IN
15234.98,43320.43,3,1,0,CARD,TRANSFER,SG
7463.53,58555.41,4,1,1,CARD,WITHDRAWAL,IN
20977.35,66018.94,5,0,1,CARD,DEPOSIT,IN
11759.5,86996.29000000001,6,0,1,CARD,WITHDRAWAL,IN
6976.93,98755.79,7,0,1,NET_BANKING,TRANSFER,IN
22267.64,105732.72,8,0,1,CARD,TRANSFER,IN
18424.88,128000.36,9,0,0,CARD,WITHDRAWAL,IN
24103.81,146425.24,10,1,0,CARD,DEPOSIT,IN
8134.17,170529.05,11,0,0,UPI,WITHDRAWAL,IN
17398.61,178663.22,12,1,0,CARD,TRANSFER,IN
22561.06,196061.83,13,0,0,CARD,DEPOSIT,US
6434.84,218622.89,14,1,0,CARD,TRANSFER,IN
24062.04,225057.73,15,1,0,CARD,TRANSFER,IN
5008.0,249119.77,16,0,0,CARD,WITHDRAWAL,IN
22304.53,254127.77,17,0,0,CARD,WITHDRAWAL,IN
8891.47,276432.30000000005,18,0,0,NET_BANKING,TRANSFER,IN
13967.3,285323.77,19,0,0,CARD,TRANSFER,IN
8318.72,299291.07,20,0,0,CARD,WITHDRAWAL,IN
17436.79,284794.88999999996,20,0,0,CARD,WITHDRAWAL,IN
22715.66,302231.67999999993,21,1,0,CARD,TRANSFER,IN
14053.22,314007.95999999996,21,0,0,UPI,WITHDRAWAL,IN
19620.29,303260.04999999993,20,0,0,CARD,TRANSFER,IN
18749.65,322880.3399999999,21,0,0,CARD,WITHDRAWAL,IN
11368.47,313189.11,20,0,1,CARD,TRANSFER,IN
6160.35,305821.14999999997,19,0,1,CARD,WITHDRAWAL,IN
7532.43,311981.49999999994,20,1,1,CARD,WITHDRAWAL,IN
10778.69,297246.29,20,0,1,CARD,WITHDRAWAL,IN
24791.12,308024.98,21,0,1,CARD,DEPOSIT,SG
5494.34,314391.22,21,0,0,CARD,WITHDRAWAL,IN
19997.1,319885.56,22,1,0,CARD,WITHDRAWAL,IN
20896.61,307644.68,21,0,0,CARD,WITHDRAWAL,IN
20227.87,311142.68,21,0,0,CARD,WITHDRAWAL,IN
10688.66,331370.55,22,0,0,UPI,WITHDRAWAL,IN
20217.7,289001.26999999996,20,0,0,CARD,TRANSFER,IN
4407.06,0.0,0,1,0,CARD,WITHDRAWAL,SG
1726.34,4407.06,1,0,0,CARD,WITHDRAWAL,IN
3192.51,6133.400000000001,2,1,0,CARD,WITHDRAWAL,IN
4563.92,9325.91,3,0,0,CARD,WITHDRAWAL,IN
2409.44,13889.83,4,0,0,CARD,WITHDRAWAL,IN
4829.99,16299.27,5,0,0,NET_BANKING,WITHDRAWAL,IN
3663.95,21129.26,6,0,1,UPI,TRANSFER,IN
3544.9,24793.210000000003,7,0,1,CARD,TRANSFER,SG
4790.16,28338.110000000004,8,0,1,CARD,WITHDRAWAL,IN
1769.58,33128.270000000004,9,0,1,CARD,DEPOSIT,IN
1214.11,34897.850000000006,10,0,0,CARD,WITHDRAWAL,IN
1422.63,36111.96000000001,11,0,0,CARD,WITHDRAWAL,IN
2095.49,37534.59,12,0,0,CARD,TRANSFER,SG
2416.85,39630.08,13,0,0,CARD,DEPOSIT,IN
1285.22,42046.93,14,0,0,CARD,WITHDRAWAL,IN
2627.57,43332.15,15,0,0,NET_BANKING,TRANSFER,IN
2657.51,45959.72,16,0,0,CARD,TRANSFER,IN
2925.87,48617.23,17,0,0,CARD,TRANSFER,IN
2997.39,51543.100000000006,18,0,0,CARD,DEPOSIT,IN
2196.61,54540.490000000005,19,1,0,CARD,TRANSFER,IN
27921.75,0.0,0,1,0,CARD,WITHDRAWAL,IN
23419.19,27921.75,1,0,0,UPI,TRANSFER,IN
10812.28,51340.94,2,1,0,NET_BANKING,DEPOSIT,IN
30131.56,62153.22,3,1,0,CARD,DEPOSIT,SG
13606.51,92284.78,4,0,0,CARD,WITHDRAWAL,IN
32393.58,105891.29,5,1,0,CARD,TRANSFER,IN
47596.73,138284.87,6,0,0,CARD,TRANSFER,IN
21421.05,185881.6,7,0,1,CARD,WITHDRAWAL,IN
39564.22,207302.65,8,0,1,CARD,TRANSFER,IN
20108.31,246866.87,9,0,1,CARD,DEPOSIT,IN
33490.96,266975.18,10,0,1,CARD,WITHDRAWAL,US
39519.19,300466.14,11,0,1,CARD,WITHDRAWAL,IN
47175.93,339985.33,12,0,0,CARD,WITHDRAWAL,IN
40370.19,387161.26,13,0,0,CARD,WITHDRAWAL,IN
38639.93,427531.45,14,0,0,CARD,WITHDRAWAL,IN
11386.44,466171.38,15,0,0,CARD,WITHDRAWAL,IN
10884.67,477557.82,16,0,0,CARD,WITHDRAWAL,IN
20203.2,488442.49,17,1,0,CARD,WITHDRAWAL,IN
18401.58,508645.69,18,0,0,NET_BANKING,DEPOSIT,IN
44262.24,527047.27,19,0,0,NET_BANKING,WITHDRAWAL,IN
16107.33,571309.51,20,0,0,CARD,WITHDRAWAL,IN
31263.11,587416.84,21,0,0,NET_BANKING,WITHDRAWAL,IN
42523.13,618679.95,22,0,0,CARD,TRANSFER,IN
47959.2,661203.08,23,0,0,CARD,TRANSFER,IN
35998.51,647009.0599999999,21,0,0,UPI,DEPOSIT,IN
48137.42,683007.57,22,0,0,CARD,WITHDRAWAL,IN
31802.22,701013.43,22,0,0,UPI,TRANSFER,AE
15796.74,732815.65,23,1,0,CARD,WITHDRAWAL,IN
14936.91,735005.88,23,0,0,CARD,WITHDRAWAL,IN
19958.63,717549.21,23,0,0,CARD,WITHDRAWAL,IN
22825.12,689911.1100000001,23,0,0,UPI,TRANSFER,IN
39304.5,712736.2300000001,24,1,1,CARD,DEPOSIT,IN
36357.13,691055.4600000001,23,0,1,CARD,TRANSFER,SG
34990.07,673813.3200000001,22,0,1,CARD,TRANSFER,IN
39659.31,708803.39,23,0,1,CARD,TRANSFER,SG
6042.31,0.0,0,1,0,NET_BANKING,TRANSFER,IN
20741.66,6042.31,1,1,0,UPI,DEPOSIT,IN
10152.21,26783.97,2,1,0,UPI,TRANSFER,IN
18981.52,36936.18,3,1,0,UPI,DEPOSIT,IN
20010.08,55917.7,4,0,0,UPI,DEPOSIT,IN
24306.54,75927.78,5,0,0,NET_BANKING,TRANSFER,IN
22613.89,100234.32,6,1,1,UPI,WITHDRAWAL,IN
16996.85,122848.21,7,0,1,UPI,DEPOSIT,US
5907.51,139845.06,8,0,1,UPI,WITHDRAWAL,IN
19060.4,145752.57,9,0,1,UPI,DEPOSIT,US
5791.95,164812.97,10,0,1,UPI,WITHDRAWAL,IN
6033.97,170604.92,11,0,0,CARD,TRANSFER,IN
20866.34,176638.89,12,0,0,NET_BANKING,DEPOSIT,US
19479.88,197505.23,13,0,0,UPI,DEPOSIT,IN
7710.19,216985.11,14,1,0,UPI,TRANSFER,IN
22744.24,224695.3,15,0,0,UPI,DEPOSIT,IN
20072.25,247439.54,16,0,0,CARD,DEPOSIT,IN
15982.65,267511.79000000004,17,0,0,UPI,WITHDRAWAL,IN
12224.66,283494.44000000006,18,1,0,UPI,TRANSFER,SG
19281.91,295719.10000000003,19,0,0,UPI,DEPOSIT,IN
13300.84,315001.01,20,1,0,UPI,DEPOSIT,IN
11615.23,328301.85000000003,21,1,0,UPI,TRANSFER,IN
18582.74,339917.08,22,0,0,NET_BANKING,WITHDRAWAL,IN
19395.08,358499.82,23,1,0,UPI,TRANSFER,IN
16008.79,377894.9,24,0,0,UPI,TRANSFER,IN
7837.03,387861.37999999995,24,0,0,UPI,TRANSFER,IN
5685.44,364804.54,23,1,0,NET_BANKING,WITHDRAWAL,SG
20786.01,351508.46,23,1,0,UPI,TRANSFER,IN
9220.62,0.0,0,1,0,UPI,TRANSFER,IN
13167.91,9220.62,1,1,0,CARD,WITHDRAWAL,IN
7515.31,22388.53,2,0,0,UPI,WITHDRAWAL,IN
24799.98,29903.84,3,0,0,UPI,WITHDRAWAL,AE
9375.17,54703.82,4,0,0,UPI,DEPOSIT,SG
18791.81,64078.99,5,1,0,UPI,DEPOSIT,IN
23899.32,82870.8,6,0,1,UPI,WITHDRAWAL,IN
8459.18,106770.12,7,0,1,UPI,DEPOSIT,IN
23487.14,115229.3,8,0,1,NET_BANKING,DEPOSIT,IN
24838.22,138716.44,9,0,1,UPI,WITHDRAWAL,IN
13368.61,163554.66,10,0,0,CARD,DEPOSIT,IN
17043.89,176923.27000000002,11,0,0,UPI,DEPOSIT,IN
23644.68,193967.16000000003,12,0,0,UPI,DEPOSIT,IN
12214.13,217611.84000000003,13,1,0,UPI,DEPOSIT,IN
6509.3,229825.97000000003,14,0,0,UPI,DEPOSIT,IN
11206.98,236335.27,15,0,0,CARD,WITHDRAWAL,IN
10898.77,247542.25000000003,16,0,0,NET_BANKING,DEPOSIT,IN
20497.93,258441.02,17,1,0,UPI,TRANSFER,IN
14767.47,278938.95,18,0,0,UPI,TRANSFER,IN
15955.89,293706.42,19,0,0,UPI,WITHDRAWAL,IN
16846.7,309662.31,20,1,0,UPI,WITHDRAWAL,IN
9457.53,317288.38999999996,20,0,0,UPI,WITHDRAWAL,SG
14775.73,306062.7,19,0,0,UPI,DEPOSIT,IN
21673.91,296038.45,19,0,0,NET_BANKING,TRANSFER,IN
14236.61,317712.36,20,0,0,UPI,DEPOSIT,IN
15765.94,331948.97,21,0,0,UPI,DEPOSIT,IN
23443.24,319547.93,20,0,0,UPI,DEPOSIT,IN
20115.15,319091.85,20,1,1,UPI,WITHDRAWAL,IN
8468.44,307260.68000000005,19,0,1,UPI,DEPOSIT,IN
18767.06,315729.12000000005,20,0,1,UPI,DEPOSIT,IN
8793.08,309657.9600000001,20,0,0,UPI,TRANSFER,IN
12064.18,305082.43000000005,20,0,0,UPI,TRANSFER,IN
13560.7,317146.61000000004,21,1,0,UPI,WITHDRAWAL,IN
9876.56,313663.42000000004,21,0,0,UPI,WITHDRAWAL,IN
18706.39,299895.3,21,0,0,NET_BANKING,DEPOSIT,IN
16578.7,306387.56,21,0,0,UPI,TRANSFER,IN
21150.06,0.0,0,1,0,CARD,TRANSFER,IN
11307.98,21150.06,1,1,0,CARD,WITHDRAWAL,IN
11450.12,32458.04,2,0,0,NET_BANKING,TRANSFER,US
15748.54,43908.16,3,0,0,CARD,TRANSFER,IN
13645.05,59656.7,4,0,0,CARD,DEPOSIT,IN
6248.87,73301.75,5,0,0,NET_BANKING,DEPOSIT,IN
20410.31,79550.62,6,0,0,CARD,TRANSFER,IN
18574.85,99960.93,7,0,0,CARD,WITHDRAWAL,IN
19093.61,118535.78,8,0,0,CARD,WITHDRAWAL,IN
24148.88,137629.39,9,0,0,CARD,TRANSFER,IN
23233.32,161778.27000000002,10,0,1,CARD,WITHDRAWAL,IN
8484.42,185011.59000000003,11,0,1,CARD,TRANSFER,IN
13795.08,193496.01000000004,12,0,1,CARD,WITHDRAWAL,IN
10210.54,207291.09000000003,13,0,0,CARD,DEPOSIT,IN
12565.95,217501.63000000003,14,0,0,CARD,TRANSFER,IN
7829.92,230067.58000000005,15,1,0,CARD,TRANSFER,IN
11400.69,237897.5000000001,16,1,0,CARD,DEPOSIT,IN
14013.39,249298.1900000001,17,0,0,CARD,WITHDRAWAL,IN
6528.51,263311.5800000001,18,0,0,CARD,TRANSFER,IN
8080.31,269840.0900000001,19,0,0,CARD,DEPOSIT,IN
11094.11,277920.4000000001,20,1,0,NET_BANKING,TRANSFER,IN
15922.39,289014.51000000007,21,0,0,CARD,WITHDRAWAL,IN
21589.35,304936.9000000001,22,0,0,CARD,TRANSFER,IN
9255.39,326526.25000000006,23,0,0,CARD,DEPOSIT,IN
22725.85,335781.6400000001,24,0,0,NET_BANKING,TRANSFER,IN
17741.06,358507.49000000005,25,0,0,CARD,WITHDRAWAL,IN
20101.29,376248.5500000001,26,0,0,CARD,DEPOSIT,IN
18993.75,396349.84,27,0,0,NET_BANKING,DEPOSIT,IN
18084.42,382885.55,26,1,0,CARD,TRANSFER,IN
11207.61,373771.31,25,0,0,CARD,DEPOSIT,IN
7882.98,371333.86999999994,25,0,0,CARD,DEPOSIT,IN
18645.1,379216.8499999999,26,0,0,CARD,DEPOSIT,IN
13948.89,391613.0799999999,26,1,0,CARD,DEPOSIT,IN
5088.47,323334.31999999995,23,0,0,CARD,TRANSFER,AE
18300.34,305189.4699999999,23,1,1,CARD,WITHDRAWAL,IN
16611.37,323489.80999999994,24,0,1,CARD,DEPOSIT,IN
10927.08,340101.17999999993,25,0,1,UPI,DEPOSIT,IN
22009.64,351028.25999999995,26,0,1,CARD,WITHDRAWAL,IN
5801.3,364553.48,26,0,1,CARD,DEPOSIT,IN
2658.16,0.0,0,1,0,UPI,TRANSFER,IN
4646.6,2658.16,1,1,0,UPI,TRANSFER,IN
1949.48,7304.76,2,0,0,NET_BANKING,WITHDRAWAL,IN
3563.79,9254.24,3,1,0,UPI,WITHDRAWAL,SG
4563.64,12818.03,4,0,0,NET_BANKING,DEPOSIT,IN
1944.64,17381.67,5,0,0,UPI,TRANSFER,IN
2077.31,19326.31,6,0,1,UPI,DEPOSIT,IN
4542.48,21403.62,7,0,1,NET_BANKING,DEPOSIT,IN
2522.63,25946.1,8,1,1,UPI,TRANSFER,IN
4383.37,28468.73,9,0,0,UPI,WITHDRAWAL,IN
4465.1,32852.1,10,0,0,CARD,TRANSFER,IN
4321.73,37317.2,11,1,0,UPI,DEPOSIT,US
3574.61,41638.92999999999,12,0,0,UPI,DEPOSIT,IN
3133.01,45213.53999999999,13,0,0,UPI,TRANSFER,IN
3356.09,48346.55,14,0,0,UPI,DEPOSIT,IN
4522.74,51702.64,15,0,0,CARD,TRANSFER,IN
1041.42,56225.38,16,0,0,UPI,WITHDRAWAL,IN
4664.49,57266.8,17,0,0,UPI,TRANSFER,IN
3617.94,61931.28999999999,18,0,0,NET_BANKING,WITHDRAWAL,IN
2079.75,65549.23,19,0,0,UPI,WITHDRAWAL,IN
2201.67,60324.22,18,0,0,UPI,DEPOSIT,IN
4171.84,62525.89,19,0,0,CARD,WITHDRAWAL,IN
3854.63,64748.249999999985,19,0,0,UPI,WITHDRAWAL,IN
1706.74,65039.08999999999,19,0,0,UPI,WITHDRAWAL,SG
4427.42,66745.82999999999,20,0,0,UPI,TRANSFER,SG
2200.93,71173.24999999999,21,0,0,CARD,DEPOSIT,IN
2729.0,66865.89999999998,20,0,0,CARD,WITHDRAWAL,IN
4210.17,69594.89999999998,21,0,1,NET_BANKING,TRANSFER,AE
2693.07,71727.76,21,0,1,UPI,TRANSFER,US
4221.85,69878.35,21,1,1,UPI,WITHDRAWAL,IN
3954.83,74100.20000000001,22,0,1,UPI,WITHDRAWAL,IN
3195.8,78055.03000000001,23,0,1,CARD,WITHDRAWAL,IN
2428.42,78728.2,23,1,1,UPI,WITHDRAWAL,IN
3631.07,76773.24999999999,23,0,0,UPI,WITHDRAWAL,IN
10447.65,0.0,0,1,0,CARD,WITHDRAWAL,IN
75875.4653982554,10447.65,1,0,0,NET_BANKING,WITHDRAWAL,IN
23941.36,86323.1153982554,2,1,0,NET_BANKING,DEPOSIT,IN
37901.67418225048,110264.4753982554,3,0,0,NET_BANKING,DEPOSIT,IN
8230.5,148166.14958050588,4,0,0,NET_BANKING,WITHDRAWAL,IN
16814.24,156396.64958050588,5,0,0,NET_BANKING,DEPOSIT,SG
23829.85,173210.88958050587,6,0,1,NET_BANKING,WITHDRAWAL,IN
58911.17113801985,197040.73958050588,7,0,1,NET_BANKING,WITHDRAWAL,IN
19496.49,255951.91071852573,8,0,1,NET_BANKING,TRANSFER,IN
15717.62,275448.40071852575,9,0,0,NET_BANKING,DEPOSIT,SG
39801.56950200678,291166.02071852575,10,0,0,NET_BANKING,WITHDRAWAL,IN
5425.24,330967.5902205325,11,0,0,NET_BANKING,DEPOSIT,IN
8748.63,336392.8302205325,12,0,0,NET_BANKING,WITHDRAWAL,IN
53318.62133055839,345141.4602205325,13,0,0,CARD,DEPOSIT,IN
20852.48,398460.0815510909,14,0,0,NET_BANKING,TRANSFER,IN
11347.28,419312.56155109085,15,1,0,NET_BANKING,WITHDRAWAL,SG
17383.83,430659.8415510909,16,0,0,CARD,WITHDRAWAL,IN
11294.17,448043.6715510909,17,0,0,NET_BANKING,DEPOSIT,IN
5891.29,448890.19155109086,17,0,0,NET_BANKING,TRANSFER,IN
17028.3,378906.01615283545,17,0,0,UPI,WITHDRAWAL,IN
12537.72,395934.31615283544,18,0,0,NET_BANKING,WITHDRAWAL,IN
19902.93,408472.0361528354,19,0,0,CARD,DEPOSIT,IN
19529.91,404433.6061528354,19,1,0,NET_BANKING,TRANSFER,IN
24997.92,377831.34197058494,18,0,0,CARD,DEPOSIT,IN
3617.29,0.0,0,1,0,CARD,WITHDRAWAL,IN
9187.05,3617.29,1,1,0,NET_BANKING,WITHDRAWAL,IN
6458.58,12804.34,2,0,0,NET_BANKING,WITHDRAWAL,IN
11882.45,19262.92,3,0,0,CARD,TRANSFER,IN
3208.22,31145.37,4,0,1,NET_BANKING,WITHDRAWAL,IN
9347.34,34353.59,5,0,1,NET_BANKING,TRANSFER,IN
3808.08,43700.92999999999,6,0,1,CARD,TRANSFER,AE
2584.1,47509.009999999995,7,0,1,NET_BANKING,WITHDRAWAL,IN
11910.8,50093.10999999999,8,0,0,CARD,DEPOSIT,IN
9751.36,62003.90999999999,9,0,0,NET_BANKING,WITHDRAWAL,SG
9971.37863714372,71755.26999999999,10,1,0,NET_BANKING,TRANSFER,IN
5843.44,81726.6486371437,11,0,0,NET_BANKING,WITHDRAWAL,US
4613.47,87570.08863714371,12,0,0,NET_BANKING,WITHDRAWAL,AE
4706.9,92183.55863714372,13,1,0,NET_BANKING,TRANSFER,AE
37733.813201638,96890.4586371437,14,0,0,NET_BANKING,WITHDRAWAL,IN
4801.16,134624.27183878171,15,1,0,NET_BANKING,WITHDRAWAL,IN
18183.769587330116,139425.43183878172,16,0,0,NET_BANKING,DEPOSIT,IN
5427.34,157609.20142611183,17,0,0,NET_BANKING,TRANSFER,SG
11392.05,163036.54142611183,18,0,0,CARD,DEPOSIT,IN
9833.08,174428.59142611182,19,0,0,NET_BANKING,TRANSFER,IN
6928.0,180644.3814261118,19,1,0,CARD,WITHDRAWAL,IN
10614.49,187572.3814261118,20,0,0,UPI,DEPOSIT,IN
8770.28,182541.2414261118,19,1,0,CARD,WITHDRAWAL,IN
7325.54,179429.0714261118,19,0,0,NET_BANKING,WITHDRAWAL,AE
8337.76,186754.6114261118,20,0,0,NET_BANKING,TRANSFER,IN
11911.08,195092.3714261118,21,0,1,NET_BANKING,WITHDRAWAL,IN
11421.59,203795.2314261118,21,0,1,NET_BANKING,DEPOSIT,IN
10458.15,205869.48142611183,21,0,1,CARD,TRANSFER,IN
2633.33,212519.55142611184,21,0,1,UPI,WITHDRAWAL,IN
8512.71,215152.88142611185,22,0,1,NET_BANKING,TRANSFER,IN
10207.324918078471,221081.4914261118,22,0,1,NET_BANKING,WITHDRAWAL,IN
8144.01,231288.81634419027,23,0,0,CARD,TRANSFER,IN
12027.18,227522.02634419024,23,0,0,NET_BANKING,TRANSFER,IN
7038.59,229797.84634419027,23,1,0,UPI,TRANSFER,IN
8324.58,221021.6177070465,22,0,0,NET_BANKING,WITHDRAWAL,IN
6183.79,229346.19770704652,23,0,0,NET_BANKING,TRANSFER,IN
2828.07,230916.51770704653,23,0,0,NET_BANKING,TRANSFER,IN
11490.116921191897,229037.68770704657,23,1,0,NET_BANKING,DEPOSIT,AE
4536.74,0.0,0,1,0,CARD,TRANSFER,IN
2038.83,4536.74,1,1,0,NET_BANKING,DEPOSIT,IN
1299.46,6575.57,2,0,0,CARD,WITHDRAWAL,IN
4410.39,7875.03,3,0,0,CARD,DEPOSIT,IN
2468.62,12285.42,4,0,0,NET_BANKING,TRANSFER,IN
3400.82,14754.04,5,0,0,CARD,WITHDRAWAL,IN
4412.75,18154.86,6,1,0,CARD,WITHDRAWAL,IN
3552.58,22567.61,7,0,0,CARD,WITHDRAWAL,IN
4761.36,26120.19,8,1,0,CARD,WITHDRAWAL,IN
4730.68,30881.550000000003,9,0,0,CARD,DEPOSIT,IN
2428.0,35612.23,10,0,1,UPI,DEPOSIT,IN
3939.11,38040.23,11,0,1,UPI,WITHDRAWAL,IN
2680.68,41979.34,12,1,1,UPI,DEPOSIT,IN
4340.96,44660.02,13,0,1,CARD,TRANSFER,US
1246.58,49000.98,14,0,0,CARD,TRANSFER,IN
1551.98,50247.560000000005,15,0,0,CARD,WITHDRAWAL,IN
4725.09,51799.54000000001,16,0,0,CARD,DEPOSIT,IN
2577.1,56524.630000000005,17,0,0,CARD,DEPOSIT,IN
1341.71,59101.73,18,0,0,UPI,TRANSFER,IN
4915.3,60443.44,19,0,0,CARD,TRANSFER,IN
2306.19,65358.740000000005,20,0,0,NET_BANKING,TRANSFER,US
1006.44,67664.93000000001,21,0,0,CARD,WITHDRAWAL,IN
12043.91,0.0,0,1,0,UPI,WITHDRAWAL,IN
15173.43,12043.91,1,0,0,UPI,WITHDRAWAL,IN
6078.7,27217.34,2,0,0,UPI,WITHDRAWAL,IN
5566.5,33296.04,3,0,0,UPI,WITHDRAWAL,IN
7517.13,38862.54,4,0,0,UPI,WITHDRAWAL,IN
14524.21,46379.67,5,0,0,UPI,DEPOSIT,IN
19444.86,60903.88,6,0,0,NET_BANKING,DEPOSIT,IN
12974.65,80348.73999999999,7,1,1,UPI,DEPOSIT,IN
23264.02,93323.38999999998,8,0,1,UPI,TRANSFER,IN
5358.42,116587.41,9,0,1,UPI,DEPOSIT,IN
7691.02,121945.83,10,0,1,UPI,TRANSFER,IN
13585.6,129636.85,11,1,0,UPI,TRANSFER,IN
12797.05,143222.44999999998,12,0,0,CARD,DEPOSIT,IN
7493.39,156019.49999999997,13,0,0,UPI,DEPOSIT,IN
8619.01,163512.88999999998,14,0,0,UPI,DEPOSIT,IN
18824.58,0.0,0,1,0,NET_BANKING,WITHDRAWAL,IN
15091.59,18824.58,1,0,0,CARD,TRANSFER,IN
9658.94,33916.17,2,0,0,NET_BANKING,TRANSFER,SG
14867.45,43575.11,3,1,0,NET_BANKING,WITHDRAWAL,SG
15734.92,58442.56,4,0,0,NET_BANKING,DEPOSIT,IN
18275.31,74177.48,5,0,0,NET_BANKING,WITHDRAWAL,IN
8045.23,92452.79,6,0,0,NET_BANKING,DEPOSIT,IN
6474.69,100498.02,7,0,0,UPI,TRANSFER,IN
22324.14,106972.71,8,0,1,NET_BANKING,TRANSFER,IN
22401.45,129296.85,9,0,1,NET_BANKING,DEPOSIT,IN
8520.26,151698.3,10,0,1,NET_BANKING,TRANSFER,US
24614.65,160218.56,11,0,1,NET_BANKING,TRANSFER,IN
13979.76,184833.21,12,0,1,NET_BANKING,TRANSFER,US
21505.08,198812.97,13,0,0,NET_BANKING,WITHDRAWAL,IN
9454.68,220318.05,14,0,0,CARD,TRANSFER,IN
5693.59,229772.73,15,0,0,CARD,TRANSFER,IN
24310.13,235466.32,16,0,0,NET_BANKING,TRANSFER,IN
10031.24,259776.45,17,0,0,NET_BANKING,DEPOSIT,IN
6256.84,269807.69,18,0,0,NET_BANKING,WITHDRAWAL,AE
15861.9,276064.53,19,0,0,UPI,TRANSFER,AE
22411.91,291926.43000000005,20,1,0,NET_BANKING,WITHDRAWAL,AE
9354.02,314338.34,21,0,0,NET_BANKING,TRANSFER,AE
12270.97,289776.19,20,1,0,NET_BANKING,DEPOSIT,IN
10829.64,302047.16,21,0,0,NET_BANKING,WITHDRAWAL,IN
11663.57,312876.8,22,0,0,NET_BANKING,TRANSFER,IN
24143.71,314881.43,22,1,0,CARD,DEPOSIT,IN
17385.3,324157.69,22,0,0,NET_BANKING,DEPOSIT,US
15751.1,299487.52999999997,20,0,0,NET_BANKING,TRANSFER,IN
17283.5,308763.93999999994,20,0,1,NET_BANKING,TRANSFER,IN
19877.89,326047.43999999994,21,0,1,CARD,WITHDRAWAL,SG
16155.5,323601.19,21,0,1,NET_BANKING,DEPOSIT,SG
13374.43,339756.69,22,0,1,NET_BANKING,DEPOSIT,IN
23599.23,330729.67,22,0,1,NET_BANKING,WITHDRAWAL,SG
20607.41,354328.89999999997,23,0,1,NET_BANKING,WITHDRAWAL,IN
14532.69,327821.63999999996,21,1,0,NET_BANKING,DEPOSIT,AE
1503.37,0.0,0,1,0,CARD,TRANSFER,IN
4125.08,1503.37,1,0,0,CARD,DEPOSIT,IN
13685.80601992736,5628.45,2,0,0,CARD,WITHDRAWAL,IN
2125.87,19314.25601992736,3,0,0,UPI,TRANSFER,IN
3016.66,21440.126019927357,4,0,0,CARD,TRANSFER,IN
2250.47,24456.786019927356,5,1,0,CARD,WITHDRAWAL,IN
3955.24,26707.25601992736,6,0,0,CARD,WITHDRAWAL,IN
4211.79,30662.496019927356,7,0,0,CARD,WITHDRAWAL,IN
3117.58,34874.28601992736,8,1,1,CARD,WITHDRAWAL,IN
4492.72,37991.86601992736,9,0,1,CARD,DEPOSIT,IN
14734.1566014376,42484.58601992736,10,0,1,CARD,TRANSFER,IN
4762.47,57218.74262136496,11,0,0,NET_BANKING,DEPOSIT,SG
2222.2,61981.21262136496,12,0,0,UPI,WITHDRAWAL,IN
3949.24,64203.41262136496,13,0,0,CARD,WITHDRAWAL,IN
3744.19,68152.65262136496,14,0,0,CARD,WITHDRAWAL,IN
1747.8,71896.84262136497,15,0,0,CARD,WITHDRAWAL,IN
8609.575428147838,73644.64262136497,16,0,0,NET_BANKING,TRANSFER,IN
1691.65,82254.21804951281,17,1,0,NET_BANKING,TRANSFER,IN
3162.04,83945.8680495128,18,1,0,NET_BANKING,WITHDRAWAL,AE
3030.35,87107.9080495128,19,0,0,UPI,DEPOSIT,IN
2619.73,90138.2580495128,20,0,0,CARD,TRANSFER,IN
4173.74,92757.9880495128,21,0,0,CARD,TRANSFER,IN
15379.368557159489,96931.7280495128,22,0,0,CARD,WITHDRAWAL,IN
4795.41,112311.09660667228,23,0,0,CARD,WITHDRAWAL,IN
2973.29,115603.1366066723,23,0,0,CARD,WITHDRAWAL,IN
11424.923358894031,118576.42660667228,24,1,0,CARD,TRANSFER,IN
1422.98,112190.46394563896,23,0,0,CARD,DEPOSIT,US
3259.33,108470.91394563894,22,1,0,CARD,DEPOSIT,IN
4491.8,105524.53394563896,21,0,0,CARD,WITHDRAWAL,IN
2412.22,105804.54394563896,21,0,0,CARD,WITHDRAWAL,IN
1454.22,108216.76394563896,22,0,1,CARD,TRANSFER,IN
1080.67,0.0,0,1,0,UPI,DEPOSIT,IN
4810.71,1080.67,1,0,0,CARD,WITHDRAWAL,IN
3124.84,5891.38,2,0,0,CARD,DEPOSIT,IN
3087.61,9016.22,3,0,0,CARD,DEPOSIT,IN
4115.78,12103.830000000002,4,0,0,CARD,WITHDRAWAL,IN
1807.52,16219.61,5,0,0,CARD,WITHDRAWAL,IN
1038.63,18027.13,6,0,1,UPI,DEPOSIT,IN
2191.01,19065.76,7,0,1,CARD,WITHDRAWAL,IN
1112.84,21256.770000000004,8,0,1,CARD,WITHDRAWAL,IN
1833.5,22369.610000000004,9,0,1,UPI,TRANSFER,IN
4354.29,24203.110000000004,10,0,1,CARD,DEPOSIT,SG
3211.99,28557.400000000005,11,0,0,UPI,WITHDRAWAL,IN
4917.92,31769.390000000007,12,0,0,CARD,TRANSFER,IN
2895.16,36687.310000000005,13,0,0,CARD,DEPOSIT,IN
4351.41,39582.47,14,0,0,UPI,DEPOSIT,IN
3428.64,43933.880000000005,15,0,0,CARD,TRANSFER,IN
3035.54,47362.52,16,1,0,CARD,WITHDRAWAL,IN
4018.1,50398.060000000005,17,0,0,CARD,TRANSFER,IN
4619.95,54416.16,18,0,0,CARD,WITHDRAWAL,IN
14938.18,0.0,0,1,0,UPI,WITHDRAWAL,IN
41005.13,14938.18,1,0,0,UPI,TRANSFER,SG
43514.45,55943.31,2,0,0,UPI,WITHDRAWAL,IN
35451.09,99457.76,3,1,0,UPI,WITHDRAWAL,IN
39677.99,134908.84999999998,4,0,0,UPI,TRANSFER,IN
63433.31824325513,174586.83999999997,5,1,0,UPI,TRANSFER,SG
48769.77,238020.1582432551,6,0,0,UPI,WITHDRAWAL,IN
38602.23,286789.9282432551,7,1,1,UPI,DEPOSIT,IN
11747.62,325392.1582432551,8,0,1,UPI,TRANSFER,IN
29199.28,337139.7782432551,9,0,1,UPI,WITHDRAWAL,IN
12146.12,366339.05824325513,10,1,1,UPI,WITHDRAWAL,IN
38159.5,378485.1782432551,11,1,0,UPI,WITHDRAWAL,IN
31448.01,416644.6782432551,12,1,0,UPI,WITHDRAWAL,IN
14727.7,448092.68824325514,13,1,0,UPI,DEPOSIT,IN
24913.67,462820.38824325515,14,0,0,UPI,WITHDRAWAL,IN
55117.13040093516,487734.05824325513,15,0,0,UPI,DEPOSIT,AE
96928.04259521751,542851.1886441903,16,0,0,CARD,DEPOSIT,IN
59899.20898728527,639779.2312394078,17,0,0,UPI,DEPOSIT,IN
44967.86,699678.440226693,18,0,0,CARD,DEPOSIT,IN
48139.40258038183,744646.300226693,19,0,0,CARD,TRANSFER,IN
106186.97568454916,792785.7028070749,20,0,0,NET_BANKING,DEPOSIT,US
45412.81,898972.6784916241,21,0,0,UPI,WITHDRAWAL,IN
42307.07,944385.488491624,22,0,0,UPI,DEPOSIT,IN
35632.202410330145,887234.7984916241,20,0,0,CARD,TRANSFER,IN
98743.31794780264,847737.9209019542,19,0,0,CARD,TRANSFER,SG
49204.15219172171,883047.9206065016,19,0,0,UPI,DEPOSIT,IN
23538.09,883482.3027982233,19,0,1,UPI,WITHDRAWAL,SG
16492.6,868418.1627982233,19,0,1,UPI,TRANSFER,IN
30807.0,873163.1427982234,19,0,1,NET_BANKING,WITHDRAWAL,SG
11087.9,0.0,0,1,0,CARD,TRANSFER,IN
5184.71,11087.9,1,0,0,CARD,WITHDRAWAL,IN
7671.4,16272.61,2,0,0,CARD,WITHDRAWAL,IN
5556.04,23944.01,3,0,0,CARD,TRANSFER,IN
9016.06,29500.050000000003,4,0,0,CARD,WITHDRAWAL,IN
4955.56,38516.11,5,1,0,CARD,WITHDRAWAL,SG
11213.17,43471.67,6,0,1,CARD,WITHDRAWAL,IN
8164.87,54684.84,7,0,1,CARD,WITHDRAWAL,IN
8605.23,62849.71,8,0,1,CARD,WITHDRAWAL,IN
7479.76,71454.94,9,0,1,CARD,DEPOSIT,IN
7547.25,78934.7,10,1,1,CARD,DEPOSIT,IN
23345.374576676048,86481.95,11,1,0,UPI,WITHDRAWAL,IN
14698.03294670477,109827.32457667604,12,0,0,NET_BANKING,DEPOSIT,SG
13432.383712122082,124525.3575233808,13,0,0,UPI,DEPOSIT,IN
9927.97,137957.74123550288,14,0,0,NET_BANKING,TRANSFER,IN
32139.48514063342,147885.71123550288,15,0,0,NET_BANKING,WITHDRAWAL,AE
9789.595549212458,180025.1963761363,16,0,0,CARD,TRANSFER,IN
3245.4,189814.79192534875,17,0,0,CARD,DEPOSIT,US
33573.91460005911,193060.1919253487,18,0,0,CARD,DEPOSIT,IN
10561.15,226634.10652540787,19,0,0,CARD,TRANSFER,IN
4194.45,237195.2565254079,20,0,0,CARD,TRANSFER,IN
8961.11,241389.70652540788,21,0,0,CARD,TRANSFER,IN
37258.64700980312,250350.8165254079,22,0,0,CARD,WITHDRAWAL,IN
7899.14,287609.463535211,23,1,0,CARD,WITHDRAWAL,IN
4810.29,295508.603535211,24,0,0,CARD,TRANSFER,IN
8755.11,300318.893535211,25,0,0,CARD,DEPOSIT,IN
45187.079665349826,309074.00353521097,26,1,0,UPI,DEPOSIT,IN
8730.57,343173.18320056074,26,0,0,CARD,DEPOSIT,IN
10902.75,346719.0432005608,26,0,0,CARD,TRANSFER,US
19206.202310737783,357621.7932005608,27,0,0,CARD,DEPOSIT,IN
21407.705410205625,363600.55551129865,26,0,0,UPI,TRANSFER,IN
6139.88,385008.2609215043,27,1,0,CARD,WITHDRAWAL,IN
23517.64659168925,377176.5209215043,26,0,1,CARD,TRANSFER,IN
8760.07,389480.9975131936,26,0,1,CARD,WITHDRAWAL,IN
6372.65,381470.9675131935,25,0,1,NET_BANKING,DEPOSIT,IN
7008.29,372816.6075131936,24,0,1,CARD,DEPOSIT,IN
18859.89,0.0,0,1,0,CARD,TRANSFER,IN
17013.81,18859.89,1,0,0,CARD,WITHDRAWAL,IN
42894.87,35873.7,2,0,0,CARD,TRANSFER,IN
26864.46,78768.57,3,1,0,CARD,TRANSFER,IN
17906.98,105633.03,4,0,0,CARD,WITHDRAWAL,IN
23928.44,123540.01,5,0,0,CARD,WITHDRAWAL,SG
11497.86,147468.44999999998,6,0,0,CARD,DEPOSIT,IN
46414.52,158966.31,7,1,0,CARD,DEPOSIT,IN
27274.32,205380.83,8,0,1,CARD,DEPOSIT,SG
29626.31,232655.15,9,0,1,CARD,TRANSFER,IN
43247.21,262281.46,10,0,1,CARD,TRANSFER,IN
48457.6,305528.67000000004,11,0,1,CARD,WITHDRAWAL,IN
32447.68,353986.27,12,0,0,NET_BANKING,TRANSFER,IN
42355.1,386433.95,13,0,0,CARD,TRANSFER,IN
10449.95,428789.05,14,0,0,CARD,DEPOSIT,SG
12545.13,439239.0,15,0,0,CARD,DEPOSIT,IN
41679.92,451784.13,16,0,0,CARD,TRANSFER,IN
21372.69,493464.05,17,0,0,CARD,TRANSFER,US
37731.74,514836.74,18,0,0,CARD,WITHDRAWAL,AE
41619.31,552568.48,19,0,0,CARD,TRANSFER,IN
33036.25,594187.79,20,0,0,CARD,WITHDRAWAL,IN
40984.96,627224.04,21,0,0,NET_BANKING,TRANSFER,IN
22155.87,668209.0,22,0,0,CARD,TRANSFER,IN
10546.68,690364.87,23,0,0,CARD,TRANSFER,IN
22216.07,700911.55,24,1,0,CARD,TRANSFER,IN
31051.81,723127.62,25,0,0,CARD,WITHDRAWAL,IN
42981.58,754179.43,26,0,0,CARD,TRANSFER,IN
45099.1,797161.01,27,0,0,UPI,WITHDRAWAL,IN
32739.64,806386.4099999999,26,0,0,CARD,DEPOSIT,IN
30849.87,751459.74,24,0,0,CARD,WITHDRAWAL,IN
25457.49,746883.31,23,0,0,NET_BANKING,TRANSFER,IN
32075.13,772340.8,24,0,0,CARD,TRANSFER,SG
7742.03,0.0,0,1,0,UPI,TRANSFER,IN
4249.93,7742.03,1,0,0,UPI,TRANSFER,IN
4923.2,11991.96,2,0,0,UPI,WITHDRAWAL,IN
7935.93,16915.16,3,1,0,NET_BANKING,WITHDRAWAL,US
5964.29,24851.09,4,0,0,UPI,TRANSFER,SG
7087.63,30815.38,5,0,0,UPI,TRANSFER,IN
10363.18,37903.01,6,0,0,UPI,TRANSFER,IN
9126.57,48266.19,7,0,1,CARD,WITHDRAWAL,IN
6702.64,57392.76,8,0,1,UPI,TRANSFER,IN
6033.35,64095.4,9,1,1,UPI,WITHDRAWAL,IN
12408.42,70128.75,10,0,1,UPI,WITHDRAWAL,IN
9826.65,82537.17,11,0,1,UPI,DEPOSIT,IN
10573.69,92363.82,12,1,0,CARD,TRANSFER,IN
4285.22,102937.51,13,0,0,NET_BANKING,TRANSFER,IN
5562.64,107222.73,14,0,0,UPI,TRANSFER,IN
7067.61,112785.37,15,0,0,UPI,TRANSFER,IN
9754.7,119852.98,16,0,0,UPI,TRANSFER,IN
5586.35,129607.68,17,1,0,UPI,DEPOSIT,IN
10032.7,135194.03,18,0,0,UPI,DEPOSIT,IN
11109.94,145226.73,19,0,0,UPI,TRANSFER,IN
11703.33,144344.71000000002,18,0,0,UPI,TRANSFER,IN
3268.07,143188.90999999997,17,1,0,UPI,WITHDRAWAL,IN
6471.1,140492.69,17,0,0,UPI,DEPOSIT,IN
8623.43,129512.98,16,0,0,UPI,TRANSFER,IN
5028.33,138136.41,17,0,0,UPI,WITHDRAWAL,IN
10872.88,134038.17,17,0,1,UPI,WITHDRAWAL,IN
5537.73,138208.41,17,0,1,UPI,DEPOSIT,IN
6903.24,143746.14,18,0,1,UPI,WITHDRAWAL,IN
2539.58,150649.38,19,0,1,UPI,DEPOSIT,IN
5818.38,147155.61000000002,19,1,1,UPI,TRANSFER,IN
12068.77,152973.99000000002,20,0,1,UPI,TRANSFER,AE
10984.42,142807.69000000003,19,0,0,CARD,DEPOSIT,IN
8437.97,153792.11000000004,20,0,0,CARD,DEPOSIT,IN
8203.43,151656.39000000004,20,0,0,UPI,WITHDRAWAL,IN
4463.02,159859.82000000004,21,0,0,NET_BANKING,DEPOSIT,AE
4082.29,160037.62,21,1,0,UPI,TRANSFER,IN
11630.1,158557.27000000002,21,0,0,UPI,DEPOSIT,IN
11418.21,0.0,0,1,0,NET_BANKING,DEPOSIT,IN
16309.7,11418.21,1,0,0,NET_BANKING,TRANSFER,IN
8309.56,27727.91,2,0,0,UPI,DEPOSIT,IN
19070.36,36037.47,3,1,0,CARD,WITHDRAWAL,IN
22785.09,55107.83,4,0,0,NET_BANKING,DEPOSIT,IN
17224.96,77892.92,5,0,0,UPI,TRANSFER,IN
6854.98,95117.88,6,0,0,NET_BANKING,DEPOSIT,AE
16202.29,101972.86,7,0,0,NET_BANKING,WITHDRAWAL,IN
10853.52,118175.15,8,0,1,NET_BANKING,TRANSFER,IN
19880.33,129028.67,9,0,1,NET_BANKING,TRANSFER,IN
23004.9,148909.0,10,0,1,NET_BANKING,TRANSFER,IN
5269.54,171913.9,11,1,1,NET_BANKING,WITHDRAWAL,IN
22739.85,177183.44,12,0,1,NET_BANKING,TRANSFER,IN
23107.66,199923.29,13,1,0,UPI,TRANSFER,IN
23542.12,223030.95,14,0,0,NET_BANKING,WITHDRAWAL,IN
9924.58,246573.07,15,0,0,NET_BANKING,WITHDRAWAL,IN
16866.47,256497.65,16,0,0,NET_BANKING,WITHDRAWAL,IN
15418.7,273364.12,17,1,0,NET_BANKING,TRANSFER,IN
13230.38,288782.82,18,0,0,NET_BANKING,TRANSFER,IN
12687.76,302013.2,19,0,0,NET_BANKING,WITHDRAWAL,IN
21324.08,314700.96,20,1,0,NET_BANKING,DEPOSIT,IN
23549.11,336025.04000000004,21,1,0,NET_BANKING,TRANSFER,IN
12098.57,359574.15,22,0,0,NET_BANKING,DEPOSIT,IN
17816.84,371672.72,23,0,0,NET_BANKING,DEPOSIT,IN
13125.28,389489.56000000006,24,0,0,NET_BANKING,TRANSFER,IN
16937.63,402614.8400000001,25,0,0,CARD,WITHDRAWAL,IN
11817.35,408134.26000000007,25,0,0,NET_BANKING,WITHDRAWAL,IN
9768.77,419951.61,26,0,0,NET_BANKING,DEPOSIT,IN
17304.56,386030.76000000007,24,0,0,NET_BANKING,WITHDRAWAL,IN
11832.38,380550.23,24,0,0,NET_BANKING,WITHDRAWAL,US
6664.13,352100.38000000006,22,0,0,NET_BANKING,TRANSFER,IN
14274.53,358764.51000000007,23,0,1,NET_BANKING,WITHDRAWAL,US
16621.92,362185.5200000001,23,1,1,NET_BANKING,DEPOSIT,AE
9376.37,378807.44000000006,24,0,1,UPI,DEPOSIT,IN
9421.18,0.0,0,1,0,UPI,TRANSFER,IN
12348.62,9421.18,1,0,0,NET_BANKING,TRANSFER,IN
9349.01,21769.800000000003,2,0,0,UPI,WITHDRAWAL,IN
10812.73,31118.810000000005,3,0,0,UPI,WITHDRAWAL,IN
12484.25,41931.54000000001,4,1,0,UPI,DEPOSIT,IN
10529.92,54415.79000000001,5,0,1,UPI,DEPOSIT,SG
6137.76,64945.71000000001,6,0,1,UPI,WITHDRAWAL,IN
6774.56,71083.47,7,0,1,NET_BANKING,TRANSFER,IN
3810.5,77858.03,8,0,1,CARD,DEPOSIT,IN
10080.52,81668.53,9,0,1,UPI,WITHDRAWAL,US
10136.53,91749.05,10,0,1,UPI,DEPOSIT,IN
4692.64,101885.58,11,1,0,UPI,DEPOSIT,IN
2682.84,106578.22,12,0,0,NET_BANKING,WITHDRAWAL,IN
6361.21,109261.06,13,0,0,UPI,DEPOSIT,IN
6964.61,115622.27,14,0,0,UPI,DEPOSIT,IN
7276.15,122586.88,15,1,0,UPI,TRANSFER,IN
19150.78,0.0,0,1,0,NET_BANKING,WITHDRAWAL,AE
21117.37,19150.78,1,0,0,NET_BANKING,WITHDRAWAL,IN
29264.58,40268.149999999994,2,0,0,NET_BANKING,DEPOSIT,US
47258.91,69532.73,3,0,0,NET_BANKING,DEPOSIT,IN
15680.23,116791.64,4,0,0,NET_BANKING,DEPOSIT,IN
46074.63,132471.87,5,0,0,NET_BANKING,WITHDRAWAL,IN
26976.3,178546.5,6,1,0,NET_BANKING,DEPOSIT,IN
33041.21,205522.8,7,0,0,NET_BANKING,WITHDRAWAL,IN
21441.12,238564.01,8,0,0,NET_BANKING,WITHDRAWAL,AE
20576.56,260005.13,9,0,1,UPI,DEPOSIT,IN
26987.53,280581.69,10,0,1,NET_BANKING,DEPOSIT,IN
22437.24,307569.22,11,0,1,NET_BANKING,WITHDRAWAL,IN
53378.622214369694,330006.45999999996,12,0,1,NET_BANKING,TRANSFER,IN
42502.87,383385.0822143697,13,0,1,NET_BANKING,DEPOSIT,IN
45674.29,425887.95221436967,14,0,0,CARD,TRANSFER,IN
25750.66,471562.2422143697,15,1,0,NET_BANKING,DEPOSIT,IN
22080.13,0.0,0,1,0,NET_BANKING,TRANSFER,IN
67648.58813279173,22080.13,1,1,0,NET_BANKING,DEPOSIT,IN
13386.25,89728.71813279174,2,0,0,NET_BANKING,TRANSFER,IN
5560.64,103114.96813279174,3,0,0,NET_BANKING,WITHDRAWAL,IN
18286.66,108675.60813279172,4,0,0,UPI,WITHDRAWAL,IN
9637.71,126962.26813279174,5,1,0,NET_BANKING,DEPOSIT,IN
18680.74,136599.97813279173,6,0,0,CARD,TRANSFER,IN
74233.54549178922,155280.71813279172,7,1,1,NET_BANKING,WITHDRAWAL,IN
38628.521383261526,229514.26362458093,8,0,1,NET_BANKING,TRANSFER,IN
15467.44,268142.78500784247,9,0,1,NET_BANKING,TRANSFER,IN
39279.88274476208,283610.22500784247,10,0,1,NET_BANKING,TRANSFER,IN
15579.63,322890.1077526045,11,0,0,NET_BANKING,DEPOSIT,IN
43725.66550789376,338469.73775260453,12,0,0,NET_BANKING,DEPOSIT,IN
24145.19,382195.4032604983,13,0,0,CARD,TRANSFER,IN
93969.70746246948,406340.5932604983,14,0,0,UPI,WITHDRAWAL,IN
20390.242304054445,500310.3007229678,15,0,0,NET_BANKING,TRANSFER,IN
13519.47,520700.5430270222,16,0,0,NET_BANKING,WITHDRAWAL,IN
17185.47,534220.0130270222,17,1,0,NET_BANKING,DEPOSIT,US
2872.31,0.0,0,1,0,NET_BANKING,TRANSFER,SG
6676.65,2872.31,1,1,0,NET_BANKING,DEPOSIT,IN
6467.56,9548.96,2,0,0,NET_BANKING,WITHDRAWAL,SG
6974.78,16016.52,3,0,1,UPI,WITHDRAWAL,SG
8956.99,22991.3,4,0,1,NET_BANKING,TRANSFER,IN
11193.94,31948.29,5,0,1,NET_BANKING,TRANSFER,IN
7758.5,43142.23,6,0,1,NET_BANKING,DEPOSIT,IN
11594.64,50900.73,7,0,0,NET_BANKING,WITHDRAWAL,US
10183.56,62495.37,8,0,0,NET_BANKING,DEPOSIT,IN
5494.03,72678.93000000001,9,0,0,NET_BANKING,TRANSFER,IN
3978.41,78172.96,10,0,0,NET_BANKING,DEPOSIT,AE
10148.95,82151.37000000001,11,0,0,UPI,WITHDRAWAL,IN
4024.21,92300.32,12,1,0,NET_BANKING,WITHDRAWAL,IN
3338.68,96324.53,13,0,0,NET_BANKING,DEPOSIT,IN
11436.87,99663.21,14,0,0,NET_BANKING,WITHDRAWAL,IN
6096.44,111100.08,15,0,0,NET_BANKING,DEPOSIT,IN
6974.46,117196.52,16,0,0,NET_BANKING,WITHDRAWAL,IN
11443.74,124170.98,17,1,0,NET_BANKING,TRANSFER,IN
5802.66,135614.72,18,0,0,NET_BANKING,WITHDRAWAL,IN
6608.07,138545.07,18,0,0,NET_BANKING,WITHDRAWAL,IN
10650.0,145153.14,19,0,0,NET_BANKING,TRANSFER,IN
4776.63,0.0,0,1,0,CARD,WITHDRAWAL,US
9829.22,4776.63,1,1,0,CARD,TRANSFER,IN
9068.93,14605.85,2,0,0,CARD,TRANSFER,AE
10918.17,23674.78,3,0,0,CARD,WITHDRAWAL,US
9211.05,34592.95,4,0,0,CARD,DEPOSIT,IN
2582.3,43804.0,5,0,0,UPI,TRANSFER,IN
6782.44,46386.3,6,1,1,CARD,TRANSFER,IN
3926.6,53168.740000000005,7,0,1,CARD,DEPOSIT,IN
5164.0,57095.34,8,0,1,CARD,WITHDRAWAL,IN
6097.14,62259.34,9,0,1,CARD,DEPOSIT,IN
11834.46,68356.48000000001,10,1,1,NET_BANKING,DEPOSIT,IN
5612.25,80190.94,11,0,0,UPI,TRANSFER,IN
11760.64,85803.19,12,0,0,CARD,TRANSFER,IN
10051.56,97563.83,13,1,0,NET_BANKING,WITHDRAWAL,IN
2612.29,107615.39,14,1,0,CARD,DEPOSIT,IN
4384.8,110227.68,15,0,0,CARD,TRANSFER,IN
3122.94,114612.48,16,1,0,CARD,TRANSFER,IN
3238.35,117735.42,17,0,0,CARD,DEPOSIT,IN
7276.74,120973.77,18,1,0,NET_BANKING,TRANSFER,IN
9822.92,128250.51,19,0,0,CARD,TRANSFER,IN
12303.23,138073.43000000002,20,0,0,CARD,TRANSFER,IN
11734.1,150376.66000000003,21,0,0,CARD,WITHDRAWAL,IN
5498.12,162110.76000000004,22,0,0,CARD,WITHDRAWAL,IN
4232.22,167608.88000000003,23,0,0,CARD,TRANSFER,IN
4587.37,171841.10000000003,24,0,0,CARD,TRANSFER,IN
7120.47,171651.84000000003,24,1,0,CARD,TRANSFER,IN
5494.21,178772.31000000003,25,0,0,CARD,DEPOSIT,IN
3890.63,0.0,0,1,0,NET_BANKING,TRANSFER,IN
12319.05,3890.63,1,1,0,NET_BANKING,TRANSFER,IN
8794.35,16209.68,2,0,0,NET_BANKING,TRANSFER,SG
6964.09,25004.03,3,0,0,NET_BANKING,WITHDRAWAL,IN
9729.68,31968.12,4,0,0,NET_BANKING,DEPOSIT,IN
8198.64,41697.8,5,1,0,NET_BANKING,WITHDRAWAL,IN
2820.2,49896.44,6,0,1,NET_BANKING,DEPOSIT,IN
23566.91398273595,52716.64,7,0,1,NET_BANKING,WITHDRAWAL,IN
3992.06,76283.55398273596,8,0,1,NET_BANKING,TRANSFER,IN
13097.193778634506,80275.61398273596,9,1,1,NET_BANKING,TRANSFER,IN
10727.61,93372.80776137048,10,0,0,CARD,WITHDRAWAL,IN
10620.2,104100.41776137048,11,0,0,NET_BANKING,DEPOSIT,IN
11322.20905379648,114720.61776137046,12,0,0,NET_BANKING,TRANSFER,IN
4428.36,126042.82681516696,13,0,0,NET_BANKING,TRANSFER,IN
3147.92,130471.18681516696,14,0,0,NET_BANKING,TRANSFER,SG
5210.68,133619.10681516695,15,0,0,NET_BANKING,WITHDRAWAL,IN
10504.49,138829.78681516694,16,0,0,NET_BANKING,TRANSFER,IN
9651.58,149334.27681516693,17,0,0,NET_BANKING,TRANSFER,IN
8204.97,158985.85681516692,18,0,0,NET_BANKING,TRANSFER,IN
24975.393608215505,167190.82681516692,19,1,0,NET_BANKING,TRANSFER,IN
7843.28,192166.2204233824,20,0,0,CARD,WITHDRAWAL,US
7626.74,200009.5004233824,21,0,0,NET_BANKING,DEPOSIT,IN
13696.942763350342,207636.2404233824,22,1,0,NET_BANKING,DEPOSIT,IN
10439.67,221333.18318673276,23,1,0,NET_BANKING,WITHDRAWAL,IN
19070.72486446964,231772.85318673277,24,0,0,NET_BANKING,TRANSFER,IN
12075.61,246952.9480512024,24,0,0,NET_BANKING,WITHDRAWAL,IN
2782.8,259028.5580512024,25,1,0,NET_BANKING,WITHDRAWAL,AE
31907.61,0.0,0,1,0,UPI,TRANSFER,IN
25030.6,31907.61,1,0,0,UPI,TRANSFER,IN
10638.34,56938.21,2,0,0,UPI,DEPOSIT,IN
42160.42,67576.55,3,0,0,UPI,DEPOSIT,IN
47650.66,109736.97,4,0,0,UPI,TRANSFER,IN
25003.54,157387.63,5,0,0,UPI,DEPOSIT,IN
21453.07,182391.17,6,0,1,UPI,DEPOSIT,US
20852.29,203844.24,7,1,1,UPI,DEPOSIT,IN
23705.87,224696.53000000003,8,0,1,NET_BANKING,WITHDRAWAL,IN
32348.08,248402.4,9,0,1,CARD,WITHDRAWAL,IN
26650.29,280750.48000000004,10,0,0,NET_BANKING,DEPOSIT,IN
17298.71,307400.77,11,0,0,UPI,DEPOSIT,IN
28624.63,324699.48000000004,12,0,0,UPI,DEPOSIT,AE
16619.45,353324.11000000004,13,0,0,UPI,DEPOSIT,IN
24391.93,369943.56000000006,14,0,0,UPI,TRANSFER,IN
41186.83,394335.4900000001,15,0,0,UPI,DEPOSIT,IN
45054.08,435522.32000000007,16,0,0,UPI,WITHDRAWAL,IN
22680.04,480576.4000000001,17,0,0,CARD,WITHDRAWAL,IN
48976.63,503256.44000000006,18,1,0,UPI,TRANSFER,IN
11393.95,552233.0700000001,19,1,0,UPI,DEPOSIT,IN
45929.61,563627.02,20,0,0,UPI,WITHDRAWAL,US
34375.65,609556.63,21,0,0,UPI,WITHDRAWAL,IN
42133.88,643932.28,22,0,0,UPI,TRANSFER,IN
25919.31,686066.16,23,1,0,UPI,TRANSFER,IN
41190.23,680077.8600000001,23,1,0,CARD,WITHDRAWAL,IN
31421.48,696237.4900000001,23,0,0,UPI,WITHDRAWAL,SG
46977.08,717020.6300000001,23,1,0,UPI,DEPOSIT,IN
15553.23,763997.7100000001,24,1,0,UPI,WITHDRAWAL,IN
44889.44,737390.52,24,0,0,UPI,DEPOSIT,IN
47776.52,734629.3,24,0,0,UPI,DEPOSIT,IN
35809.53,757402.28,24,0,1,UPI,WITHDRAWAL,IN
18122.64,793211.81,25,0,1,UPI,TRANSFER,IN
13158.76,789881.38,25,0,1,UPI,TRANSFER,AE
12132.92,803040.14,26,0,1,NET_BANKING,DEPOSIT,IN
13045.67,794320.77,26,0,1,UPI,TRANSFER,IN
36036.26,783660.5700000002,26,0,1,UPI,WITHDRAWAL,IN
27008.73,787348.7500000001,26,0,0,UPI,TRANSFER,IN
23793.43,770408.4800000001,25,0,0,UPI,DEPOSIT,IN
23111.21,748957.8300000002,24,1,0,CARD,DEPOSIT,US
7872.26,0.0,0,1,0,UPI,WITHDRAWAL,IN
3244.13,7872.26,1,0,0,UPI,WITHDRAWAL,IN
11538.31,11116.39,2,1,0,NET_BANKING,WITHDRAWAL,IN
4541.79,22654.699999999997,3,0,0,UPI,TRANSFER,IN
10273.28,27196.49,4,0,0,UPI,WITHDRAWAL,IN
6759.92,37469.77,5,0,0,UPI,WITHDRAWAL,IN
5196.46,44229.689999999995,6,0,0,UPI,DEPOSIT,IN
10295.4,49426.149999999994,7,1,0,UPI,TRANSFER,IN
5460.89,59721.55,8,0,1,UPI,WITHDRAWAL,AE
11012.49,65182.439999999995,9,0,1,UPI,TRANSFER,IN
3249.55,76194.93,10,0,1,UPI,DEPOSIT,AE
6252.68,79444.48,11,0,0,NET_BANKING,TRANSFER,IN
26272.796751801063,85697.16,12,1,0,UPI,DEPOSIT,IN
8057.7,111969.95675180107,13,0,0,CARD,DEPOSIT,US
3430.53,120027.65675180109,14,0,0,UPI,DEPOSIT,IN
5614.86,123458.18675180108,15,0,0,CARD,WITHDRAWAL,IN
8847.42,129073.04675180108,16,0,0,UPI,TRANSFER,AE
6874.76,137920.46675180108,17,0,0,UPI,TRANSFER,IN
11285.16,144795.2267518011,18,0,0,CARD,TRANSFER,IN
7669.36,156080.3867518011,19,0,0,UPI,DEPOSIT,IN
2964.11,163749.74675180108,20,0,0,UPI,WITHDRAWAL,IN
5805.97,166713.85675180107,21,1,0,CARD,WITHDRAWAL,IN
8723.08,172519.82675180107,22,0,0,CARD,TRANSFER,IN
9230.71,181242.90675180103,23,0,0,UPI,TRANSFER,IN
4171.06,190473.61675180105,24,1,0,UPI,WITHDRAWAL,IN
11649.45,194644.67675180105,25,0,0,UPI,TRANSFER,IN
11075.74,198421.86675180105,25,0,0,UPI,WITHDRAWAL,IN
24574.301239406053,190173.37675180103,23,0,0,UPI,DEPOSIT,IN
10586.59,214747.67799120708,24,0,0,UPI,TRANSFER,IN
10245.23,203104.6079912071,22,0,0,NET_BANKING,TRANSFER,IN
7323.12,213349.8379912071,23,0,0,NET_BANKING,DEPOSIT,IN
9447.39,220672.9579912071,24,0,0,UPI,TRANSFER,SG
10696.38,219824.94799120713,24,1,0,UPI,WITHDRAWAL,IN
5340.73,230521.32799120713,25,0,1,UPI,WITHDRAWAL,IN
18829.794943615525,219388.6779912071,24,0,1,UPI,WITHDRAWAL,IN
4676.35,234968.92293482268,24,0,1,UPI,DEPOSIT,IN
5672.91,239645.2729348227,25,1,1,UPI,TRANSFER,IN
4599.86,245318.1829348227,26,0,0,CARD,TRANSFER,IN
6248.9,0.0,0,1,0,UPI,DEPOSIT,IN
7381.85,6248.9,1,0,0,UPI,DEPOSIT,IN
22274.85,13630.75,2,0,0,CARD,TRANSFER,IN
16196.65,35905.6,3,0,0,UPI,TRANSFER,IN
10717.85,52102.25,4,0,0,CARD,DEPOSIT,IN
23315.78,62820.1,5,1,0,UPI,WITHDRAWAL,IN
21872.23,86135.88,6,0,1,UPI,WITHDRAWAL,IN
16755.88,108008.11,7,0,1,CARD,WITHDRAWAL,IN
14643.31,124763.99,8,1,1,UPI,TRANSFER,US
10695.37,139407.30000000002,9,0,1,UPI,WITHDRAWAL,IN
9488.46,150102.67,10,1,1,UPI,WITHDRAWAL,IN
14923.82,159591.13,11,1,1,UPI,DEPOSIT,IN
6880.75,174514.95,12,0,1,NET_BANKING,WITHDRAWAL,IN
22271.46,181395.7,13,0,0,UPI,DEPOSIT,IN
24792.42,203667.16,14,0,0,UPI,WITHDRAWAL,IN
23092.19,228459.58,15,0,0,UPI,TRANSFER,IN
9931.0,251551.77,16,0,0,UPI,DEPOSIT,IN
24185.57,261482.77,17,1,0,UPI,WITHDRAWAL,IN
21020.65,285668.34,18,1,0,UPI,TRANSFER,IN
6528.92,306688.99000000005,19,0,0,UPI,DEPOSIT,US
23928.09,313217.91000000003,20,0,0,UPI,WITHDRAWAL,IN
17002.32,337146.00000000006,21,0,0,CARD,TRANSFER,IN
16731.91,354148.32000000007,22,1,0,UPI,WITHDRAWAL,IN
8917.68,370880.23,23,0,0,UPI,DEPOSIT,IN
5635.29,379797.91,24,0,0,NET_BANKING,TRANSFER,IN
24020.45,385433.2,25,0,0,NET_BANKING,TRANSFER,AE
17036.17,409453.65,26,0,0,UPI,WITHDRAWAL,AE
11975.31,426489.82,27,0,0,UPI,WITHDRAWAL,IN
10858.57,424834.38,26,0,0,UPI,WITHDRAWAL,IN
6552.94,435692.95,27,0,0,UPI,TRANSFER,IN
24682.31,419971.04,27,0,0,UPI,TRANSFER,SG
7667.95,417738.85,26,0,0,UPI,DEPOSIT,IN
8727.47,348819.60000000003,23,0,1,UPI,WITHDRAWAL,SG
20195.85,346851.7,23,1,1,UPI,TRANSFER,IN
19895.55,357559.08999999997,23,0,1,UPI,DEPOSIT,IN
17213.87,362530.81999999995,23,0,1,UPI,TRANSFER,IN
7887.65,372863.93999999994,23,0,0,UPI,TRANSFER,IN
10105.06,0.0,0,1,0,NET_BANKING,DEPOSIT,IN
14031.1,10105.06,1,1,0,CARD,DEPOSIT,IN
13730.14,24136.16,2,0,0,NET_BANKING,TRANSFER,IN
20268.67,37866.3,3,1,0,NET_BANKING,TRANSFER,IN
11204.56,58134.97,4,0,0,NET_BANKING,TRANSFER,AE
22953.83,69339.53,5,1,1,NET_BANKING,WITHDRAWAL,IN
19764.1,92293.36,6,0,1,NET_BANKING,DEPOSIT,IN
14612.62,112057.46,7,0,1,NET_BANKING,DEPOSIT,SG
17044.07,126670.08,8,0,1,NET_BANKING,WITHDRAWAL,IN
14594.68,143714.15,9,0,1,NET_BANKING,TRANSFER,AE
13992.53,158308.83,10,0,1,NET_BANKING,DEPOSIT,IN
16095.53,172301.36,11,0,0,NET_BANKING,WITHDRAWAL,IN
15846.31,188396.89,12,0,0,NET_BANKING,WITHDRAWAL,IN
16800.79,204243.2,13,0,0,NET_BANKING,WITHDRAWAL,IN
24596.78,221043.99,14,0,0,CARD,WITHDRAWAL,IN
7040.3,245640.77,15,0,0,UPI,DEPOSIT,IN
9372.71,252681.07,16,1,0,NET_BANKING,TRANSFER,US
19362.82,262053.77999999997,17,0,0,NET_BANKING,WITHDRAWAL,SG
23895.96,281416.6,18,0,0,CARD,DEPOSIT,IN
14901.13,305312.56,19,0,0,NET_BANKING,TRANSFER,IN
9803.83,320213.69,20,1,0,NET_BANKING,WITHDRAWAL,IN
21532.49,330017.52,21,0,0,NET_BANKING,DEPOSIT,IN
20702.55,351550.01,22,0,0,NET_BANKING,TRANSFER,IN
22386.4,372252.56,23,1,0,NET_BANKING,WITHDRAWAL,IN
3717.21,0.0,0,1,0,UPI,DEPOSIT,US
2345.02,3717.21,1,0,0,UPI,WITHDRAWAL,IN
4536.34,6062.23,2,0,0,UPI,DEPOSIT,IN
2292.77,10598.57,3,0,0,NET_BANKING,TRANSFER,IN
3981.58,12891.34,4,1,1,NET_BANKING,DEPOSIT,IN
4202.12,16872.92,5,1,1,UPI,TRANSFER,IN
3722.91,21075.039999999997,6,0,1,UPI,DEPOSIT,SG
1973.98,24797.949999999997,7,0,1,CARD,TRANSFER,IN
4879.47,26771.929999999997,8,1,1,UPI,DEPOSIT,AE
1022.51,31651.4,9,1,1,UPI,WITHDRAWAL,IN
2238.55,32673.909999999996,10,0,1,UPI,WITHDRAWAL,SG
4899.85,34912.46,11,0,0,UPI,WITHDRAWAL,IN
2680.09,39812.31,12,0,0,UPI,TRANSFER,AE
3794.14,42492.399999999994,13,1,0,UPI,WITHDRAWAL,IN
2022.5,46286.53999999999,14,0,0,UPI,TRANSFER,IN
3563.94,48309.03999999999,15,0,0,UPI,WITHDRAWAL,US
3106.75,51872.98,16,0,0,UPI,TRANSFER,SG
1150.14,54979.73,17,0,0,CARD,WITHDRAWAL,AE
3663.75,56129.869999999995,18,0,0,UPI,DEPOSIT,IN
3628.98,59793.619999999995,19,0,0,NET_BANKING,WITHDRAWAL,IN
2881.37,63422.6,20,1,0,UPI,WITHDRAWAL,IN
2129.68,66303.97,21,0,0,CARD,WITHDRAWAL,US
16893.08,0.0,0,1,0,NET_BANKING,WITHDRAWAL,AE
5033.61,16893.08,1,0,0,CARD,DEPOSIT,IN
18519.43,21926.69,2,0,0,UPI,TRANSFER,IN
24794.78,40446.12,3,0,0,CARD,WITHDRAWAL,IN
15164.05,65240.9,4,1,0,CARD,DEPOSIT,IN
24360.75,80404.95,5,1,0,CARD,WITHDRAWAL,IN
21930.84,104765.7,6,0,1,CARD,TRANSFER,IN
24432.83,126696.54,7,0,1,UPI,TRANSFER,IN
20915.42,151129.37,8,0,1,NET_BANKING,WITHDRAWAL,IN
8115.19,172044.78999999998,9,0,1,CARD,TRANSFER,IN
7729.69,180159.98,10,0,1,CARD,TRANSFER,IN
18830.9,187889.67,11,0,0,CARD,TRANSFER,IN
8901.68,206720.57,12,0,0,CARD,TRANSFER,US
15870.76,215622.24999999997,13,1,0,CARD,WITHDRAWAL,US
13746.3,231493.01,14,0,0,CARD,TRANSFER,AE
23472.88,245239.30999999997,15,0,0,CARD,DEPOSIT,SG
20154.1,268712.18999999994,16,0,0,CARD,TRANSFER,IN
18502.89,288866.2899999999,17,0,0,NET_BANKING,TRANSFER,IN
24043.95,307369.17999999993,18,0,0,NET_BANKING,DEPOSIT,US
6441.22,331413.12999999995,19,0,0,CARD,TRANSFER,IN
11233.65,337854.3499999999,20,0,0,NET_BANKING,WITHDRAWAL,IN
18314.24,327161.31,19,0,0,CARD,TRANSFER,IN
18471.45,326956.12,19,1,0,CARD,DEPOSIT,IN
12912.94,305468.74,18,0,0,CARD,WITHDRAWAL,US
12053.52,318381.68,19,0,0,NET_BANKING,WITHDRAWAL,IN
10786.91,330435.2,20,0,0,CARD,DEPOSIT,IN
10633.13,316861.36,20,0,1,CARD,WITHDRAWAL,IN
22174.728572484582,0.0,0,1,0,UPI,DEPOSIT,AE
6926.95,22174.728572484582,1,0,0,UPI,DEPOSIT,IN
12040.07,29101.678572484583,2,0,0,UPI,DEPOSIT,AE
2965.41,41141.74857248458,3,1,0,UPI,WITHDRAWAL,IN
12230.22,44107.15857248458,4,1,0,UPI,DEPOSIT,IN
12093.19,56337.37857248458,5,0,1,UPI,DEPOSIT,IN
22356.56577118608,68430.56857248458,6,0,1,UPI,WITHDRAWAL,IN
9248.58,90787.13434367068,7,0,1,UPI,TRANSFER,IN
11088.9,100035.71434367068,8,1,1,UPI,WITHDRAWAL,IN
6077.09,111124.61434367066,9,0,0,UPI,WITHDRAWAL,US
5125.66,117201.70434367066,10,0,0,UPI,WITHDRAWAL,IN
7671.6,122327.36434367066,11,0,0,UPI,DEPOSIT,IN
4632.83,129998.96434367068,12,1,0,NET_BANKING,WITHDRAWAL,IN
7675.44,134631.79434367066,13,0,0,UPI,TRANSFER,IN
5345.83,142307.23434367066,14,0,0,UPI,TRANSFER,IN
10067.97,147653.06434367065,15,0,0,NET_BANKING,TRANSFER,IN
5384.16,157721.03434367065,16,0,0,NET_BANKING,DEPOSIT,IN
7777.27,163105.19434367065,17,0,0,NET_BANKING,TRANSFER,IN
7096.62,170882.46434367064,18,0,0,UPI,WITHDRAWAL,IN
18468.55701404341,177979.08434367063,19,0,0,NET_BANKING,TRANSFER,IN
3336.6,196447.64135771405,20,0,0,NET_BANKING,DEPOSIT,IN
12184.29,199784.24135771405,21,0,0,UPI,TRANSFER,IN
3399.32,211968.5313577141,22,0,0,NET_BANKING,TRANSFER,IN
5988.95,193193.1227852295,22,1,0,UPI,WITHDRAWAL,IN
44836.8212617724,199182.0727852295,23,0,0,UPI,DEPOSIT,IN
4796.08,244018.8940470019,24,0,0,UPI,TRANSFER,IN
11897.12,248814.9740470019,25,0,0,UPI,DEPOSIT,IN
23951.916608839256,241745.07404700192,24,0,0,UPI,WITHDRAWAL,IN
4382.0,262731.58065584116,24,0,0,UPI,DEPOSIT,IN
7008.24,254883.3606558412,24,0,1,CARD,TRANSFER,IN
11098.23,249798.41065584111,24,0,1,UPI,DEPOSIT,IN
10736.64,229291.49488465508,23,0,1,UPI,DEPOSIT,IN
9957.31,240028.13488465507,24,0,1,CARD,WITHDRAWAL,IN
9597.45,238896.5448846551,24,0,1,UPI,DEPOSIT,IN
5815.35,229619.64488465508,22,0,0,UPI,WITHDRAWAL,IN
11523.99,235434.99488465508,23,0,0,UPI,WITHDRAWAL,SG
11876.21,234650.7148846551,22,0,0,UPI,WITHDRAWAL,IN
17909.17697543647,246526.9248846551,23,0,0,UPI,DEPOSIT,IN
11797.151472870177,249022.3018600915,22,0,0,UPI,DEPOSIT,IN
10999.56,260819.4533329617,23,0,0,UPI,TRANSFER,IN
10099.17,0.0,0,1,0,UPI,DEPOSIT,IN
16984.06,10099.17,1,1,0,CARD,TRANSFER,IN
13880.8,27083.230000000003,2,1,0,NET_BANKING,TRANSFER,IN
26183.935009568995,40964.03,3,0,0,NET_BANKING,DEPOSIT,IN
18883.22,67147.96500956899,4,0,0,NET_BANKING,TRANSFER,IN
18067.15,86031.18500956899,5,0,0,NET_BANKING,DEPOSIT,IN
16112.21,104098.33500956898,6,0,0,NET_BANKING,DEPOSIT,AE
60938.882948711216,120210.54500956896,7,1,1,NET_BANKING,WITHDRAWAL,IN
14951.77,181149.4279582802,8,0,1,CARD,TRANSFER,SG
7562.74,196101.1979582802,9,0,1,NET_BANKING,WITHDRAWAL,IN
16300.26,203663.93795828015,10,0,0,CARD,WITHDRAWAL,IN
19746.48,219964.1979582802,11,0,0,NET_BANKING,TRANSFER,US
19054.95,239710.6779582802,12,0,0,NET_BANKING,DEPOSIT,IN
24536.24,258765.6279582802,13,0,0,CARD,WITHDRAWAL,IN
14416.83,283301.8679582802,14,0,0,NET_BANKING,TRANSFER,IN
14948.61,297718.6979582802,15,0,0,NET_BANKING,WITHDRAWAL,IN
7265.82,312667.3079582802,16,0,0,CARD,TRANSFER,IN
2200.6,0.0,0,1,0,UPI,DEPOSIT,IN
1256.97,2200.6,1,0,0,CARD,DEPOSIT,IN
1420.25,3457.5699999999997,2,0,0,CARD,TRANSFER,IN
3836.36,4877.82,3,0,0,CARD,TRANSFER,IN
2605.94,8714.18,4,0,0,NET_BANKING,TRANSFER,IN
2392.43,11320.12,5,0,0,CARD,TRANSFER,IN
4597.97,13712.55,6,0,1,NET_BANKING,TRANSFER,IN
2042.71,18310.52,7,1,1,CARD,DEPOSIT,IN
1958.62,20353.23,8,0,1,CARD,TRANSFER,US
1199.55,22311.85,9,0,1,CARD,DEPOSIT,IN
4312.36,23511.4,10,0,1,CARD,TRANSFER,IN
3355.57,27823.76,11,0,1,CARD,DEPOSIT,IN
2667.93,31179.33,12,0,1,CARD,DEPOSIT,IN
4991.1,33847.259999999995,13,1,0,CARD,WITHDRAWAL,IN
4178.62,38838.35999999999,14,1,0,CARD,TRANSFER,IN
4875.71,43016.98,15,0,0,NET_BANKING,WITHDRAWAL,IN
2453.36,47892.689999999995,16,0,0,CARD,TRANSFER,IN
4603.42,50346.05,17,0,0,CARD,WITHDRAWAL,IN
4494.75,54949.469999999994,18,0,0,CARD,DEPOSIT,IN
4969.12,59444.219999999994,19,0,0,CARD,TRANSFER,IN
3531.84,64413.34,20,0,0,CARD,TRANSFER,IN
4391.41,67945.18,21,0,0,CARD,DEPOSIT,IN
4672.86,72336.59,22,0,0,CARD,TRANSFER,IN
1373.85,77009.45,23,1,0,CARD,TRANSFER,IN
2545.57,78383.3,24,0,0,NET_BANKING,WITHDRAWAL,IN
4801.02,80928.87000000001,25,0,0,CARD,WITHDRAWAL,AE
2539.53,83529.29000000002,25,0,0,CARD,WITHDRAWAL,IN
3457.1,86068.82000000002,26,0,0,CARD,WITHDRAWAL,IN
3882.66,86848.70000000003,25,0,0,UPI,TRANSFER,IN
4303.55,86895.00000000003,25,0,0,NET_BANKING,TRANSFER,IN
1845.45,91198.55000000005,26,0,0,CARD,DEPOSIT,IN
4265.29,0.0,0,1,0,NET_BANKING,DEPOSIT,IN
9016.49,4265.29,1,0,0,NET_BANKING,TRANSFER,IN
4308.47,13281.78,2,1,0,UPI,WITHDRAWAL,IN
8735.71,17590.25,3,0,0,NET_BANKING,TRANSFER,IN
7331.26,26325.96,4,0,0,NET_BANKING,WITHDRAWAL,IN
12418.01,33657.22,5,0,0,CARD,WITHDRAWAL,IN
4476.45,46075.23,6,0,1,NET_BANKING,WITHDRAWAL,US
8999.59,50551.68,7,0,1,UPI,WITHDRAWAL,IN
11450.83,59551.27,8,1,1,NET_BANKING,TRANSFER,IN
3135.73,71002.1,9,0,0,NET_BANKING,DEPOSIT,US
5627.26,74137.83,10,0,0,NET_BANKING,TRANSFER,IN
8225.28,79765.09,11,0,0,CARD,WITHDRAWAL,AE
10458.79,87990.37,12,1,0,UPI,DEPOSIT,IN
2560.51,98449.16,13,0,0,NET_BANKING,DEPOSIT,IN
9163.59,101009.67,14,0,0,NET_BANKING,DEPOSIT,IN
12376.01,110173.26,15,0,0,NET_BANKING,TRANSFER,IN
4049.09,122549.27,16,0,0,NET_BANKING,TRANSFER,IN
5981.62,126598.36,17,0,0,NET_BANKING,DEPOSIT,IN
2770.2,132579.97999999998,18,0,0,NET_BANKING,WITHDRAWAL,IN
7253.94,135350.18,19,0,0,NET_BANKING,TRANSFER,IN
9384.91,138338.83,19,0,0,UPI,TRANSFER,IN
9976.7,134398.77999999997,18,1,0,NET_BANKING,TRANSFER,IN
2504.98,128308.50999999998,17,0,0,NET_BANKING,WITHDRAWAL,IN
11417.8,118395.47999999998,17,0,0,NET_BANKING,WITHDRAWAL,IN
11528.45,129813.27999999998,18,0,1,CARD,WITHDRAWAL,IN
6748.19,136865.28,18,1,1,NET_BANKING,DEPOSIT,IN
6622.08,143613.47,19,0,1,NET_BANKING,TRANSFER,IN
10691.58,150235.55,20,0,1,NET_BANKING,DEPOSIT,IN
7253.72,160927.12999999998,21,0,1,CARD,DEPOSIT,IN
9065.21,159181.25999999998,21,0,1,NET_BANKING,WITHDRAWAL,IN
14446.97,0.0,0,1,0,CARD,DEPOSIT,IN
6811.21,14446.97,1,0,0,UPI,DEPOSIT,IN
10375.15,21258.18,2,0,0,UPI,DEPOSIT,IN
7719.15,31633.33,3,0,0,UPI,TRANSFER,US
17969.79,39352.48,4,0,0,UPI,DEPOSIT,IN
8249.03,57322.27,5,0,0,UPI,TRANSFER,AE
9993.98,65571.3,6,0,0,UPI,TRANSFER,US
20751.12,75565.28,7,0,1,UPI,DEPOSIT,IN
22281.76,96316.4,8,0,1,UPI,WITHDRAWAL,IN
9885.26,118598.16,9,0,1,UPI,WITHDRAWAL,IN
6272.92,128483.41999999998,10,1,1,UPI,WITHDRAWAL,IN
8760.12,134756.34,11,1,1,UPI,DEPOSIT,IN
21084.16,143516.46,12,1,1,UPI,DEPOSIT,IN
17711.54,164600.62,13,1,1,UPI,DEPOSIT,IN
13144.31,182312.16,14,0,0,UPI,DEPOSIT,IN
23829.55,195456.47,15,1,0,UPI,WITHDRAWAL,IN
11761.43,219286.02,16,0,0,UPI,WITHDRAWAL,US
24884.44,231047.45,17,0,0,CARD,DEPOSIT,US
22646.05,255931.89,18,0,0,UPI,WITHDRAWAL,SG
24467.57,278577.94,19,0,0,UPI,TRANSFER,IN
17719.7,303045.51,20,0,0,UPI,WITHDRAWAL,IN
2571.47,0.0,0,1,0,UPI,TRANSFER,IN
2259.42,2571.47,1,0,0,UPI,WITHDRAWAL,IN
3850.94,4830.889999999999,2,0,0,CARD,DEPOSIT,IN
4490.44,8681.83,3,0,0,UPI,TRANSFER,IN
2918.58,13172.27,4,0,0,UPI,WITHDRAWAL,IN
1857.97,16090.85,5,0,1,UPI,DEPOSIT,IN
4509.55,17948.82,6,0,1,CARD,WITHDRAWAL,IN
2249.02,22458.37,7,0,1,UPI,TRANSFER,IN
1302.67,24707.39,8,0,1,UPI,WITHDRAWAL,IN
2966.99,26010.06,9,0,1,UPI,WITHDRAWAL,IN
2041.49,28977.049999999996,10,0,0,UPI,TRANSFER,IN
2187.91,31018.539999999997,11,0,0,NET_BANKING,DEPOSIT,IN
4435.41,33206.45,12,0,0,UPI,TRANSFER,IN
3846.6,37641.86,13,0,0,UPI,WITHDRAWAL,IN
4214.55,41488.46,14,0,0,UPI,DEPOSIT,IN
3197.72,45703.01,15,1,0,UPI,WITHDRAWAL,IN
2944.57,48900.73,16,0,0,NET_BANKING,DEPOSIT,IN
3428.2,51845.3,17,0,0,UPI,TRANSFER,IN
4595.59,55273.5,18,1,0,UPI,WITHDRAWAL,IN
4576.52,59869.09,19,0,0,UPI,WITHDRAWAL,IN
2487.41,64445.61,20,1,0,UPI,TRANSFER,IN
2544.63,66933.02,21,1,0,UPI,DEPOSIT,IN
2828.46,69477.65000000001,22,1,0,UPI,DEPOSIT,IN
2845.05,72306.11000000002,23,0,0,UPI,DEPOSIT,IN
4658.68,72579.69000000002,23,0,0,UPI,WITHDRAWAL,IN
3918.3,74978.95000000001,23,1,0,UPI,WITHDRAWAL,IN
3144.83,75046.31000000001,23,0,0,UPI,DEPOSIT,IN
3039.13,73700.70000000001,23,0,0,UPI,DEPOSIT,US
4575.09,73821.25,23,0,1,UPI,WITHDRAWAL,IN
1510.88,76538.37000000001,23,0,1,CARD,DEPOSIT,IN
1745.84,69988.01000000001,21,0,1,UPI,TRANSFER,SG
1010.61,71733.85,22,0,1,CARD,WITHDRAWAL,IN
28423.63,0.0,0,1,0,UPI,WITHDRAWAL,IN
89019.94441671827,28423.63,1,0,0,UPI,WITHDRAWAL,IN
13334.22,117443.57441671829,2,0,0,NET_BANKING,WITHDRAWAL,IN
16828.42,130777.79441671829,3,0,0,UPI,WITHDRAWAL,AE
49681.99,147606.21441671829,4,0,0,CARD,WITHDRAWAL,IN
11152.72,197288.20441671828,5,0,1,UPI,WITHDRAWAL,IN
18988.26,208440.92441671828,6,0,1,CARD,TRANSFER,SG
25340.96,227429.1844167183,7,0,1,UPI,TRANSFER,IN
13158.66,252770.14441671828,8,0,1,UPI,WITHDRAWAL,SG
13226.03,265928.80441671825,9,0,1,UPI,TRANSFER,IN
18848.04,279154.8344167183,10,1,0,CARD,DEPOSIT,US
99799.59453504316,298002.87441671826,11,0,0,UPI,DEPOSIT,IN
123883.07760429954,397802.46895176143,12,0,0,CARD,WITHDRAWAL,IN
42141.53,521685.54655606096,13,0,0,UPI,DEPOSIT,IN
44129.9,563827.0765560609,14,0,0,UPI,TRANSFER,AE
40507.23,607956.976556061,15,0,0,UPI,TRANSFER,IN
35838.78,648464.2065560609,16,1,0,UPI,TRANSFER,IN
33016.39,684302.986556061,17,0,0,UPI,WITHDRAWAL,US
29579.15,717319.376556061,18,1,0,CARD,DEPOSIT,IN
35770.4,746898.526556061,19,0,0,UPI,WITHDRAWAL,IN
13099.56,782668.926556061,20,0,0,CARD,DEPOSIT,IN
43498.42,795768.4865560611,21,0,0,UPI,WITHDRAWAL,IN
47377.2,839266.9065560611,22,0,0,NET_BANKING,WITHDRAWAL,SG
30435.67,886644.1065560611,23,1,0,UPI,WITHDRAWAL,IN
31133.22,917079.7765560612,24,1,0,UPI,DEPOSIT,US
28480.26,830769.4221393429,23,0,0,UPI,TRANSFER,IN
40857.72,859249.6821393429,24,0,0,UPI,TRANSFER,IN
116090.21182289509,869944.7621393428,23,1,0,CARD,DEPOSIT,IN
43328.32,986034.973962238,24,0,0,CARD,TRANSFER,IN
33521.18,979681.303962238,24,0,0,NET_BANKING,TRANSFER,US
40887.13,1002049.763962238,24,0,1,UPI,DEPOSIT,IN
40258.52,1042936.893962238,25,0,1,CARD,DEPOSIT,IN
81939.55607011133,1064207.153962238,25,0,1,UPI,TRANSFER,IN
45445.07,1146146.7100323492,26,0,1,NET_BANKING,TRANSFER,IN
43651.3,1139866.1300323491,24,0,1,UPI,DEPOSIT,SG
20325.63,1164669.3900323492,24,1,0,UPI,WITHDRAWAL,IN
37823.86,1085195.4254973058,24,0,0,UPI,TRANSFER,IN
2244.8,0.0,0,1,0,CARD,TRANSFER,IN
4493.73,2244.8,1,0,0,NET_BANKING,DEPOSIT,IN
4726.36,6738.53,2,1,0,CARD,WITHDRAWAL,IN
3733.96,11464.89,3,0,0,UPI,WITHDRAWAL,IN
4973.46,15198.85,4,0,0,CARD,DEPOSIT,IN
1682.56,20172.31,5,0,1,CARD,TRANSFER,SG
3973.31,21854.87,6,1,1,CARD,TRANSFER,SG
4590.3,25828.18,7,0,1,UPI,DEPOSIT,IN
3623.22,30418.48,8,0,1,NET_BANKING,TRANSFER,IN
3501.29,34041.7,9,0,1,CARD,DEPOSIT,IN
4691.98,37542.99,10,0,0,CARD,TRANSFER,IN
3561.14,42234.97,11,0,0,CARD,TRANSFER,IN
3033.94,45796.11,12,0,0,CARD,TRANSFER,SG
3360.37,48830.05,13,0,0,UPI,TRANSFER,IN
2077.64,52190.420000000006,14,1,0,CARD,TRANSFER,IN
4383.93,54268.060000000005,15,0,0,CARD,TRANSFER,IN
1131.57,58651.990000000005,16,0,0,CARD,TRANSFER,IN
4110.36,59783.560000000005,17,0,0,CARD,WITHDRAWAL,SG
4046.25,63893.920000000006,18,1,0,UPI,WITHDRAWAL,IN
2260.71,0.0,0,1,0,CARD,DEPOSIT,IN
6204.620661291904,2260.71,1,1,0,NET_BANKING,DEPOSIT,IN
3937.57,8465.330661291904,2,0,0,CARD,DEPOSIT,IN
2241.34,12402.900661291904,3,0,0,UPI,DEPOSIT,IN
4132.36,14644.240661291904,4,0,0,UPI,DEPOSIT,IN
4137.49,18776.600661291905,5,1,0,NET_BANKING,DEPOSIT,IN
2011.56,22914.090661291903,6,0,0,CARD,TRANSFER,IN
1712.48,24925.650661291907,7,0,0,CARD,WITHDRAWAL,IN
3103.62,26638.130661291907,8,0,1,CARD,TRANSFER,AE
4306.89,29741.750661291902,9,0,1,CARD,TRANSFER,IN
2426.37,34048.64066129191,10,1,1,CARD,TRANSFER,IN
3377.35,36475.01066129191,11,0,1,CARD,DEPOSIT,IN
3009.48,39852.36066129191,12,0,1,CARD,WITHDRAWAL,IN
3120.61,42861.84066129191,13,0,0,CARD,WITHDRAWAL,IN
2128.11,45982.450661291914,14,0,0,CARD,TRANSFER,IN
3358.13,48110.560661291915,15,0,0,CARD,DEPOSIT,IN
2955.87,51468.69066129191,16,1,0,CARD,WITHDRAWAL,SG
2612.82,0.0,0,1,0,CARD,DEPOSIT,IN
1793.11,2612.82,1,0,0,CARD,WITHDRAWAL,IN
2363.08,4405.93,2,1,0,CARD,DEPOSIT,IN
3002.59,6769.01,3,0,0,UPI,DEPOSIT,IN
1082.19,9771.6,4,1,1,CARD,TRANSFER,SG
4690.45,10853.79,5,0,1,CARD,WITHDRAWAL,IN
3490.71,15544.240000000002,6,0,1,CARD,TRANSFER,IN
1655.98,19034.95,7,0,0,CARD,TRANSFER,IN
4182.18,20690.93,8,0,0,UPI,DEPOSIT,IN
3375.12,24873.11,9,0,0,CARD,DEPOSIT,IN
3756.71,28248.23,10,1,0,CARD,WITHDRAWAL,IN
1649.44,32004.94,11,0,0,CARD,TRANSFER,IN
2313.55,33654.38,12,1,0,CARD,DEPOSIT,IN
1335.85,35967.93,13,1,0,CARD,WITHDRAWAL,IN
3877.61,37303.78,14,1,0,CARD,WITHDRAWAL,IN
4831.55,41181.39,15,0,0,CARD,TRANSFER,IN
1397.7,46012.94,16,0,0,CARD,WITHDRAWAL,IN
4195.69,47410.64,17,1,0,CARD,TRANSFER,IN
4349.98,51606.33,18,1,0,CARD,TRANSFER,IN
2619.4,53343.48999999999,18,1,0,CARD,WITHDRAWAL,SG
1146.36,55962.88999999999,19,0,0,CARD,TRANSFER,IN
2493.48,55316.14000000001,19,0,0,CARD,WITHDRAWAL,IN
3537.64,57809.62000000001,20,1,0,CARD,TRANSFER,IN
1820.48,58984.17999999999,20,0,0,CARD,DEPOSIT,IN
4735.32,57802.07,20,0,0,CARD,DEPOSIT,IN
1246.44,62537.39,21,0,1,CARD,TRANSFER,IN
4472.93,63783.83,22,1,1,NET_BANKING,DEPOSIT,US
4725.64,67174.57,22,0,1,CARD,TRANSFER,IN
2993.36,0.0,0,1,0,NET_BANKING,WITHDRAWAL,IN
4862.2,2993.36,1,1,0,NET_BANKING,TRANSFER,IN
9095.92,7855.56,2,0,0,UPI,DEPOSIT,IN
11054.59,16951.48,3,0,0,NET_BANKING,DEPOSIT,IN
8005.83,28006.07,4,0,0,UPI,WITHDRAWAL,IN
3276.42,36011.9,5,1,1,NET_BANKING,WITHDRAWAL,IN
5435.38,39288.32,6,0,1,NET_BANKING,WITHDRAWAL,IN
4880.18,44723.7,7,0,1,NET_BANKING,TRANSFER,IN
4746.61,49603.88,8,0,1,NET_BANKING,TRANSFER,IN
6471.22,54350.49,9,0,1,NET_BANKING,TRANSFER,SG
10550.51,60821.71,10,1,1,NET_BANKING,DEPOSIT,IN
6784.89,71372.22,11,0,0,UPI,TRANSFER,US
4736.82,78157.11,12,0,0,NET_BANKING,DEPOSIT,IN
7799.83,82893.93,13,0,0,NET_BANKING,TRANSFER,IN
2509.31,90693.76,14,1,0,UPI,DEPOSIT,IN
11296.15,93203.07,15,0,0,NET_BANKING,DEPOSIT,IN
7443.84,104499.22,16,1,0,NET_BANKING,TRANSFER,IN
6744.55,111943.05999999998,17,0,0,NET_BANKING,TRANSFER,SG
9911.1,118687.61,18,0,0,NET_BANKING,DEPOSIT,IN
3740.76,128598.71,19,0,0,NET_BANKING,WITHDRAWAL,IN
8089.62,132339.47,20,0,0,NET_BANKING,TRANSFER,IN
4303.07,140429.09,21,1,0,NET_BANKING,DEPOSIT,IN
3449.31,144732.16,22,1,0,NET_BANKING,WITHDRAWAL,IN
10274.04,148181.47,23,0,0,NET_BANKING,TRANSFER,AE
12185.9,158455.51,24,0,0,NET_BANKING,WITHDRAWAL,IN
8185.63,170641.41,25,1,0,NET_BANKING,TRANSFER,IN
10078.07,178827.04,26,0,0,UPI,WITHDRAWAL,US
11392.05,185911.75000000003,26,0,0,NET_BANKING,WITHDRAWAL,AE
12390.33,197303.8,27,0,0,NET_BANKING,WITHDRAWAL,IN
6897.45,204831.93,27,0,0,NET_BANKING,WITHDRAWAL,IN
6944.76,202633.46,27,0,0,NET_BANKING,DEPOSIT,IN
11849.78,209578.22,28,0,0,UPI,TRANSFER,IN
4186.9,202367.58,27,0,0,NET_BANKING,TRANSFER,IN
4056.47,206554.48,28,0,0,NET_BANKING,DEPOSIT,IN
16929.81,0.0,0,1,0,UPI,TRANSFER,IN
22954.34,16929.81,1,0,0,UPI,DEPOSIT,IN
24795.15,39884.15,2,0,0,UPI,TRANSFER,IN
10147.17,64679.3,3,0,0,UPI,TRANSFER,IN
10075.53,74826.47,4,0,0,UPI,TRANSFER,US
21809.05,84902.0,5,1,1,UPI,WITHDRAWAL,US
9548.16,106711.05,6,0,1,UPI,TRANSFER,IN
13781.76,116259.21,7,0,1,UPI,TRANSFER,SG
23767.06,130040.97,8,0,1,CARD,DEPOSIT,IN
14083.57,153808.03,9,0,0,NET_BANKING,DEPOSIT,IN
21529.56,167891.6,10,0,0,UPI,TRANSFER,IN
14073.42,189421.16,11,0,0,UPI,TRANSFER,SG
17135.89,203494.58,12,0,0,UPI,TRANSFER,IN
8084.21,220630.47000000003,13,0,0,CARD,TRANSFER,IN
23452.59,228714.68,14,0,0,UPI,DEPOSIT,AE
12054.82,252167.27,15,1,0,CARD,DEPOSIT,IN
16409.01,264222.09,16,1,0,UPI,TRANSFER,IN
19552.98,280631.10000000003,17,0,0,UPI,TRANSFER,IN
23487.17,300184.08,18,0,0,UPI,DEPOSIT,IN
8644.74,323671.25,19,0,0,UPI,DEPOSIT,IN
14684.34,332315.99,20,1,0,UPI,TRANSFER,IN
13556.47,347000.33,21,0,0,UPI,TRANSFER,IN
16370.56,320672.65,20,0,0,UPI,DEPOSIT,SG
23946.52,337043.21,21,0,0,UPI,TRANSFER,IN
6514.26,360989.73,22,1,0,UPI,TRANSFER,US
21860.73,342708.8400000001,22,0,0,UPI,WITHDRAWAL,IN
1203.81,0.0,0,1,0,UPI,TRANSFER,US
3409.61,1203.81,1,0,0,UPI,DEPOSIT,IN
3933.07,4613.42,2,0,0,UPI,WITHDRAWAL,IN
3649.15,8546.49,3,1,0,UPI,WITHDRAWAL,IN
3696.74,12195.64,4,0,0,UPI,DEPOSIT,IN
1731.71,15892.38,5,1,0,UPI,WITHDRAWAL,IN
2264.72,17624.09,6,1,0,UPI,WITHDRAWAL,IN
4130.51,19888.81,7,0,1,UPI,DEPOSIT,IN
2242.56,24019.32,8,0,1,UPI,TRANSFER,IN
1914.08,26261.88,9,0,1,UPI,WITHDRAWAL,US
4428.42,28175.96,10,1,1,UPI,TRANSFER,IN
1849.03,32604.379999999997,11,0,0,UPI,WITHDRAWAL,IN
3834.65,34453.409999999996,12,0,0,NET_BANKING,DEPOSIT,IN
3439.9,38288.06,13,0,0,UPI,TRANSFER,IN
3291.99,41727.96,14,1,0,UPI,TRANSFER,IN
2443.25,45019.95,15,0,0,UPI,WITHDRAWAL,IN
3129.57,47463.2,16,0,0,UPI,TRANSFER,AE
1496.89,50592.77,17,0,0,UPI,TRANSFER,IN
2888.14,52089.66,18,0,0,UPI,DEPOSIT,IN
2605.64,54977.8,19,0,0,NET_BANKING,WITHDRAWAL,AE
4031.97,57583.439999999995,20,1,0,NET_BANKING,WITHDRAWAL,IN
3639.25,61615.41,21,0,0,UPI,TRANSFER,US
4735.49,64050.85,21,0,0,UPI,DEPOSIT,US
3739.54,65376.73,21,1,0,UPI,DEPOSIT,IN
4450.46,69116.26999999999,22,0,0,UPI,WITHDRAWAL,IN
1384.49,73566.73,23,0,0,UPI,WITHDRAWAL,IN
4119.93,67369.0,22,0,0,UPI,DEPOSIT,IN
1762.98,63795.759999999995,20,0,0,UPI,DEPOSIT,IN
3307.55,61428.23,20,1,1,UPI,TRANSFER,IN
4030.67,64735.78,21,0,1,UPI,WITHDRAWAL,US
1424.69,68766.45,22,0,1,NET_BANKING,WITHDRAWAL,AE
1344.25,66034.5,21,0,1,UPI,DEPOSIT,US
3386.37,62950.33,21,0,1,NET_BANKING,WITHDRAWAL,IN
2112.66,66336.7,22,0,1,UPI,TRANSFER,IN
9535.52,0.0,0,1,0,CARD,TRANSFER,IN
13205.189851519572,9535.52,1,0,0,CARD,DEPOSIT,IN
4280.69,22740.709851519576,2,0,0,CARD,TRANSFER,IN
4573.84,27021.399851519574,3,0,0,CARD,TRANSFER,IN
7991.69,31595.239851519575,4,0,0,CARD,DEPOSIT,IN
9008.27,39586.92985151958,5,0,0,CARD,DEPOSIT,IN
5985.85,48595.199851519574,6,1,1,CARD,TRANSFER,IN
15681.97305356546,54581.04985151957,7,0,1,CARD,DEPOSIT,IN
8466.63,70263.02290508503,8,0,1,CARD,DEPOSIT,IN
7082.77,78729.65290508504,9,0,1,CARD,TRANSFER,IN
8700.03,85812.42290508504,10,1,0,CARD,WITHDRAWAL,IN
3681.08,94512.45290508504,11,0,0,CARD,TRANSFER,IN
12329.87,98193.53290508504,12,0,0,CARD,WITHDRAWAL,IN
12356.7,110523.40290508504,13,1,0,CARD,WITHDRAWAL,IN
7924.16,122880.10290508503,14,0,0,CARD,DEPOSIT,IN
4553.21,130804.26290508504,15,0,0,CARD,TRANSFER,IN
4076.44,135357.47290508504,16,0,0,CARD,WITHDRAWAL,IN
4102.84,139433.91290508505,17,0,0,CARD,DEPOSIT,IN
11560.22,143536.75290508504,18,0,0,CARD,TRANSFER,IN
9447.3,155096.97290508504,19,0,0,CARD,DEPOSIT,SG
3979.95,141803.56305356545,18,0,0,CARD,TRANSFER,IN
11687.37,145783.51305356546,19,0,0,CARD,WITHDRAWAL,US
11231.68,153190.19305356545,19,0,0,CARD,TRANSFER,IN
3523.79,159848.03305356545,19,1,0,CARD,DEPOSIT,IN
41670.57426513505,140386.0130535655,17,0,1,CARD,WITHDRAWAL,IN
5178.3,182056.58731870053,18,0,1,CARD,TRANSFER,IN
2604.49,171552.91426513504,18,0,1,CARD,WITHDRAWAL,IN
7741.87,165690.77426513503,18,0,1,CARD,DEPOSIT,IN
10174.25,173432.64426513502,19,0,1,CARD,WITHDRAWAL,IN
9907.53,176524.12426513503,19,0,0,UPI,WITHDRAWAL,IN
4565.6,186431.65426513503,20,0,0,CARD,TRANSFER,IN
23556.42,0.0,0,1,0,CARD,TRANSFER,IN
19875.55,23556.42,1,1,0,CARD,TRANSFER,IN
14353.22,43431.97,2,0,0,CARD,WITHDRAWAL,IN
15564.39,57785.19,3,1,0,CARD,DEPOSIT,IN
23213.15,73349.58,4,0,0,CARD,DEPOSIT,IN
22515.29,96562.73,5,0,1,CARD,DEPOSIT,IN
16972.51,119078.02000000002,6,0,1,UPI,TRANSFER,IN
21856.41,136050.53000000003,7,0,1,CARD,DEPOSIT,IN
21533.49,157906.94000000003,8,1,1,CARD,TRANSFER,IN
8737.47,179440.43000000002,9,0,1,CARD,WITHDRAWAL,IN
22416.87,188177.9,10,0,0,NET_BANKING,TRANSFER,IN
10712.22,210594.77,11,0,0,CARD,DEPOSIT,IN
7292.9,221306.99,12,0,0,CARD,WITHDRAWAL,IN
21241.07,228599.89,13,0,0,CARD,WITHDRAWAL,IN
8360.95,249840.96,14,0,0,CARD,WITHDRAWAL,IN
11812.18,258201.91000000003,15,0,0,CARD,DEPOSIT,IN
19804.1,270014.09,16,0,0,CARD,DEPOSIT,US
7129.17,289818.19,17,0,0,UPI,DEPOSIT,IN
20440.97,296947.36,18,0,0,UPI,DEPOSIT,IN
5749.76,317388.32999999996,19,1,0,CARD,TRANSFER,IN
9147.25,323138.08999999997,20,0,0,CARD,DEPOSIT,IN
23575.65,332285.33999999997,21,0,0,CARD,TRANSFER,IN
10614.62,355860.99,22,0,0,CARD,DEPOSIT,IN
8385.24,366475.61,23,1,0,CARD,TRANSFER,US
20937.66,374860.85,24,0,0,CARD,WITHDRAWAL,IN
22375.08,372242.0899999999,24,0,0,CARD,TRANSFER,IN
10949.6,0.0,0,1,0,UPI,WITHDRAWAL,IN
7903.63,10949.6,1,1,0,UPI,WITHDRAWAL,IN
9593.54,18853.23,2,0,0,UPI,DEPOSIT,SG
7953.16,28446.77,3,0,0,UPI,DEPOSIT,IN
12474.65,36399.93,4,0,0,UPI,TRANSFER,IN
6679.03,48874.58,5,0,0,UPI,TRANSFER,US
7785.65,55553.61,6,0,0,CARD,WITHDRAWAL,IN
11485.99,63339.26,7,0,1,UPI,WITHDRAWAL,IN
8066.24,74825.25,8,0,1,UPI,WITHDRAWAL,IN
10822.99,82891.49,9,0,1,UPI,TRANSFER,IN
8890.5,93714.48,10,1,1,UPI,WITHDRAWAL,IN
5238.9,102604.98,11,0,0,UPI,WITHDRAWAL,IN
7896.28,107843.88,12,1,0,UPI,TRANSFER,IN
2598.91,115740.16,13,1,0,UPI,DEPOSIT,US
6813.87,118339.07,14,0,0,NET_BANKING,TRANSFER,IN
11784.12,125152.94,15,0,0,CARD,TRANSFER,AE
10154.556810283755,136937.06,16,0,0,UPI,DEPOSIT,AE
3298.72,147091.61681028374,17,0,0,UPI,WITHDRAWAL,IN
2863.47,150390.33681028374,18,1,0,UPI,DEPOSIT,IN
3744.32,153253.80681028374,19,0,0,NET_BANKING,TRANSFER,IN
22221.00885089928,156998.12681028375,20,0,0,UPI,TRANSFER,IN
10066.89,179219.13566118304,21,0,0,UPI,WITHDRAWAL,IN
10785.949177425671,189286.02566118303,22,0,0,UPI,WITHDRAWAL,IN
11277.79,181218.7448386087,21,0,0,UPI,DEPOSIT,IN
16885.28,0.0,0,1,0,CARD,WITHDRAWAL,IN
39167.4,16885.28,1,0,0,CARD,WITHDRAWAL,IN
38249.9,56052.68,2,0,0,CARD,TRANSFER,IN
30343.09,94302.58,3,0,0,CARD,WITHDRAWAL,IN
28295.27,124645.67,4,0,1,CARD,WITHDRAWAL,IN
44953.62,152940.94,5,0,1,NET_BANKING,DEPOSIT,IN
35398.37,197894.56,6,0,1,CARD,DEPOSIT,IN
15583.64,233292.93,7,0,1,CARD,DEPOSIT,IN
18158.29,248876.57,8,1,1,CARD,DEPOSIT,IN
27334.85,267034.86,9,1,1,CARD,TRANSFER,IN
11151.9,294369.70999999996,10,0,1,CARD,DEPOSIT,IN
25031.89,305521.61,11,1,0,CARD,WITHDRAWAL,AE
40221.83,330553.5,12,0,0,NET_BANKING,TRANSFER,AE
13765.95,370775.33,13,0,0,CARD,DEPOSIT,IN
34550.04,384541.28,14,0,0,CARD,WITHDRAWAL,IN
16666.26,419091.32,15,0,0,NET_BANKING,WITHDRAWAL,US
32946.3,435757.58,16,1,0,CARD,WITHDRAWAL,SG
44474.57,468703.88,17,0,0,CARD,WITHDRAWAL,IN
2413.63,0.0,0,1,0,CARD,TRANSFER,IN
2216.1,2413.63,1,0,0,CARD,WITHDRAWAL,IN
1673.14,4629.73,2,0,0,CARD,DEPOSIT,IN
1031.85,6302.87,3,0,0,CARD,DEPOSIT,IN
1285.57,7334.719999999999,4,1,0,CARD,DEPOSIT,IN
4308.78,8620.289999999999,5,0,0,UPI,TRANSFER,IN
3084.39,12929.07,6,0,0,CARD,DEPOSIT,IN
1429.44,16013.46,7,0,1,CARD,DEPOSIT,IN
4909.92,17442.899999999998,8,0,1,CARD,TRANSFER,IN
1721.08,22352.82,9,0,1,NET_BANKING,DEPOSIT,IN
4635.12,24073.9,10,1,1,CARD,DEPOSIT,IN
1005.86,28709.02,11,1,1,CARD,DEPOSIT,IN
1036.85,29714.88,12,0,1,CARD,DEPOSIT,IN
4550.87,30751.73,13,0,0,CARD,DEPOSIT,IN
1700.37,35302.6,14,1,0,CARD,DEPOSIT,IN
1011.16,37002.97,15,0,0,CARD,WITHDRAWAL,IN
1680.1,38014.130000000005,16,1,0,CARD,WITHDRAWAL,IN
1920.85,39694.23,17,0,0,CARD,DEPOSIT,IN
1441.12,41615.08,18,0,0,CARD,TRANSFER,IN
4739.24,43056.2,19,0,0,CARD,WITHDRAWAL,IN
1995.97,47795.44,20,0,0,CARD,WITHDRAWAL,IN
2599.82,49791.41,21,0,0,UPI,DEPOSIT,US
1025.91,52391.23,22,0,0,NET_BANKING,WITHDRAWAL,IN
1058.22,53417.14000000001,23,0,0,CARD,DEPOSIT,IN
4269.0,54475.36000000001,24,0,0,CARD,DEPOSIT,IN
4599.74,56330.73,24,0,0,UPI,TRANSFER,AE
4381.57,60930.47,25,1,0,CARD,WITHDRAWAL,IN
1216.55,61422.8,24,0,0,CARD,DEPOSIT,US
4552.07,62639.35,25,0,0,CARD,DEPOSIT,IN
2387.51,0.0,0,1,0,UPI,WITHDRAWAL,IN
4257.99,2387.51,1,1,0,NET_BANKING,TRANSFER,IN
1825.35,6645.5,2,1,0,NET_BANKING,WITHDRAWAL,IN
3376.4,8470.85,3,0,0,CARD,DEPOSIT,IN
2862.06,11847.25,4,0,0,CARD,TRANSFER,IN
1927.81,14709.31,5,0,0,UPI,DEPOSIT,IN
1766.91,16637.12,6,0,0,CARD,DEPOSIT,IN
1669.19,18404.03,7,0,1,CARD,WITHDRAWAL,IN
2234.69,20073.22,8,0,1,UPI,DEPOSIT,IN
2707.57,22307.909999999996,9,1,1,NET_BANKING,DEPOSIT,IN
2710.64,25015.479999999996,10,0,1,CARD,TRANSFER,IN
2147.23,27726.119999999995,11,1,0,CARD,TRANSFER,IN
3885.01,29873.349999999995,12,0,0,CARD,WITHDRAWAL,IN
4943.31,33758.35999999999,13,1,0,CARD,WITHDRAWAL,IN
4529.21,38701.66999999999,14,0,0,CARD,DEPOSIT,IN
2202.57,43230.87999999999,15,0,0,CARD,WITHDRAWAL,IN
3582.62,45433.44999999999,16,1,0,CARD,WITHDRAWAL,US
1171.62,49016.06999999999,17,0,0,CARD,TRANSFER,IN
4849.89,50187.689999999995,18,1,0,CARD,WITHDRAWAL,IN
1629.68,55037.579999999994,19,0,0,UPI,DEPOSIT,AE
3748.57,56667.259999999995,20,0,0,CARD,TRANSFER,IN
3455.0,60415.829999999994,21,0,0,NET_BANKING,DEPOSIT,IN
1266.42,63870.829999999994,22,0,0,CARD,DEPOSIT,IN
2447.68,65137.24999999999,23,0,0,CARD,TRANSFER,IN
1827.28,67584.93,24,0,0,CARD,TRANSFER,IN
1797.29,67024.7,24,0,0,CARD,TRANSFER,IN
3416.83,68821.98999999999,25,0,0,CARD,DEPOSIT,IN
1505.71,67980.83,25,0,0,CARD,DEPOSIT,IN
4603.75,67661.19000000002,25,0,0,CARD,DEPOSIT,IN
2827.31,72264.94000000002,26,1,0,NET_BANKING,DEPOSIT,IN
1416.16,71715.85,26,0,0,CARD,WITHDRAWAL,IN
4551.14,68342.14,25,0,0,CARD,TRANSFER,IN
3582.74,71126.37,25,0,0,CARD,WITHDRAWAL,IN
4082.32,74709.11,26,0,1,CARD,DEPOSIT,IN
4449.17,74887.55000000002,25,0,1,UPI,TRANSFER,IN
2633.71,0.0,0,1,0,UPI,DEPOSIT,IN
12180.69,2633.71,1,0,0,UPI,WITHDRAWAL,IN
5927.45,14814.4,2,0,0,CARD,WITHDRAWAL,US
10460.94,20741.85,3,0,0,NET_BANKING,TRANSFER,IN
11550.3,31202.79,4,0,0,UPI,TRANSFER,IN
2998.79,42753.09,5,0,0,CARD,DEPOSIT,IN
10873.84,45751.88,6,0,1,UPI,WITHDRAWAL,IN
6214.28,56625.72,7,0,1,UPI,WITHDRAWAL,SG
7874.66,62840.0,8,0,1,UPI,WITHDRAWAL,AE
6165.8,70714.66,9,1,1,NET_BANKING,WITHDRAWAL,IN
7228.19,76880.46,10,0,1,UPI,DEPOSIT,IN
8389.89,84108.65000000001,11,0,1,NET_BANKING,WITHDRAWAL,IN
3456.24,92498.54,12,0,0,UPI,WITHDRAWAL,IN
8782.06,95954.78,13,0,0,UPI,TRANSFER,IN
7251.94,104736.84,14,0,0,UPI,DEPOSIT,SG
7465.28,111988.78,15,0,0,UPI,DEPOSIT,IN
4337.9,119454.06,16,0,0,UPI,DEPOSIT,IN
20439.87,0.0,0,1,0,UPI,WITHDRAWAL,IN
12742.12,20439.87,1,0,0,UPI,TRANSFER,IN
5741.88,33181.99,2,0,0,CARD,WITHDRAWAL,IN
24500.0,38923.869999999995,3,1,0,NET_BANKING,DEPOSIT,IN
21190.93,63423.869999999995,4,1,0,UPI,DEPOSIT,IN
16927.59,84614.79999999999,5,0,1,NET_BANKING,DEPOSIT,IN
11575.94,101542.38999999998,6,0,1,UPI,WITHDRAWAL,IN
19747.91,113118.33,7,0,1,UPI,WITHDRAWAL,IN
19554.58,132866.24,8,0,1,UPI,TRANSFER,IN
16232.57,152420.82,9,0,1,UPI,WITHDRAWAL,AE
19035.78,168653.39,10,1,0,UPI,DEPOSIT,IN
23430.54,187689.17,11,1,0,UPI,TRANSFER,IN
18838.87,211119.71,12,0,0,UPI,DEPOSIT,IN
21672.1,229958.58,13,1,0,UPI,TRANSFER,IN
19370.26,251630.68,14,1,0,UPI,TRANSFER,IN
16916.83,271000.94,15,0,0,CARD,DEPOSIT,IN
5675.64,287917.77,16,0,0,UPI,WITHDRAWAL,IN
19195.17,293593.41000000003,17,0,0,NET_BANKING,WITHDRAWAL,US
13162.22,0.0,0,1,0,NET_BANKING,DEPOSIT,IN
22110.02,13162.22,1,0,0,NET_BANKING,TRANSFER,IN
24271.67,35272.24,2,0,0,NET_BANKING,TRANSFER,US
7703.25,59543.91,3,0,0,NET_BANKING,WITHDRAWAL,AE
11547.41,67247.16,4,0,0,NET_BANKING,WITHDRAWAL,IN
21300.97,78794.57,5,0,1,NET_BANKING,WITHDRAWAL,IN
11323.76,100095.54,6,1,1,NET_BANKING,WITHDRAWAL,IN
23790.33,111419.3,7,0,1,NET_BANKING,TRANSFER,IN
24497.75,135209.63,8,0,1,NET_BANKING,TRANSFER,IN
7769.33,159707.38,9,1,0,NET_BANKING,WITHDRAWAL,AE
9465.62,167476.71,10,0,0,CARD,DEPOSIT,SG
18017.51,176942.33,11,0,0,NET_BANKING,DEPOSIT,IN
23718.6,194959.84,12,0,0,CARD,TRANSFER,IN
12951.68,218678.44,13,0,0,NET_BANKING,DEPOSIT,IN
11361.87,231630.12,14,0,0,NET_BANKING,WITHDRAWAL,IN
6111.24,242991.99,15,1,0,NET_BANKING,WITHDRAWAL,IN
6810.94,249103.23,16,0,0,CARD,WITHDRAWAL,IN
7789.9,255914.17,17,0,0,UPI,TRANSFER,IN
6680.71,250541.85,17,1,0,NET_BANKING,TRANSFER,IN
66397.5977413167,0.0,0,1,0,CARD,TRANSFER,SG
12177.8,66397.5977413167,1,0,0,CARD,WITHDRAWAL,IN
20721.02,78575.3977413167,2,0,0,CARD,WITHDRAWAL,IN
22587.03,99296.4177413167,3,1,0,CARD,DEPOSIT,IN
13501.19,121883.4477413167,4,0,0,NET_BANKING,WITHDRAWAL,IN
8620.78,135384.6377413167,5,0,1,CARD,DEPOSIT,IN
34487.559158673954,144005.4177413167,6,0,1,CARD,WITHDRAWAL,IN
16682.11,178492.97689999064,7,0,1,CARD,DEPOSIT,IN
22884.48,195175.08689999065,8,0,1,CARD,WITHDRAWAL,IN
19549.06,218059.56689999063,9,0,1,CARD,DEPOSIT,AE
10000.04,237608.62689999063,10,0,1,CARD,DEPOSIT,IN
24516.71,247608.66689999064,11,0,0,CARD,TRANSFER,SG
21311.1,272125.37689999066,12,1,0,CARD,DEPOSIT,IN
6128.34,293436.47689999064,13,0,0,CARD,TRANSFER,IN
9814.99,299564.81689999066,14,0,0,CARD,TRANSFER,IN
63668.29725958601,309379.80689999065,15,0,0,CARD,DEPOSIT,AE
60003.711802094,373048.10415957664,16,0,0,CARD,DEPOSIT,IN
16424.32,433051.81596167065,17,0,0,CARD,WITHDRAWAL,IN
20990.768569318963,449476.13596167066,18,0,0,NET_BANKING,DEPOSIT,IN
7161.63,470466.9045309897,19,0,0,UPI,WITHDRAWAL,US
13617.84,477628.53453098965,20,0,0,CARD,TRANSFER,IN
17848.39,491246.3745309897,21,0,0,UPI,WITHDRAWAL,IN
24645.01,442697.166789673,21,0,0,CARD,TRANSFER,IN
12226.25,467342.176789673,22,0,0,CARD,WITHDRAWAL,IN
16331.86,467390.626789673,22,0,0,CARD,WITHDRAWAL,IN
21063.34,483722.486789673,23,0,0,CARD,WITHDRAWAL,IN
8694.18,461477.776789673,22,0,0,CARD,DEPOSIT,IN
13761.36,413562.42763099907,20,0,1,CARD,DEPOSIT,IN
16609.35,427323.78763099905,21,1,1,CARD,DEPOSIT,IN
13595.88,427251.02763099904,21,1,1,CARD,WITHDRAWAL,IN
19351.78,417962.42763099895,21,0,1,CARD,WITHDRAWAL,IN
26611.25354124215,437314.2076309989,22,1,1,CARD,TRANSFER,US
16840.31,463925.4611722411,23,0,1,CARD,WITHDRAWAL,IN
19522.81,451216.6711722411,22,0,0,NET_BANKING,WITHDRAWAL,IN
63214.57134220816,470739.4811722411,23,0,0,CARD,DEPOSIT,IN
89887.24668959311,509437.34251444926,23,0,0,CARD,TRANSFER,IN
10516.8,578013.4892040424,23,1,0,CARD,TRANSFER,IN
39300.59492540578,582401.9492040423,23,0,0,CARD,WITHDRAWAL,IN
2796.32,0.0,0,1,0,NET_BANKING,DEPOSIT,IN
4202.1,2796.32,1,0,0,CARD,DEPOSIT,IN
2299.55,6998.42,2,0,0,NET_BANKING,TRANSFER,IN
2902.69,9297.97,3,0,0,NET_BANKING,TRANSFER,IN
1698.9,12200.660000000002,4,0,0,NET_BANKING,TRANSFER,IN
3208.18,13899.56,5,0,0,NET_BANKING,WITHDRAWAL,AE
2060.41,17107.74,6,0,0,NET_BANKING,WITHDRAWAL,IN
1791.34,19168.15,7,0,1,NET_BANKING,DEPOSIT,IN
1336.1,20959.49,8,0,1,NET_BANKING,TRANSFER,IN
2026.5,22295.59,9,0,1,CARD,WITHDRAWAL,IN
3547.95,24322.09,10,0,1,NET_BANKING,TRANSFER,IN
4749.57,27870.04,11,0,1,NET_BANKING,TRANSFER,IN
1781.6,32619.61,12,0,0,NET_BANKING,WITHDRAWAL,IN
4401.5,34401.21,13,0,0,UPI,WITHDRAWAL,IN
2031.87,38802.71,14,1,0,NET_BANKING,WITHDRAWAL,AE
2367.67,40834.58,15,0,0,NET_BANKING,WITHDRAWAL,IN
3800.93,43202.25,16,0,0,NET_BANKING,DEPOSIT,IN
3509.76,47003.18,17,0,0,NET_BANKING,DEPOSIT,IN
3625.26,50512.94,18,1,0,NET_BANKING,WITHDRAWAL,IN
2048.72,54138.2,19,0,0,NET_BANKING,WITHDRAWAL,IN
4022.99,56186.920000000006,20,0,0,NET_BANKING,DEPOSIT,IN
4814.51,60209.91,21,0,0,NET_BANKING,TRANSFER,SG
1942.28,65024.420000000006,22,1,0,NET_BANKING,WITHDRAWAL,US
4372.11,64170.380000000005,22,0,0,NET_BANKING,TRANSFER,IN
3158.21,62040.84,21,0,0,NET_BANKING,WITHDRAWAL,IN
2294.57,62296.36,21,0,0,NET_BANKING,TRANSFER,IN
3529.44,59683.85,20,0,0,NET_BANKING,WITHDRAWAL,IN
2596.15,61152.880000000005,20,0,0,NET_BANKING,TRANSFER,IN
2255.01,0.0,0,1,0,NET_BANKING,DEPOSIT,IN
4358.61,2255.01,1,0,0,NET_BANKING,DEPOSIT,IN
1658.2,6613.62,2,0,0,NET_BANKING,TRANSFER,IN
2341.18,8271.82,3,0,0,NET_BANKING,TRANSFER,IN
1563.12,10613.0,4,0,0,NET_BANKING,DEPOSIT,IN
2069.32,12176.12,5,0,0,NET_BANKING,WITHDRAWAL,IN
3032.81,14245.44,6,0,1,CARD,WITHDRAWAL,SG
1900.9,17278.25,7,0,1,NET_BANKING,WITHDRAWAL,IN
1252.37,19179.15,8,0,1,UPI,DEPOSIT,IN
3826.96,20431.52,9,1,1,UPI,DEPOSIT,IN
2494.08,24258.48,10,0,0,NET_BANKING,TRANSFER,IN
3244.75,26752.56,11,1,0,CARD,DEPOSIT,IN
4134.71,29997.31,12,1,0,UPI,TRANSFER,IN
4036.57,34132.02,13,1,0,NET_BANKING,WITHDRAWAL,IN
4050.59,38168.59,14,0,0,CARD,TRANSFER,IN
3821.07,42219.17999999999,15,0,0,UPI,DEPOSIT,US
2410.39,46040.24999999999,16,0,0,UPI,WITHDRAWAL,IN
3090.66,48450.63999999999,17,1,0,NET_BANKING,TRANSFER,IN
1973.98,51541.29999999999,18,0,0,NET_BANKING,DEPOSIT,IN
3635.26,53515.27999999999,19,1,0,NET_BANKING,DEPOSIT,IN
3676.1,57150.53999999999,20,0,0,NET_BANKING,TRANSFER,SG
2675.93,60826.63999999999,21,0,0,CARD,WITHDRAWAL,IN
2460.66,63502.56999999999,22,0,0,UPI,DEPOSIT,AE
4250.42,65963.23,23,1,0,UPI,WITHDRAWAL,IN
2093.96,63600.03,22,0,0,NET_BANKING,DEPOSIT,IN
4632.54,61694.61000000001,21,1,0,NET_BANKING,DEPOSIT,IN
3987.77,66327.15000000001,22,0,0,UPI,WITHDRAWAL,IN
3011.39,70314.92000000001,23,0,0,NET_BANKING,DEPOSIT,IN
1163.06,71763.19000000002,23,0,0,UPI,WITHDRAWAL,IN
3219.62,72926.25000000001,24,0,0,NET_BANKING,TRANSFER,IN
36867.67,0.0,0,1,0,UPI,DEPOSIT,IN
42116.62,36867.67,1,0,0,UPI,WITHDRAWAL,IN
32802.53,78984.29000000001,2,1,0,UPI,DEPOSIT,IN
35027.69,111786.82,3,0,0,UPI,TRANSFER,IN
34078.42,146814.51,4,0,0,UPI,WITHDRAWAL,IN
24913.0,180892.93,5,0,1,UPI,TRANSFER,IN
21752.97,205805.93,6,1,1,UPI,DEPOSIT,IN
46126.34,227558.9,7,0,1,NET_BANKING,TRANSFER,IN
17556.18,273685.24,8,0,1,UPI,TRANSFER,IN
23557.31,291241.42,9,0,1,CARD,TRANSFER,IN
37246.66,314798.73,10,0,1,UPI,WITHDRAWAL,IN
38809.12,352045.39,11,0,0,UPI,DEPOSIT,IN
22778.27,390854.51,12,1,0,UPI,TRANSFER,IN
42765.26,413632.78,13,0,0,UPI,DEPOSIT,IN
10042.62,456398.04,14,0,0,UPI,TRANSFER,IN
48738.67,466440.66,15,0,0,UPI,DEPOSIT,IN
12240.41,515179.33,16,0,0,CARD,TRANSFER,IN
19846.99,527419.74,17,0,0,NET_BANKING,DEPOSIT,IN
27949.38,547266.73,18,0,0,UPI,TRANSFER,US
20020.71,575216.11,19,0,0,UPI,WITHDRAWAL,IN
15784.84,595236.82,20,0,0,UPI,WITHDRAWAL,IN
28399.58,532037.37,19,0,0,UPI,WITHDRAWAL,IN
17458.73,560436.95,20,0,0,UPI,TRANSFER,IN
23810.3,545093.15,20,0,0,CARD,TRANSFER,IN
21868.97,568903.4500000001,21,0,0,UPI,DEPOSIT,SG
10971.48,0.0,0,1,0,NET_BANKING,WITHDRAWAL,IN
9570.38,10971.48,1,0,0,NET_BANKING,DEPOSIT,IN
3643.14,20541.86,2,1,0,NET_BANKING,DEPOSIT,IN
9978.51,24185.0,3,0,0,NET_BANKING,DEPOSIT,IN
11936.1,34163.51,4,0,0,NET_BANKING,TRANSFER,AE
10739.74,46099.61,5,0,0,UPI,WITHDRAWAL,IN
5190.94,56839.35,6,0,0,NET_BANKING,WITHDRAWAL,IN
7012.43,62030.29,7,0,0,NET_BANKING,WITHDRAWAL,IN
11410.06,69042.72,8,0,0,NET_BANKING,DEPOSIT,IN
5201.81,80452.78,9,0,1,NET_BANKING,TRANSFER,IN
11465.15,85654.59,10,1,1,NET_BANKING,DEPOSIT,IN
7884.23,97119.74,11,0,1,NET_BANKING,DEPOSIT,IN
8892.66,105003.97,12,1,1,NET_BANKING,WITHDRAWAL,IN
5462.83,113896.63,13,0,1,UPI,DEPOSIT,IN
6565.99,119359.46,14,0,1,NET_BANKING,TRANSFER,IN
10965.87,125925.45,15,0,1,NET_BANKING,TRANSFER,IN
12012.9,136891.32,16,0,0,NET_BANKING,WITHDRAWAL,US
4256.9,148904.22,17,1,0,NET_BANKING,TRANSFER,IN
9249.6,153161.12,18,0,0,NET_BANKING,DEPOSIT,IN
6165.57,162410.72,19,0,0,NET_BANKING,WITHDRAWAL,IN
3468.28,168576.29,20,0,0,NET_BANKING,WITHDRAWAL,IN
7359.12,172044.57,21,1,0,NET_BANKING,WITHDRAWAL,IN
9068.53,179403.69,22,0,0,CARD,TRANSFER,IN
4631.07,188472.22,23,0,0,NET_BANKING,WITHDRAWAL,IN
12084.21,193103.29,24,1,0,NET_BANKING,WITHDRAWAL,IN
7523.59,205187.5,25,0,0,CARD,WITHDRAWAL,IN
4681.0,212711.09,26,0,0,NET_BANKING,WITHDRAWAL,IN
11662.63,193207.08999999997,24,0,0,NET_BANKING,TRANSFER,IN
1134.1,0.0,0,1,0,UPI,TRANSFER,US
4610.75,1134.1,1,1,0,CARD,WITHDRAWAL,IN
4399.25,5744.85,2,0,0,UPI,DEPOSIT,SG
2400.26,10144.1,3,1,0,UPI,TRANSFER,IN
3264.15,12544.36,4,0,0,UPI,TRANSFER,IN
1953.8,15808.51,5,0,0,UPI,DEPOSIT,IN
1317.97,17762.31,6,0,1,UPI,DEPOSIT,AE
4050.32,19080.28,7,0,1,UPI,TRANSFER,US
3002.19,23130.6,8,0,1,UPI,TRANSFER,IN
2835.32,26132.79,9,1,1,UPI,WITHDRAWAL,IN
2456.47,28968.11,10,0,1,UPI,TRANSFER,IN
3628.27,31424.58,11,0,1,UPI,DEPOSIT,IN
3102.97,35052.85,12,0,0,UPI,DEPOSIT,IN
3246.84,38155.82,13,0,0,UPI,DEPOSIT,IN
2264.78,41402.66,14,0,0,UPI,DEPOSIT,IN
2936.27,43667.44,15,0,0,NET_BANKING,TRANSFER,IN
4521.67,46603.71,16,0,0,UPI,DEPOSIT,IN
2168.15,51125.38,17,1,0,CARD,DEPOSIT,AE
3440.45,53293.53,18,1,0,UPI,TRANSFER,IN
4112.03,56733.98,19,0,0,UPI,TRANSFER,IN
3991.59,60846.009999999995,20,1,0,UPI,DEPOSIT,IN
4385.07,64837.59999999999,21,0,0,UPI,TRANSFER,IN
2293.46,68088.56999999998,21,0,0,CARD,WITHDRAWAL,AE
4220.44,65771.27999999998,21,0,0,UPI,WITHDRAWAL,IN
3939.84,63192.20999999999,20,0,0,NET_BANKING,WITHDRAWAL,IN
2070.25,61914.09999999999,19,0,0,UPI,WITHDRAWAL,IN
3648.51,63984.34999999999,20,0,1,NET_BANKING,TRANSFER,SG
3522.51,67632.85999999999,21,0,1,NET_BANKING,WITHDRAWAL,IN
26297.68,0.0,0,1,0,CARD,WITHDRAWAL,US
32017.26,26297.68,1,0,0,CARD,WITHDRAWAL,IN
10146.78,58314.94,2,0,0,CARD,WITHDRAWAL,IN
34127.12,68461.72,3,0,0,CARD,TRANSFER,IN
14656.82,102588.84,4,0,0,CARD,DEPOSIT,IN
42904.62,117245.66,5,1,0,CARD,WITHDRAWAL,IN
36225.45,160150.28,6,0,0,UPI,DEPOSIT,IN
34213.6,196375.73,7,0,1,CARD,TRANSFER,IN
33261.76,230589.33,8,0,1,CARD,TRANSFER,IN
11869.44,263851.08999999997,9,0,1,CARD,DEPOSIT,IN
34067.46,275720.52999999997,10,0,1,CARD,WITHDRAWAL,IN
40332.9,309787.99,11,0,1,CARD,TRANSFER,IN
30425.71,350120.89,12,0,0,CARD,DEPOSIT,IN
16249.7,380546.6,13,0,0,CARD,WITHDRAWAL,IN
12570.5,396796.3000000001,14,0,0,CARD,DEPOSIT,IN
46699.18,409366.8000000001,15,0,0,CARD,DEPOSIT,US
45166.49,456065.98,16,0,0,NET_BANKING,TRANSFER,IN
10783.77,501232.47,17,0,0,CARD,DEPOSIT,IN
18625.89,512016.2400000001,18,0,0,CARD,TRANSFER,IN
25294.23,530642.13,19,0,0,CARD,WITHDRAWAL,IN
30541.24,555936.36,20,0,0,CARD,TRANSFER,US
24369.15,586477.6,21,0,0,CARD,TRANSFER,IN
13225.56,584549.0700000001,21,0,0,CARD,TRANSFER,IN
49170.72,597774.6300000001,22,0,0,NET_BANKING,DEPOSIT,IN
22779.75,614928.0900000001,22,0,0,CARD,TRANSFER,IN
19112.64,637707.8400000001,23,1,0,NET_BANKING,WITHDRAWAL,IN
48193.99,656820.4800000001,24,0,0,CARD,DEPOSIT,IN
14992.9,694867.6900000001,24,0,0,NET_BANKING,WITHDRAWAL,IN
28279.66,661076.65,23,1,0,CARD,WITHDRAWAL,IN
14288.86,689356.31,24,0,0,CARD,TRANSFER,SG
22985.55,590301.5000000001,22,0,1,CARD,WITHDRAWAL,IN
12352.41,580025.29,22,0,1,CARD,TRANSFER,IN
25178.95,580508.2600000001,22,0,1,CARD,WITHDRAWAL,IN
17430.19,571619.75,22,0,1,CARD,TRANSFER,IN
36653.22,548717.0399999999,22,0,0,CARD,TRANSFER,IN
14335.13,0.0,0,1,0,UPI,WITHDRAWAL,IN
19314.12,14335.13,1,0,0,UPI,TRANSFER,IN
8097.18,33649.25,2,0,0,UPI,DEPOSIT,IN
18235.42401913888,41746.43,3,0,0,UPI,WITHDRAWAL,IN
21388.06,59981.854019138875,4,0,0,UPI,WITHDRAWAL,IN
20077.62085266065,81369.91401913887,5,0,0,UPI,TRANSFER,IN
13864.18,101447.53487179952,6,1,1,UPI,WITHDRAWAL,AE
10901.33,115311.71487179952,7,0,1,UPI,TRANSFER,IN
14650.49,126213.04487179952,8,0,1,CARD,TRANSFER,IN
5654.63,140863.53487179952,9,0,1,NET_BANKING,TRANSFER,IN
15526.51,146518.16487179953,10,0,1,UPI,WITHDRAWAL,IN
5555.29,162044.67487179954,11,1,0,NET_BANKING,DEPOSIT,IN
59749.8691205745,167599.96487179954,12,0,0,NET_BANKING,TRANSFER,IN
8009.02,227349.83399237404,13,0,0,UPI,TRANSFER,IN
16016.91,235358.85399237403,14,0,0,UPI,WITHDRAWAL,US
21817.51,251375.76399237404,15,0,0,UPI,DEPOSIT,IN
6992.643655028374,0.0,0,1,0,UPI,WITHDRAWAL,IN
3199.34,6992.643655028374,1,0,0,NET_BANKING,DEPOSIT,IN
2736.05,10191.983655028374,2,0,0,CARD,DEPOSIT,IN
4057.1,12928.033655028376,3,0,0,CARD,WITHDRAWAL,IN
1612.42,16985.133655028374,4,1,0,NET_BANKING,TRANSFER,IN
4612.87,18597.553655028372,5,0,1,NET_BANKING,WITHDRAWAL,IN
2934.471626812672,23210.42365502837,6,0,1,NET_BANKING,DEPOSIT,SG
2346.15,26144.895281841043,7,0,1,NET_BANKING,DEPOSIT,IN
1675.72,28491.045281841045,8,0,1,NET_BANKING,TRANSFER,IN
14370.39669295277,30166.76528184105,9,1,1,NET_BANKING,TRANSFER,SG
1069.38,44537.16197479382,10,0,0,NET_BANKING,DEPOSIT,SG
2494.91,45606.541974793814,11,0,0,NET_BANKING,WITHDRAWAL,IN
1868.94,48101.45197479382,12,0,0,UPI,DEPOSIT,IN
2868.46,49970.39197479382,13,1,0,UPI,WITHDRAWAL,US
9065.937151221344,52838.85197479382,14,0,0,NET_BANKING,TRANSFER,IN
2232.39,61904.78912601517,15,0,0,NET_BANKING,DEPOSIT,IN
4444.7,64137.179126015166,16,0,0,NET_BANKING,WITHDRAWAL,IN
3948.29,68581.87912601516,17,0,0,NET_BANKING,DEPOSIT,IN
1093.61,72530.16912601516,18,0,0,NET_BANKING,TRANSFER,US
10252.18,0.0,0,1,0,NET_BANKING,DEPOSIT,IN
12174.61,10252.18,1,0,0,UPI,TRANSFER,IN
5428.48,22426.79,2,0,0,UPI,DEPOSIT,IN
6506.036354625702,27855.27,3,1,0,UPI,TRANSFER,IN
7161.92,34361.3063546257,4,1,0,NET_BANKING,TRANSFER,IN
5281.27,41523.2263546257,5,0,1,UPI,DEPOSIT,IN
4714.12,46804.496354625706,6,1,1,UPI,DEPOSIT,IN
8399.12,51518.61635462571,7,0,1,UPI,WITHDRAWAL,IN
6599.57,59917.73635462571,8,0,1,UPI,DEPOSIT,SG
3160.05,66517.3063546257,9,0,0,UPI,WITHDRAWAL,IN
8511.14,69677.3563546257,10,0,0,UPI,WITHDRAWAL,IN
7383.28,78188.4963546257,11,0,0,UPI,TRANSFER,IN
2703.42,85571.7763546257,12,0,0,UPI,WITHDRAWAL,IN
5418.06,88275.1963546257,13,1,0,CARD,TRANSFER,IN
7033.27,93693.2563546257,14,0,0,UPI,WITHDRAWAL,IN
10841.07,100726.5263546257,15,0,0,UPI,WITHDRAWAL,IN
3345.63,111567.59635462573,16,0,0,UPI,DEPOSIT,IN
17755.389675682396,114913.22635462572,17,0,0,UPI,TRANSFER,IN
7024.109768444101,132668.61603030813,18,0,0,UPI,DEPOSIT,SG
4316.27,139692.72579875222,19,0,0,UPI,WITHDRAWAL,IN
5204.21,144008.9957987522,20,1,0,NET_BANKING,TRANSFER,SG
9355.07,138961.0257987522,20,0,0,UPI,WITHDRAWAL,US
10487.614445996676,148316.0957987522,21,1,0,UPI,TRANSFER,IN
9892.12,146629.1002447489,21,1,0,UPI,TRANSFER,IN
8419.48,151092.7402447489,21,0,0,UPI,TRANSFER,IN
12456.95,159512.2202447489,22,0,0,UPI,DEPOSIT,SG
7278.06,165463.13389012322,22,0,0,UPI,TRANSFER,IN
17645.43,0.0,0,1,0,CARD,TRANSFER,IN
18349.46,17645.43,1,0,0,UPI,WITHDRAWAL,IN
5889.09,35994.89,2,0,0,UPI,DEPOSIT,IN
15566.33,41883.98,3,0,0,CARD,DEPOSIT,SG
23006.89,57450.31,4,0,0,UPI,DEPOSIT,IN
16398.46,80457.2,5,0,0,UPI,TRANSFER,IN
23387.63,96855.66,6,0,0,CARD,TRANSFER,IN
18600.69,120243.29,7,0,1,CARD,DEPOSIT,SG
23252.99,138843.98,8,0,1,UPI,TRANSFER,IN
10090.33,162096.97,9,0,1,UPI,WITHDRAWAL,IN
20397.67,172187.3,10,0,1,NET_BANKING,TRANSFER,IN
6654.85,192584.96999999997,11,1,0,CARD,WITHDRAWAL,IN
18030.19,199239.82,12,1,0,UPI,TRANSFER,IN
14486.44,217270.01,13,0,0,UPI,DEPOSIT,AE
21508.45,231756.45,14,0,0,UPI,DEPOSIT,IN
21273.62,253264.9,15,0,0,UPI,TRANSFER,IN
8096.87,274538.52,16,0,0,UPI,WITHDRAWAL,IN
8412.77,282635.39,17,0,0,UPI,WITHDRAWAL,IN
6696.26,291048.16000000003,18,0,0,UPI,WITHDRAWAL,IN
10881.38,297744.42000000004,19,1,0,UPI,WITHDRAWAL,US
10367.74,308625.80000000005,20,0,0,UPI,WITHDRAWAL,IN
17597.81,318993.54000000004,21,0,0,NET_BANKING,DEPOSIT,IN
20354.43,336591.35000000003,22,1,0,UPI,TRANSFER,IN
18795.9,356945.78,23,0,0,NET_BANKING,WITHDRAWAL,IN
17699.73,358096.25000000006,23,0,0,UPI,DEPOSIT,IN
20689.36,357446.52,23,0,0,UPI,WITHDRAWAL,IN
20360.49,378135.88,24,0,0,UPI,WITHDRAWAL,IN
14304.31,392607.28,24,0,0,UPI,WITHDRAWAL,AE
12572.95,391345.26,24,0,0,UPI,WITHDRAWAL,IN
20729.99,380911.32,24,0,0,UPI,WITHDRAWAL,IN
11115.52,401641.31,25,0,0,NET_BANKING,DEPOSIT,IN
22037.01,396358.37,25,0,0,UPI,WITHDRAWAL,IN
21784.8,395007.75,25,0,1,UPI,DEPOSIT,IN
22727.03,398191.86,25,1,1,CARD,TRANSFER,IN
7062.27,420918.89,26,1,1,UPI,DEPOSIT,IN
18522.48,404728.17,26,0,1,UPI,TRANSFER,IN
22552.83,423250.65,27,0,1,NET_BANKING,DEPOSIT,IN
18339.2,435713.15,27,0,1,UPI,TRANSFER,IN
11061.44,0.0,0,1,0,CARD,WITHDRAWAL,IN
31892.24,11061.44,1,0,0,NET_BANKING,TRANSFER,IN
128426.35160454546,42953.68,2,0,0,CARD,DEPOSIT,IN
18076.91,171380.03160454545,3,0,0,CARD,WITHDRAWAL,IN
13027.2,189456.94160454543,4,0,0,UPI,TRANSFER,US
49697.07,202484.14160454547,5,1,0,UPI,WITHDRAWAL,IN
13827.23,252181.21160454547,6,0,1,CARD,DEPOSIT,IN
17131.41,266008.44160454546,7,0,1,CARD,WITHDRAWAL,US
29792.505902307275,283139.85160454543,8,1,1,CARD,DEPOSIT,IN
36650.48078617175,312932.3575068527,9,0,1,CARD,DEPOSIT,IN
14709.73,349582.83829302446,10,0,1,CARD,WITHDRAWAL,IN
14866.48,364292.5682930245,11,0,0,CARD,TRANSFER,AE
35143.24,379159.0482930244,12,0,0,CARD,DEPOSIT,IN
84234.85836838279,414302.2882930244,13,1,0,UPI,WITHDRAWAL,IN
11224.36,498537.1466614072,14,0,0,CARD,WITHDRAWAL,IN
31639.39,509761.5066614072,15,0,0,NET_BANKING,WITHDRAWAL,IN
12267.79,541400.8966614072,16,0,0,CARD,DEPOSIT,IN
25647.42,553668.6866614072,17,1,0,CARD,WITHDRAWAL,AE
17513.89,579316.1066614073,18,0,0,CARD,TRANSFER,IN
23037.203219653547,596829.9966614073,19,1,0,CARD,DEPOSIT,IN
19464.7,619867.1998810609,20,0,0,CARD,WITHDRAWAL,IN
24786.38,639331.8998810608,21,0,0,CARD,WITHDRAWAL,IN
20030.14,664118.2798810608,22,0,0,CARD,WITHDRAWAL,IN
32067.96,684148.4198810608,23,0,0,CARD,WITHDRAWAL,SG
34463.72,716216.3798810608,24,0,0,NET_BANKING,DEPOSIT,IN
16720.35,707726.4198810607,23,0,0,NET_BANKING,TRANSFER,IN
32745.05,596020.4182765153,23,0,0,CARD,DEPOSIT,IN
47730.36,610688.5582765155,23,0,0,CARD,TRANSFER,IN
80039.10378143497,645391.7182765154,23,0,0,UPI,DEPOSIT,IN
15800.09,675733.7520579504,23,0,1,UPI,TRANSFER,IN
24215.21,691533.8420579503,24,0,1,CARD,TRANSFER,IN
42350.25,654997.906155643,22,1,1,CARD,WITHDRAWAL,AE
40183.73,645987.9453694713,21,0,1,CARD,TRANSFER,IN
62122.50302969998,636161.9553694712,20,1,0,CARD,DEPOSIT,IN
44507.92,698284.4583991712,21,0,0,NET_BANKING,WITHDRAWAL,IN
22625.18,658557.5200307885,21,0,0,CARD,TRANSFER,IN
95348.8145977594,0.0,0,1,0,NET_BANKING,WITHDRAWAL,IN
38529.49,95348.8145977594,1,1,0,CARD,DEPOSIT,IN
29550.68,133878.3045977594,2,1,0,UPI,DEPOSIT,IN
176798.55563752048,163428.98459775938,3,0,0,CARD,TRANSFER,IN
42400.88204774872,340227.5402352798,4,0,0,NET_BANKING,WITHDRAWAL,IN
12447.12,382628.42228302854,5,1,1,CARD,TRANSFER,US
42297.55,395075.54228302854,6,0,1,CARD,WITHDRAWAL,IN
38484.65,437373.0922830285,7,0,1,UPI,TRANSFER,IN
39518.55,475857.74228302855,8,0,1,CARD,TRANSFER,IN
37530.23,515376.29228302854,9,0,0,CARD,TRANSFER,IN
20362.57,552906.5222830286,10,0,0,CARD,WITHDRAWAL,IN
35883.58,573269.0922830285,11,0,0,CARD,TRANSFER,IN
25978.91,609152.6722830285,12,1,0,CARD,WITHDRAWAL,IN
129589.71130883793,635131.5822830285,13,0,0,CARD,TRANSFER,IN
11075.36,764721.2935918665,14,1,0,CARD,WITHDRAWAL,IN
35682.61,775796.6535918665,15,0,0,CARD,TRANSFER,IN
34318.49350554466,811479.2635918665,16,0,0,CARD,TRANSFER,IN
33775.31,845797.7570974111,17,0,0,CARD,TRANSFER,IN
39836.85,879573.067097411,18,0,0,UPI,TRANSFER,IN
99296.72074787754,919409.917097411,19,0,0,CARD,WITHDRAWAL,IN
11916.17,1018706.6378452884,20,1,0,CARD,TRANSFER,IN
12927.77,1030622.8078452884,21,0,0,CARD,WITHDRAWAL,SG
38478.21,1043550.5778452886,22,0,0,CARD,WITHDRAWAL,IN
16170.64,1082028.7878452886,23,1,0,CARD,DEPOSIT,IN
33198.3,1098199.4278452883,24,1,0,CARD,DEPOSIT,IN
34260.34,1036048.9132475292,24,1,0,UPI,TRANSFER,SG
13808.09,1031779.7632475292,24,0,0,CARD,TRANSFER,IN
49936.47,1045587.8532475292,25,0,0,UPI,WITHDRAWAL,IN
18109.49,1065973.6432475292,25,0,0,CARD,TRANSFER,IN
21826.45,907284.5776100088,25,0,0,CARD,TRANSFER,IN
30010.47,874263.02556226,24,1,1,CARD,TRANSFER,IN
2777.75,0.0,0,1,0,CARD,TRANSFER,IN
4712.84,2777.75,1,1,0,NET_BANKING,TRANSFER,IN
4672.69,7490.59,2,0,0,CARD,DEPOSIT,IN
1134.04,12163.28,3,0,0,CARD,WITHDRAWAL,IN
1208.56,13297.32,4,0,0,CARD,WITHDRAWAL,IN
1000.86,14505.88,5,0,0,CARD,TRANSFER,IN
4896.2,15506.74,6,0,0,CARD,DEPOSIT,IN
3878.33,20402.94,7,0,0,NET_BANKING,TRANSFER,IN
2307.78,24281.269999999997,8,0,0,CARD,TRANSFER,IN
4201.06,26589.049999999996,9,0,0,CARD,TRANSFER,IN
3223.09,30790.109999999997,10,0,1,CARD,WITHDRAWAL,IN
4494.64,34013.2,11,0,1,CARD,DEPOSIT,IN
4142.38,38507.84,12,1,1,CARD,DEPOSIT,IN
2980.26,42650.219999999994,13,0,1,NET_BANKING,DEPOSIT,IN
3408.11,45630.48,14,0,1,UPI,DEPOSIT,IN
4622.92,49038.59,15,1,1,CARD,DEPOSIT,IN
4654.55,53661.509999999995,16,0,0,CARD,TRANSFER,IN
4995.37,58316.06,17,0,0,CARD,WITHDRAWAL,IN
1852.57,63311.43,18,0,0,UPI,WITHDRAWAL,IN
3436.46,65164.0,19,0,0,CARD,WITHDRAWAL,IN
4499.57,68600.46,20,0,0,CARD,DEPOSIT,IN
2815.13,73100.03,21,1,0,NET_BANKING,WITHDRAWAL,IN
3965.16,75915.16,22,0,0,CARD,WITHDRAWAL,SG
3527.06,79880.32,23,0,0,CARD,DEPOSIT,IN
6972.72,0.0,0,1,0,CARD,TRANSFER,IN
4081.67,6972.72,1,0,0,NET_BANKING,DEPOSIT,IN
10566.36,11054.39,2,0,0,NET_BANKING,TRANSFER,IN
9917.32,21620.75,3,0,0,UPI,DEPOSIT,IN
13618.809424476834,31538.07,4,0,0,UPI,TRANSFER,IN
6486.21,45156.87942447683,5,0,1,UPI,WITHDRAWAL,IN
10602.73,51643.089424476835,6,1,1,UPI,DEPOSIT,IN
8788.31,62245.81942447684,7,0,1,UPI,TRANSFER,IN
19539.65398131617,71034.12942447684,8,0,1,UPI,TRANSFER,IN
19362.578890208468,90573.783405793,9,0,1,NET_BANKING,DEPOSIT,IN
6291.67,109936.36229600146,10,1,1,UPI,TRANSFER,IN
2543.62,116228.03229600146,11,0,0,UPI,TRANSFER,IN
12327.25942299861,118771.65229600146,12,0,0,CARD,DEPOSIT,IN
7898.11,131098.91171900005,13,1,0,UPI,WITHDRAWAL,IN
2607.76,138997.02171900004,14,0,0,UPI,TRANSFER,SG
10784.05,141604.78171900005,15,0,0,UPI,WITHDRAWAL,IN
5889.11,152388.83171900004,16,1,0,UPI,WITHDRAWAL,IN
2503.86,0.0,0,1,0,UPI,DEPOSIT,IN
1287.89,2503.86,1,1,0,CARD,DEPOSIT,IN
3609.03,3791.75,2,0,0,UPI,DEPOSIT,IN
5916.523470997487,7400.780000000001,3,0,0,CARD,WITHDRAWAL,IN
3915.35,13317.303470997487,4,0,0,NET_BANKING,TRANSFER,IN
1414.22,17232.653470997488,5,0,0,CARD,WITHDRAWAL,IN
4601.5574387144625,18646.87347099749,6,1,0,NET_BANKING,TRANSFER,IN
3157.4,23248.43090971195,7,0,1,CARD,DEPOSIT,US
3602.6,26405.830909711953,8,0,1,CARD,TRANSFER,IN
9494.659621090012,30008.43090971195,9,0,1,NET_BANKING,WITHDRAWAL,AE
2443.44,39503.090530801965,10,0,1,CARD,WITHDRAWAL,US
1126.81,41946.53053080197,11,0,0,NET_BANKING,WITHDRAWAL,IN
1478.09,43073.340530801965,12,0,0,CARD,TRANSFER,IN
4577.13,44551.43053080196,13,0,0,CARD,DEPOSIT,AE
7840.404227187543,49128.56053080196,14,1,0,CARD,WITHDRAWAL,IN
4881.02,56968.9647579895,15,0,0,CARD,TRANSFER,IN
1991.53,61849.9847579895,16,0,0,CARD,WITHDRAWAL,IN
5403.217137515898,63841.5147579895,17,0,0,UPI,WITHDRAWAL,IN
1259.63,69244.73189550539,18,0,0,NET_BANKING,TRANSFER,AE
6465.558763396221,70504.3618955054,19,0,0,CARD,WITHDRAWAL,IN
1977.59,76969.92065890162,20,0,0,UPI,TRANSFER,SG
12003.306661591268,78947.51065890162,21,0,0,UPI,WITHDRAWAL,US
9539.303041846351,88446.95732049289,21,1,0,CARD,TRANSFER,IN
7992.17298976283,96698.37036233924,21,0,0,CARD,TRANSFER,IN
1581.87,101081.51335210205,21,0,0,CARD,TRANSFER,IN
3990.49,91417.28988110456,19,0,0,CARD,DEPOSIT,IN
16785.12069993193,95407.77988110456,20,0,0,NET_BANKING,DEPOSIT,IN
4703.83,112192.90058103648,21,0,0,CARD,DEPOSIT,IN
1674.04,112295.17314232203,21,0,0,CARD,TRANSFER,IN
1022.23,0.0,0,1,0,CARD,WITHDRAWAL,SG
4722.92,1022.23,1,1,0,CARD,TRANSFER,IN
4854.7,5745.15,2,1,0,NET_BANKING,TRANSFER,IN
9310.530954429569,10599.85,3,0,0,CARD,TRANSFER,IN
2704.63,19910.380954429565,4,0,1,CARD,TRANSFER,IN
1166.38,22615.010954429566,5,0,1,CARD,TRANSFER,SG
11218.771313396464,23781.390954429568,6,0,1,CARD,DEPOSIT,IN
3434.93,35000.16226782603,7,1,1,CARD,WITHDRAWAL,IN
3579.71,38435.09226782603,8,1,1,CARD,TRANSFER,IN
3835.47,42014.80226782603,9,1,1,CARD,WITHDRAWAL,IN
4439.96,45850.27226782603,10,0,0,CARD,TRANSFER,IN
1383.94,50290.23226782603,11,0,0,CARD,WITHDRAWAL,IN
2689.64,51674.172267826034,12,0,0,CARD,WITHDRAWAL,IN
1278.91,54363.81226782603,13,0,0,NET_BANKING,DEPOSIT,IN
3027.88,55642.72226782604,14,1,0,CARD,TRANSFER,SG
35959.24,0.0,0,1,0,CARD,WITHDRAWAL,US
37709.56,35959.24,1,0,0,UPI,DEPOSIT,IN
49667.74,73668.79999999999,2,1,0,CARD,WITHDRAWAL,IN
48995.99281052664,123336.53999999998,3,0,0,CARD,DEPOSIT,US
46974.92,172332.5328105266,4,1,0,CARD,WITHDRAWAL,AE
49617.97,219307.4528105266,5,0,1,CARD,WITHDRAWAL,IN
19646.51,268925.42281052656,6,0,1,CARD,WITHDRAWAL,IN
54856.45413014516,288571.9328105266,7,0,1,CARD,WITHDRAWAL,IN
12424.21,343428.3869406717,8,0,1,CARD,DEPOSIT,IN
32644.99,355852.59694067173,9,1,0,CARD,WITHDRAWAL,IN
40434.98692900482,388497.5869406717,10,1,0,CARD,WITHDRAWAL,AE
32736.8,428932.57386967656,11,0,0,CARD,TRANSFER,IN
23489.97,461669.37386967655,12,0,0,CARD,WITHDRAWAL,IN
30397.19,485159.3438696766,13,0,0,CARD,TRANSFER,IN
23177.4,515556.5338696766,14,0,0,CARD,DEPOSIT,IN
33363.73,538733.9338696765,15,0,0,CARD,TRANSFER,IN
5245.3,0.0,0,1,0,CARD,DEPOSIT,IN
7491.32,5245.3,1,0,0,CARD,DEPOSIT,IN
16628.73,12736.62,2,0,0,CARD,TRANSFER,IN
8131.02,29365.35,3,0,0,CARD,WITHDRAWAL,SG
6665.4,37496.369999999995,4,0,0,CARD,TRANSFER,IN
10595.62,44161.77,5,1,1,NET_BANKING,WITHDRAWAL,IN
18566.5,54757.39,6,0,1,CARD,DEPOSIT,IN
13424.99,73323.89,7,0,1,NET_BANKING,DEPOSIT,IN
6163.32,86748.88,8,0,1,UPI,WITHDRAWAL,IN
7959.26,92912.2,9,0,0,UPI,DEPOSIT,SG
7571.96,100871.46,10,0,0,NET_BANKING,WITHDRAWAL,IN
6264.08,108443.42,11,0,0,CARD,WITHDRAWAL,IN
21580.22,114707.5,12,1,0,CARD,WITHDRAWAL,IN
9401.64,136287.72000000003,13,0,0,CARD,TRANSFER,IN
8941.78,145689.36000000004,14,0,0,CARD,TRANSFER,IN
23279.51,154631.14000000004,15,0,0,CARD,WITHDRAWAL,IN
13933.4,177910.65000000005,16,0,0,UPI,TRANSFER,IN
15845.0,191844.05000000005,17,1,0,CARD,WITHDRAWAL,IN
20320.62,207689.05000000005,18,0,0,CARD,TRANSFER,AE
9683.98,228009.67000000004,19,0,0,CARD,DEPOSIT,IN
18479.11,237693.65000000005,20,0,0,CARD,WITHDRAWAL,IN
18164.9,250927.46,20,0,0,CARD,DEPOSIT,IN
18786.15,261601.04,20,0,0,CARD,DEPOSIT,IN
16807.92,280387.19,21,0,0,CARD,TRANSFER,IN
14942.97,297195.11,22,0,0,CARD,WITHDRAWAL,IN
12387.58,312138.07999999996,23,0,0,CARD,DEPOSIT,IN
5981.83,324525.66,24,1,0,CARD,DEPOSIT,US
17942.95,330507.49,25,0,0,NET_BANKING,TRANSFER,IN
11188.69,323690.69,24,0,0,CARD,DEPOSIT,IN
8679.47,328213.98,24,1,0,CARD,WITHDRAWAL,IN
8487.79,336893.44999999995,25,0,0,CARD,TRANSFER,IN
17494.93,334785.61999999994,25,0,1,UPI,DEPOSIT,IN
11500.65,333714.04999999993,25,0,1,CARD,DEPOSIT,AE
21340.95,345214.69999999995,26,0,1,UPI,WITHDRAWAL,IN
16718.6,0.0,0,1,0,NET_BANKING,WITHDRAWAL,US
12402.81,16718.6,1,1,0,NET_BANKING,WITHDRAWAL,US
24202.5,29121.409999999996,2,0,0,NET_BANKING,DEPOSIT,IN
8995.49,53323.91,3,1,0,NET_BANKING,TRANSFER,SG
16461.26,62319.399999999994,4,0,0,NET_BANKING,WITHDRAWAL,IN
16242.71,78780.65999999999,5,0,0,NET_BANKING,TRANSFER,IN
15784.36,95023.37,6,0,1,NET_BANKING,TRANSFER,IN
19035.42,110807.73,7,0,1,NET_BANKING,WITHDRAWAL,IN
12305.9,129843.15,8,0,1,NET_BANKING,TRANSFER,IN
10423.85,142149.05,9,1,1,NET_BANKING,TRANSFER,IN
15343.98,152572.9,10,0,1,NET_BANKING,WITHDRAWAL,IN
21400.43,167916.88,11,1,0,NET_BANKING,DEPOSIT,IN
22826.12,189317.31,12,0,0,NET_BANKING,TRANSFER,IN
22853.78,212143.43,13,0,0,NET_BANKING,TRANSFER,IN
21540.04,234997.21,14,1,0,NET_BANKING,WITHDRAWAL,IN
15497.78,256537.25,15,0,0,NET_BANKING,DEPOSIT,IN
14774.67,272035.03,16,0,0,NET_BANKING,TRANSFER,AE
22186.36,286809.7,17,0,0,NET_BANKING,TRANSFER,IN
18490.0,308996.06,18,0,0,NET_BANKING,WITHDRAWAL,IN
14004.21,327486.06,19,1,0,UPI,TRANSFER,IN
17352.36,341490.27,20,0,0,CARD,DEPOSIT,IN
22247.16,358842.63,21,0,0,NET_BANKING,WITHDRAWAL,IN
5372.9,381089.79,22,0,0,NET_BANKING,TRANSFER,IN
21119.75,386462.69,23,0,0,NET_BANKING,TRANSFER,IN
10601.01,390863.84,23,0,0,NET_BANKING,DEPOSIT,IN
12273.53,389062.04,23,0,0,NET_BANKING,WITHDRAWAL,IN
22948.49,401335.57000000007,24,0,0,UPI,DEPOSIT,IN
24767.31,400081.56000000006,24,0,0,NET_BANKING,TRANSFER,IN
23296.36,424848.87000000005,25,0,0,NET_BANKING,DEPOSIT,IN
22251.76,448145.23,26,0,0,NET_BANKING,WITHDRAWAL,IN
4285.72,0.0,0,1,0,NET_BANKING,WITHDRAWAL,IN
4231.78,4285.72,1,0,0,NET_BANKING,TRANSFER,IN
3400.47,8517.5,2,1,0,NET_BANKING,TRANSFER,IN
3870.16,11917.97,3,1,0,NET_BANKING,TRANSFER,IN
4207.77,15788.13,4,1,0,NET_BANKING,TRANSFER,IN
4016.4,19995.9,5,1,0,NET_BANKING,DEPOSIT,IN
1183.22,24012.300000000003,6,1,0,UPI,WITHDRAWAL,IN
4946.99,25195.520000000004,7,0,1,NET_BANKING,WITHDRAWAL,IN
4518.17,30142.51,8,0,1,NET_BANKING,TRANSFER,IN
2120.42,34660.68,9,0,1,NET_BANKING,DEPOSIT,IN
1315.86,36781.1,10,0,1,NET_BANKING,WITHDRAWAL,IN
2935.76,38096.96,11,1,0,NET_BANKING,WITHDRAWAL,AE
2326.06,41032.72,12,0,0,NET_BANKING,TRANSFER,IN
1642.62,43358.78,13,1,0,NET_BANKING,WITHDRAWAL,IN
4303.15,45001.4,14,0,0,NET_BANKING,DEPOSIT,IN
4888.26,49304.55,15,0,0,UPI,WITHDRAWAL,IN
2173.41,54192.810000000005,16,0,0,NET_BANKING,DEPOSIT,IN
4955.11,56366.22,17,0,0,NET_BANKING,DEPOSIT,IN
1204.16,61321.33,18,0,0,NET_BANKING,WITHDRAWAL,SG
2554.75,62525.490000000005,19,1,0,NET_BANKING,TRANSFER,IN
3606.96,65080.240000000005,20,0,0,NET_BANKING,WITHDRAWAL,US
2569.47,68687.20000000001,21,0,0,NET_BANKING,WITHDRAWAL,IN
1130.38,62739.170000000006,20,0,0,UPI,TRANSFER,IN
2782.98,56598.92000000001,19,0,0,UPI,WITHDRAWAL,IN
2376.72,59381.900000000016,20,0,0,NET_BANKING,WITHDRAWAL,IN
16393.84,0.0,0,1,0,CARD,DEPOSIT,IN
28809.49,16393.84,1,0,0,CARD,WITHDRAWAL,IN
28463.58,45203.33,2,0,0,NET_BANKING,WITHDRAWAL,IN
38084.27,73666.91,3,0,0,CARD,DEPOSIT,AE
44762.58,111751.18,4,0,0,CARD,TRANSFER,IN
10668.11,156513.76,5,1,0,CARD,DEPOSIT,IN
45217.61,167181.87,6,0,0,CARD,WITHDRAWAL,IN
14278.73,212399.48,7,0,1,CARD,DEPOSIT,IN
44518.99,226678.21,8,1,1,CARD,DEPOSIT,IN
25266.02,271197.2,9,0,1,CARD,WITHDRAWAL,IN
45614.98,296463.22000000003,10,1,1,CARD,WITHDRAWAL,IN
33488.51,342078.2,11,0,0,NET_BANKING,WITHDRAWAL,IN
47224.5,375566.71,12,0,0,CARD,TRANSFER,IN
26386.41,422791.21,13,0,0,CARD,TRANSFER,IN
27825.5,449177.62,14,1,0,CARD,TRANSFER,IN
33427.55,477003.12,15,0,0,UPI,DEPOSIT,IN
49151.67,510430.67,16,0,0,CARD,WITHDRAWAL,IN
11485.9,559582.34,17,0,0,CARD,DEPOSIT,IN
42435.83,571068.24,18,0,0,CARD,DEPOSIT,IN
16534.65,613504.07,19,1,0,CARD,WITHDRAWAL,AE
18693.6,630038.72,20,0,0,CARD,DEPOSIT,IN
13992.63,648732.32,21,1,0,CARD,TRANSFER,IN
23308.76,617521.6199999999,20,0,0,CARD,DEPOSIT,IN
21594.57,640830.3799999999,21,0,0,CARD,DEPOSIT,IN
35005.33,595877.1,20,0,0,CARD,TRANSFER,IN
43009.84,575451.74,19,0,0,CARD,DEPOSIT,IN
42278.07,573243.97,19,0,1,CARD,WITHDRAWAL,IN
14141.76,556724.3200000001,18,0,1,CARD,TRANSFER,IN
7544.95,0.0,0,1,0,CARD,WITHDRAWAL,IN
5981.56,7544.95,1,0,0,NET_BANKING,WITHDRAWAL,IN
16432.564091278986,13526.51,2,0,0,UPI,TRANSFER,IN
11665.78,29959.074091278984,3,0,0,NET_BANKING,TRANSFER,IN
8232.9,41624.85409127898,4,0,0,UPI,WITHDRAWAL,IN
10539.19,49857.754091278985,5,0,0,NET_BANKING,DEPOSIT,IN
2509.67,60396.94409127899,6,0,0,UPI,WITHDRAWAL,IN
4022.1,62906.614091278985,7,0,1,UPI,TRANSFER,IN
19923.163592597502,66928.71409127899,8,1,1,UPI,DEPOSIT,US
10287.3,86851.87768387649,9,1,1,UPI,WITHDRAWAL,IN
11063.11,97139.17768387648,10,0,0,CARD,DEPOSIT,US
12102.95,108202.2876838765,11,0,0,UPI,WITHDRAWAL,IN
5828.39,120305.23768387648,12,0,0,CARD,TRANSFER,SG
9080.8,126133.62768387648,13,0,0,UPI,WITHDRAWAL,IN
5804.62,135214.42768387648,14,0,0,UPI,TRANSFER,IN
11956.1,141019.04768387647,15,1,0,UPI,DEPOSIT,IN
7293.27,152975.14768387648,16,0,0,UPI,DEPOSIT,IN
37316.89498566423,160268.41768387647,17,0,0,UPI,WITHDRAWAL,IN
6722.49,197585.3126695407,18,1,0,CARD,WITHDRAWAL,IN
9434.8,204307.8026695407,19,0,0,NET_BANKING,DEPOSIT,US
11876.29,213742.60266954068,20,0,0,UPI,TRANSFER,IN
4101.83,225618.89266954068,21,0,0,UPI,WITHDRAWAL,IN
5598.57,229720.72266954067,22,0,0,NET_BANKING,WITHDRAWAL,IN
4604.33,235319.29266954068,23,0,0,NET_BANKING,WITHDRAWAL,IN
10735.93,226397.1126695407,22,0,0,UPI,WITHDRAWAL,IN
12127.55,220700.4785782617,22,0,0,UPI,DEPOSIT,IN
23984.955739780795,202390.1585782617,20,1,0,UPI,TRANSFER,IN
41060.62948182231,226375.1143180425,21,0,0,UPI,WITHDRAWAL,SG
7593.29,267435.7437998648,22,0,0,UPI,WITHDRAWAL,IN
8498.85,275029.03379986476,23,1,0,UPI,DEPOSIT,IN
7173.1,281018.21379986475,23,0,0,UPI,TRANSFER,IN
34036.86,0.0,0,1,0,UPI,TRANSFER,SG
37013.28,34036.86,1,0,0,NET_BANKING,DEPOSIT,IN
46697.56,71050.14,2,0,0,CARD,WITHDRAWAL,IN
44337.33,117747.7,3,0,0,CARD,DEPOSIT,SG
20733.61,162085.03,4,0,0,CARD,TRANSFER,IN
36794.03,182818.64,5,0,0,CARD,WITHDRAWAL,IN
27573.48,219612.67,6,0,0,CARD,WITHDRAWAL,US
41387.22,247186.15,7,0,1,CARD,WITHDRAWAL,IN
37215.39,288573.37,8,1,1,CARD,WITHDRAWAL,IN
12317.42,325788.76,9,0,1,CARD,DEPOSIT,IN
18615.08,338106.18,10,0,1,CARD,TRANSFER,IN
11188.5,356721.26,11,1,1,CARD,DEPOSIT,IN
45832.32,367909.76,12,1,0,CARD,WITHDRAWAL,IN
42606.88,413742.08,13,1,0,CARD,WITHDRAWAL,IN
18251.04,456348.96,14,0,0,CARD,WITHDRAWAL,IN
25523.93,474600.0,15,0,0,CARD,WITHDRAWAL,IN
38711.38,500123.93,16,1,0,CARD,TRANSFER,IN
38126.52,538835.3099999999,17,0,0,CARD,WITHDRAWAL,IN
24757.04,576961.83,18,0,0,CARD,TRANSFER,IN
40433.83,601718.87,19,0,0,CARD,WITHDRAWAL,IN
21812.39,642152.7,20,1,0,CARD,TRANSFER,SG
18846.22,663965.09,21,0,0,UPI,TRANSFER,IN
33068.04,682811.3099999999,22,0,0,CARD,DEPOSIT,SG
14265.26,0.0,0,1,0,UPI,TRANSFER,IN
19632.09,14265.26,1,1,0,CARD,TRANSFER,IN
13368.82,33897.35,2,1,0,CARD,DEPOSIT,IN
11855.85,47266.17,3,0,0,CARD,WITHDRAWAL,IN
18681.45,59122.02,4,0,0,CARD,WITHDRAWAL,IN
43095.67,77803.47,5,1,1,CARD,DEPOSIT,IN
11779.55,120899.14,6,0,1,CARD,WITHDRAWAL,IN
13696.64,132678.69,7,0,1,CARD,WITHDRAWAL,IN
27819.47,146375.33000000002,8,0,1,CARD,DEPOSIT,SG
39817.07,174194.80000000002,9,0,1,CARD,TRANSFER,IN
13976.99,214011.87,10,0,0,CARD,WITHDRAWAL,IN
18466.55,227988.86,11,0,0,CARD,TRANSFER,IN
49482.28,246455.41,12,0,0,CARD,WITHDRAWAL,IN
45719.37,295937.69,13,0,0,CARD,WITHDRAWAL,IN
21856.32,341657.06,14,0,0,UPI,DEPOSIT,IN
48069.48,363513.38,15,1,0,CARD,TRANSFER,IN
44473.63,411582.86,16,0,0,CARD,DEPOSIT,IN
16068.17,456056.49,17,1,0,CARD,DEPOSIT,IN
14873.76,472124.66,18,0,0,CARD,WITHDRAWAL,IN
11888.1,486998.42,19,0,0,CARD,TRANSFER,IN
31580.6,484621.2599999999,19,1,0,NET_BANKING,TRANSFER,IN
37572.86,496569.77,19,0,0,CARD,TRANSFER,IN
34628.7,520773.80999999994,19,0,0,CARD,DEPOSIT,US
27054.5,555402.5099999999,20,0,0,UPI,DEPOSIT,SG
37807.25,570601.1599999999,20,0,0,CARD,DEPOSIT,SG
46367.43,589726.9599999998,20,0,0,CARD,DEPOSIT,IN
37311.77,592998.7200000001,20,1,1,CARD,WITHDRAWAL,IN
24915.33,577014.83,18,1,1,CARD,WITHDRAWAL,SG
31843.87,601930.1599999999,19,1,1,UPI,DEPOSIT,IN
44605.66,593956.96,19,1,0,CARD,TRANSFER,IN
35273.4,556636.8,17,0,0,CARD,DEPOSIT,SG
19015.41,591910.2000000001,18,1,0,CARD,DEPOSIT,SG
42901.15,565206.2400000001,18,1,0,CARD,DEPOSIT,AE
4900.24,0.0,0,1,0,CARD,DEPOSIT,IN
2034.09,4900.24,1,1,0,UPI,TRANSFER,IN
3477.67,6934.33,2,1,0,CARD,DEPOSIT,IN
4595.33,10412.0,3,0,0,CARD,DEPOSIT,IN
1141.01,15007.33,4,0,0,CARD,TRANSFER,IN
1155.04,16148.34,5,0,0,CARD,DEPOSIT,AE
1700.18,17303.38,6,1,0,CARD,WITHDRAWAL,IN
3298.98,19003.56,7,0,0,UPI,DEPOSIT,IN
3494.13,22302.54,8,1,1,CARD,TRANSFER,IN
2318.05,25796.67,9,0,1,CARD,WITHDRAWAL,IN
1069.58,28114.72,10,0,1,CARD,TRANSFER,AE
1464.02,29184.300000000003,11,0,1,CARD,WITHDRAWAL,IN
3807.38,30648.320000000003,12,0,0,NET_BANKING,DEPOSIT,IN
3187.73,34455.700000000004,13,0,0,CARD,WITHDRAWAL,IN
2774.09,37643.43000000001,14,0,0,CARD,DEPOSIT,IN
2130.16,40417.52,15,0,0,CARD,TRANSFER,IN
8828.752977360251,42547.68000000001,16,0,0,CARD,DEPOSIT,IN
4260.64,51376.43297736026,17,0,0,CARD,DEPOSIT,IN
3437.39,55637.07297736026,18,0,0,CARD,DEPOSIT,IN
2478.56,59074.46297736026,19,1,0,CARD,DEPOSIT,IN
3336.67475551233,61553.022977360255,20,0,0,CARD,WITHDRAWAL,IN
1617.37,59989.45773287258,20,1,0,CARD,DEPOSIT,IN
3898.46,61606.82773287258,21,0,0,CARD,WITHDRAWAL,IN
1598.6,0.0,0,1,0,CARD,DEPOSIT,IN
4103.55,1598.6,1,0,0,CARD,WITHDRAWAL,IN
2741.87,5702.15,2,1,0,CARD,DEPOSIT,IN
3528.55,8444.02,3,1,0,UPI,TRANSFER,IN
4112.91,11972.57,4,1,0,CARD,DEPOSIT,IN
4504.16,16085.48,5,0,0,CARD,WITHDRAWAL,IN
2549.48,20589.64,6,0,1,CARD,TRANSFER,IN
2303.67,23139.12,7,0,1,NET_BANKING,DEPOSIT,IN
2585.53,25442.79,8,0,1,CARD,TRANSFER,SG
1440.84,28028.32,9,0,0,UPI,TRANSFER,US
3819.27,29469.16,10,0,0,CARD,DEPOSIT,IN
2882.58,33288.43,11,0,0,CARD,DEPOSIT,IN
3780.68,36171.01,12,1,0,CARD,DEPOSIT,IN
1997.43,39951.69,13,0,0,CARD,DEPOSIT,IN
2599.25,41949.12,14,0,0,CARD,WITHDRAWAL,IN
1357.99,44548.37,15,0,0,CARD,WITHDRAWAL,IN
4789.73,45906.36,16,0,0,CARD,TRANSFER,IN
1585.78,50696.09,17,0,0,UPI,DEPOSIT,SG
6730.62,0.0,0,1,0,UPI,WITHDRAWAL,IN
4721.49,6730.62,1,1,0,UPI,WITHDRAWAL,IN
2948.15,11452.11,2,0,0,UPI,TRANSFER,IN
8389.17,14400.26,3,0,0,UPI,TRANSFER,IN
4077.01,22789.43,4,0,0,UPI,TRANSFER,SG
11456.54,26866.44,5,0,0,UPI,DEPOSIT,IN
11778.7,38322.98,6,0,1,UPI,TRANSFER,IN
3491.89,50101.68000000001,7,0,1,CARD,TRANSFER,IN
11893.15,53593.57000000001,8,0,1,UPI,WITHDRAWAL,IN
11042.33,65486.72000000001,9,0,1,UPI,DEPOSIT,IN
8370.23,76529.05,10,0,0,UPI,DEPOSIT,IN
8576.9,84899.28,11,0,0,UPI,TRANSFER,US
7370.76,93476.18,12,1,0,UPI,DEPOSIT,IN
7656.74,100846.94,13,0,0,UPI,DEPOSIT,IN
9838.78,108503.68,14,0,0,UPI,WITHDRAWAL,IN
3497.21,118342.46,15,0,0,UPI,WITHDRAWAL,IN
6126.18,121839.67,16,0,0,UPI,TRANSFER,IN
10925.6,127965.85,17,0,0,UPI,TRANSFER,IN
6200.17,138891.45,18,0,0,UPI,DEPOSIT,SG
7929.92,145091.62000000002,19,1,0,UPI,TRANSFER,IN
9557.91,153021.54000000004,20,0,0,UPI,WITHDRAWAL,IN
5626.12,162579.45000000004,21,0,0,UPI,TRANSFER,IN
3844.77,156753.46000000005,20,0,0,UPI,WITHDRAWAL,IN
3115.23,149260.91,19,0,0,UPI,DEPOSIT,AE
5917.57,152376.14,20,0,0,UPI,TRANSFER,IN
10764.16,154216.7,20,0,0,UPI,DEPOSIT,SG
2500.26,153524.32000000004,20,0,0,NET_BANKING,WITHDRAWAL,IN
3448.54,144245.88000000003,20,0,1,UPI,TRANSFER,IN
2587.55,144202.53000000003,20,0,1,UPI,TRANSFER,IN
5506.85,146790.08000000002,21,0,1,UPI,WITHDRAWAL,IN
5402.78,152296.93000000002,22,0,1,UPI,DEPOSIT,IN
2735.34,145806.55999999997,22,1,1,NET_BANKING,DEPOSIT,IN
3456.09,137499.57,22,1,1,UPI,DEPOSIT,IN
11375.7,140955.66,23,0,0,UPI,TRANSFER,IN
7775.01,143961.13,23,0,0,UPI,TRANSFER,IN
6653.24,143159.24,23,0,0,UPI,WITHDRAWAL,IN
9893.67,0.0,0,1,0,CARD,TRANSFER,IN
18893.38,9893.67,1,1,0,UPI,WITHDRAWAL,IN
16213.97,28787.050000000003,2,1,0,CARD,WITHDRAWAL,IN
14082.7,45001.02,3,0,0,CARD,DEPOSIT,IN
19528.68,59083.72,4,1,0,CARD,DEPOSIT,IN
8422.27,78612.4,5,0,0,NET_BANKING,WITHDRAWAL,IN
15520.7,87034.67,6,0,0,CARD,WITHDRAWAL,IN
5881.63,102555.37,7,0,1,CARD,TRANSFER,SG
24004.89,108437.0,8,0,1,NET_BANKING,TRANSFER,US
12628.12,132441.89,9,0,1,CARD,DEPOSIT,IN
22933.0,145070.01,10,0,0,CARD,DEPOSIT,IN
13335.02,168003.01,11,0,0,NET_BANKING,DEPOSIT,IN
17747.6,181338.03,12,0,0,CARD,TRANSFER,IN
24443.31,199085.63,13,1,0,CARD,TRANSFER,IN
23329.11,223528.94,14,0,0,CARD,TRANSFER,IN
5729.23,0.0,0,1,0,UPI,WITHDRAWAL,IN
6421.32,5729.23,1,0,0,NET_BANKING,TRANSFER,IN
6967.88,12150.55,2,0,0,NET_BANKING,DEPOSIT,IN
11579.95,19118.43,3,0,0,UPI,DEPOSIT,IN
12082.45,30698.38,4,1,0,NET_BANKING,WITHDRAWAL,IN
11999.06,42780.83,5,0,0,UPI,TRANSFER,SG
3620.57,54779.89,6,1,0,UPI,WITHDRAWAL,IN
7111.67,58400.46,7,1,0,UPI,WITHDRAWAL,IN
5306.42,65512.13,8,0,1,UPI,DEPOSIT,IN
6193.04,70818.55,9,0,1,UPI,WITHDRAWAL,IN
8881.77,77011.59,10,0,1,UPI,WITHDRAWAL,SG
4270.01,85893.36,11,0,1,UPI,TRANSFER,IN
5045.0,90163.37,12,0,1,CARD,WITHDRAWAL,IN
9323.25,95208.37,13,0,0,UPI,WITHDRAWAL,IN
5016.53,104531.62,14,1,0,UPI,TRANSFER,IN
12489.48,109548.15,15,0,0,UPI,WITHDRAWAL,IN
5326.41,122037.63,16,0,0,NET_BANKING,WITHDRAWAL,IN
10696.23,127364.04,17,0,0,UPI,TRANSFER,IN
7162.17,138060.27,18,0,0,UPI,TRANSFER,IN
6495.97,145222.44,19,0,0,UPI,DEPOSIT,SG
8939.73,151718.41,20,0,0,UPI,DEPOSIT,US
11496.68,160658.14,21,1,0,NET_BANKING,TRANSFER,AE
9229.22,172154.82,22,0,0,UPI,DEPOSIT,US
5376.64,169233.49,21,0,0,UPI,WITHDRAWAL,IN
8765.65,167642.25,21,0,0,UPI,WITHDRAWAL,IN
3660.83,176407.9,22,0,0,UPI,TRANSFER,SG
11397.91,156406.33,21,0,0,UPI,WITHDRAWAL,IN
9079.21,152184.61,20,0,0,UPI,WITHDRAWAL,US
4388.51,154152.15,20,1,0,UPI,WITHDRAWAL,AE
7505.83,158540.66,21,0,0,UPI,WITHDRAWAL,IN
8295.73,154547.02999999997,20,0,1,NET_BANKING,TRANSFER,IN
8615.36,153960.99,20,0,1,UPI,DEPOSIT,IN
2654.63,162576.34999999998,21,0,1,UPI,WITHDRAWAL,IN
11333.61,155915.96999999997,20,0,1,CARD,TRANSFER,IN
2602.78,157926.32999999996,20,0,0,UPI,TRANSFER,AE
11316.75,143023.1,19,0,0,NET_BANKING,DEPOSIT,IN
12159.57,154339.85,20,0,0,NET_BANKING,WITHDRAWAL,AE
4276.92,150476.78000000003,19,0,0,UPI,DEPOSIT,IN
4167.22,147591.53,19,1,0,UPI,DEPOSIT,IN
2910.86,151758.75,20,0,0,UPI,DEPOSIT,IN
6971.589278416137,0.0,0,1,0,CARD,DEPOSIT,IN
11975.29,6971.589278416137,1,0,0,CARD,TRANSFER,IN
10152.21,18946.879278416134,2,0,0,CARD,TRANSFER,IN
20821.548525566403,29099.089278416137,3,0,0,CARD,DEPOSIT,IN
5049.02,49920.637803982536,4,1,0,CARD,TRANSFER,IN
11309.92,54969.65780398254,5,0,0,CARD,WITHDRAWAL,SG
11840.42,66279.57780398254,6,0,1,CARD,TRANSFER,IN
8787.35,78119.99780398254,7,0,1,CARD,DEPOSIT,AE
32363.942420458097,86907.34780398254,8,0,1,CARD,DEPOSIT,IN
6178.16,119271.29022444064,9,1,1,CARD,TRANSFER,IN
6174.31,125449.45022444065,10,0,0,CARD,WITHDRAWAL,IN
8612.26,131623.76022444063,11,0,0,CARD,WITHDRAWAL,IN
8877.88,140236.02022444064,12,0,0,CARD,DEPOSIT,IN
8662.9,149113.90022444064,13,1,0,CARD,WITHDRAWAL,IN
8485.62,157776.80022444064,14,0,0,CARD,TRANSFER,IN
4189.55,166262.42022444063,15,1,0,UPI,DEPOSIT,SG
8542.46,170451.97022444062,16,0,0,CARD,WITHDRAWAL,IN
7688.84,178994.4302244406,17,0,0,CARD,DEPOSIT,IN
12297.21,186683.2702244406,18,0,0,CARD,WITHDRAWAL,IN
32365.072835731033,198980.4802244406,19,0,0,CARD,TRANSFER,IN
6554.41,231345.55306017163,20,0,0,CARD,WITHDRAWAL,IN
11744.42,237899.96306017163,21,0,0,CARD,TRANSFER,IN
9846.52,249644.38306017165,22,0,0,CARD,TRANSFER,IN
8109.22,240544.0237817555,21,0,0,CARD,DEPOSIT,IN
27421.197319167648,0.0,0,1,0,UPI,WITHDRAWAL,IN
30745.491823505607,27421.197319167648,1,0,0,UPI,WITHDRAWAL,SG
13252.69,58166.689142673255,2,0,0,CARD,WITHDRAWAL,IN
20287.81,71419.37914267325,3,0,0,CARD,DEPOSIT,IN
18182.73,91707.18914267325,4,1,0,UPI,TRANSFER,IN
81681.0749008525,109889.91914267324,5,1,0,UPI,TRANSFER,IN
61559.97671186912,191570.99404352577,6,0,1,NET_BANKING,TRANSFER,IN
21896.31,253130.97075539487,7,0,1,UPI,TRANSFER,IN
14208.36,275027.2807553949,8,0,1,UPI,TRANSFER,IN
12278.79,289235.6407553949,9,0,0,UPI,TRANSFER,IN
25296.241257361507,301514.43075539486,10,0,0,UPI,WITHDRAWAL,IN
17098.18,326810.67201275635,11,0,0,UPI,TRANSFER,IN
10277.54,343908.85201275634,12,0,0,UPI,DEPOSIT,IN
5380.07,354186.3920127563,13,0,0,UPI,WITHDRAWAL,IN
17147.53,359566.4620127563,14,1,0,UPI,DEPOSIT,IN
19169.53,376713.9920127563,15,0,0,UPI,DEPOSIT,IN
18232.28,395883.5220127563,16,1,0,UPI,TRANSFER,IN
11136.72,414115.8020127563,17,0,0,UPI,WITHDRAWAL,IN
5760.55,397831.32469358866,17,0,0,UPI,DEPOSIT,IN
19597.67,372846.3828700831,17,0,0,UPI,TRANSFER,IN
7635.42,379191.3628700831,17,0,0,UPI,TRANSFER,AE
74479.8405953889,386826.78287008306,18,0,0,UPI,DEPOSIT,IN
11493.56,441018.813465472,18,0,0,UPI,TRANSFER,IN
24286.91,452512.373465472,19,0,0,UPI,DEPOSIT,IN
8258.84,376935.4785646195,18,0,1,CARD,DEPOSIT,AE
22651.34,323634.34185275045,18,0,1,UPI,WITHDRAWAL,IN
23027.89,346285.6818527505,19,0,1,UPI,TRANSFER,IN
14031.56,333208.90185275045,18,0,1,NET_BANKING,TRANSFER,SG
6276.1,334961.67185275047,18,0,0,NET_BANKING,DEPOSIT,IN
19894.94,341237.77185275045,19,0,0,UPI,DEPOSIT,AE
7902.12,318738.29059538885,18,1,0,UPI,DEPOSIT,AE
45041.8873778922,326640.41059538885,19,0,0,UPI,DEPOSIT,IN
43708.038944267595,361404.7579732811,19,0,0,CARD,TRANSFER,IN
20487.35,399732.7269175487,19,0,0,UPI,WITHDRAWAL,US
14633.16,420220.07691754866,20,0,0,UPI,DEPOSIT,IN
18069.54675833239,417705.7069175486,20,0,0,UPI,DEPOSIT,IN
17476.3,435775.253675881,21,1,0,UPI,DEPOSIT,IN
23780.21,0.0,0,1,0,UPI,WITHDRAWAL,IN
14444.26,23780.21,1,1,0,UPI,DEPOSIT,IN
23467.87,38224.47,2,1,0,UPI,DEPOSIT,IN
21092.78,61692.34,3,0,0,UPI,TRANSFER,IN
5648.52,82785.12,4,1,0,UPI,TRANSFER,IN
24046.39,88433.64,5,0,0,NET_BANKING,TRANSFER,IN
9274.24,112480.03,6,0,0,UPI,WITHDRAWAL,US
6754.1,121754.27,7,0,0,UPI,WITHDRAWAL,IN
22403.04,128508.37,8,0,0,UPI,WITHDRAWAL,IN
16409.07,150911.41,9,1,1,UPI,DEPOSIT,IN
21767.31,167320.48,10,1,1,UPI,DEPOSIT,IN
10118.4,189087.79,11,0,1,UPI,TRANSFER,IN
11655.86,199206.19,12,1,1,UPI,DEPOSIT,IN
13661.32,210862.05,13,1,1,UPI,DEPOSIT,IN
22167.9,224523.37,14,0,0,UPI,DEPOSIT,US
7518.59,246691.27,15,1,0,NET_BANKING,WITHDRAWAL,IN
13269.18,254209.86,16,0,0,UPI,DEPOSIT,AE
14142.26,267479.04,17,0,0,UPI,DEPOSIT,IN
21645.37,281621.3,18,0,0,UPI,TRANSFER,IN
8519.87,303266.67,19,0,0,CARD,DEPOSIT,IN
14790.0,311786.54,20,0,0,UPI,TRANSFER,IN
20063.54,326576.54,21,0,0,UPI,DEPOSIT,SG
10724.65,346640.07999999996,22,0,0,UPI,DEPOSIT,IN
13166.3,357364.73,23,0,0,UPI,TRANSFER,IN
12720.04,0.0,0,1,0,NET_BANKING,TRANSFER,IN
40979.77,12720.04,1,0,0,NET_BANKING,DEPOSIT,IN
24658.64,53699.81,2,0,0,CARD,DEPOSIT,IN
14504.23,78358.45,3,1,0,CARD,TRANSFER,IN
21456.09,92862.68,4,0,0,UPI,DEPOSIT,IN
40742.5,114318.77,5,0,0,NET_BANKING,WITHDRAWAL,IN
36771.0,155061.27,6,0,1,CARD,WITHDRAWAL,IN
42180.8605442518,191832.27,7,0,1,NET_BANKING,WITHDRAWAL,IN
31410.35945314254,234013.1305442518,8,1,1,NET_BANKING,TRANSFER,IN
31090.67436876872,265423.4899973943,9,1,0,NET_BANKING,DEPOSIT,IN
14402.16,296514.164366163,10,0,0,NET_BANKING,TRANSFER,IN
23129.4,310916.324366163,11,0,0,NET_BANKING,WITHDRAWAL,IN
94610.87565915487,334045.724366163,12,0,0,NET_BANKING,DEPOSIT,US
43427.52,428656.6000253179,13,1,0,NET_BANKING,TRANSFER,IN
38720.92,472084.12002531794,14,1,0,NET_BANKING,DEPOSIT,IN
47399.2,510805.0400253179,15,0,0,NET_BANKING,WITHDRAWAL,IN
44313.22,558204.2400253179,16,0,0,NET_BANKING,TRANSFER,IN
24257.69,602517.4600253179,17,0,0,NET_BANKING,DEPOSIT,IN
64895.76604282245,626775.1500253178,18,0,0,NET_BANKING,WITHDRAWAL,IN
29739.21,691670.9160681402,19,0,0,NET_BANKING,DEPOSIT,IN
34227.0,721410.1260681401,20,1,0,NET_BANKING,WITHDRAWAL,IN
49464.82,677278.6760681404,18,1,0,NET_BANKING,DEPOSIT,IN
14897.15,726743.4960681404,19,1,0,NET_BANKING,DEPOSIT,IN
31779.42,741640.6460681404,20,0,0,NET_BANKING,TRANSFER,IN
38421.33,737459.7460681404,19,0,0,NET_BANKING,DEPOSIT,IN
38667.16,735138.5760681403,19,0,0,NET_BANKING,DEPOSIT,IN
145995.85104851224,773805.7360681404,20,0,1,NET_BANKING,TRANSFER,IN
53478.19131609264,883030.5871166526,20,0,1,NET_BANKING,DEPOSIT,IN
18313.97,936508.7784327453,21,0,1,NET_BANKING,TRANSFER,SG
42551.94,912641.8878884936,21,0,1,NET_BANKING,WITHDRAWAL,IN
48576.36,955193.8278884935,22,0,1,NET_BANKING,TRANSFER,IN
34920.61,972359.828435351,22,0,1,NET_BANKING,DEPOSIT,IN
27121.15,1007280.438435351,23,0,1,CARD,TRANSFER,IN
16229.83,1034401.588435351,24,0,1,NET_BANKING,DEPOSIT,IN
69591.33302372239,1019540.7440665824,24,1,0,NET_BANKING,WITHDRAWAL,AE
24228.69,1074729.9170903044,24,0,0,NET_BANKING,TRANSFER,IN
39664.3,1098958.6070903044,25,1,0,NET_BANKING,TRANSFER,IN
33047.4,0.0,0,1,0,UPI,WITHDRAWAL,AE
48434.67,33047.4,1,0,0,UPI,WITHDRAWAL,SG
24315.81,81482.07,2,1,0,UPI,TRANSFER,IN
10235.28,105797.88,3,0,0,UPI,TRANSFER,IN
43820.01,116033.16,4,0,0,UPI,TRANSFER,IN
19332.53,159853.17,5,0,0,UPI,TRANSFER,AE
25870.98,179185.7,6,0,1,UPI,WITHDRAWAL,IN
12047.45,205056.68,7,1,1,UPI,WITHDRAWAL,IN
15675.28,217104.13000000003,8,0,1,UPI,TRANSFER,IN
25007.21,232779.41000000003,9,0,1,CARD,WITHDRAWAL,US
29802.97,257786.62,10,0,1,UPI,TRANSFER,IN
26604.1,287589.59,11,0,1,CARD,TRANSFER,IN
22714.54,314193.69,12,0,0,UPI,DEPOSIT,SG
30762.57,336908.23,13,0,0,UPI,TRANSFER,IN
46282.43,367670.8,14,0,0,UPI,WITHDRAWAL,IN
33608.29,413953.23,15,0,0,UPI,WITHDRAWAL,IN
48484.66,447561.52,16,0,0,UPI,DEPOSIT,IN
15546.12,496046.17999999993,17,0,0,NET_BANKING,TRANSFER,AE
11290.79,511592.29999999993,18,0,0,UPI,WITHDRAWAL,IN
37940.78,522883.0899999999,19,0,0,UPI,DEPOSIT,IN
27762.3,560823.8699999999,20,1,0,UPI,TRANSFER,IN
45611.82,588586.1699999999,21,1,0,UPI,WITHDRAWAL,IN
10185.9,0.0,0,1,0,UPI,DEPOSIT,IN
20062.91,10185.9,1,0,0,UPI,TRANSFER,IN
22409.75,30248.81,2,0,0,UPI,DEPOSIT,IN
25386.594157338455,52658.56,3,0,0,UPI,WITHDRAWAL,IN
8416.17,78045.15415733846,4,1,0,NET_BANKING,TRANSFER,IN
21814.02,86461.32415733846,5,0,0,UPI,DEPOSIT,IN
7989.5,108275.34415733846,6,0,0,CARD,WITHDRAWAL,IN
9768.47,116264.84415733846,7,0,0,UPI,WITHDRAWAL,IN
20752.58,126033.31415733846,8,0,0,UPI,DEPOSIT,IN
24861.62,146785.89415733848,9,1,1,UPI,WITHDRAWAL,IN
15656.61,171647.51415733848,10,0,1,UPI,TRANSFER,IN
7469.45,187304.1241573385,11,0,1,UPI,DEPOSIT,IN
17128.47,194773.57415733847,12,0,1,UPI,WITHDRAWAL,IN
15041.81,211902.04415733847,13,1,1,UPI,DEPOSIT,IN
23675.73,226943.85415733847,14,0,0,UPI,WITHDRAWAL,IN
23108.75,250619.58415733848,15,1,0,UPI,DEPOSIT,SG
17567.25,273728.3341573385,16,1,0,UPI,WITHDRAWAL,US
11421.6,291295.5841573385,17,0,0,UPI,DEPOSIT,IN
11939.36,302717.18415733846,18,0,0,UPI,DEPOSIT,IN
13863.42,314656.54415733845,19,0,0,UPI,DEPOSIT,IN
1927.05,0.0,0,1,0,CARD,DEPOSIT,IN
3988.57,1927.05,1,0,0,CARD,DEPOSIT,IN
1402.73,5915.62,2,0,0,CARD,WITHDRAWAL,IN
1245.18,7318.35,3,0,0,NET_BANKING,WITHDRAWAL,SG
4278.52,8563.53,4,0,0,CARD,TRANSFER,IN
4023.2,12842.05,5,0,0,CARD,WITHDRAWAL,AE
3530.24,16865.25,6,0,0,UPI,TRANSFER,IN
3598.99,20395.49,7,0,0,CARD,DEPOSIT,IN
4202.1,23994.479999999996,8,0,1,UPI,TRANSFER,IN
1063.73,28196.57999999999,9,0,1,CARD,WITHDRAWAL,IN
1781.36,29260.30999999999,10,1,1,CARD,WITHDRAWAL,IN
3363.5,31041.669999999995,11,0,1,CARD,DEPOSIT,IN
1120.26,34405.17,12,0,1,CARD,WITHDRAWAL,IN
1464.58,35525.43,13,0,0,CARD,TRANSFER,IN
2524.68,36990.01,14,0,0,CARD,WITHDRAWAL,AE
1144.56,39514.69,15,1,0,CARD,DEPOSIT,IN
3134.9,40659.25,16,0,0,CARD,DEPOSIT,IN
4637.0,43794.15,17,1,0,UPI,WITHDRAWAL,IN
2522.18,48431.15,18,0,0,CARD,WITHDRAWAL,IN
4595.38,50953.33,19,0,0,CARD,DEPOSIT,IN
3868.86,55548.71,20,0,0,CARD,WITHDRAWAL,IN
4253.46,59417.57,21,0,0,NET_BANKING,DEPOSIT,US
2940.5,63671.03,22,0,0,CARD,DEPOSIT,SG
3500.65,60695.91,21,0,0,CARD,WITHDRAWAL,IN
2824.9,62793.83,21,1,0,CARD,WITHDRAWAL,IN
3435.32,65618.73,22,0,0,CARD,TRANSFER,IN
4226.9,69054.05,23,0,0,CARD,DEPOSIT,IN
2662.02,72035.77,23,0,0,CARD,TRANSFER,IN
1208.98,62865.83,21,1,0,CARD,TRANSFER,IN
4626.15,53428.630000000005,18,0,1,CARD,WITHDRAWAL,IN
2442.04,58054.780000000006,19,0,1,CARD,DEPOSIT,IN
3584.83,60496.82000000001,20,0,1,NET_BANKING,DEPOSIT,SG
2283.3,64081.65000000001,21,0,1,CARD,WITHDRAWAL,IN
7793.17,0.0,0,1,0,UPI,WITHDRAWAL,IN
14311.45,7793.17,1,0,0,UPI,WITHDRAWAL,AE
11219.3,22104.620000000003,2,0,0,UPI,WITHDRAWAL,IN
22948.98,33323.92,3,0,0,UPI,TRANSFER,SG
9335.4,56272.899999999994,4,0,0,UPI,WITHDRAWAL,IN
6586.89,65608.29999999999,5,0,0,NET_BANKING,TRANSFER,IN
10242.46,72195.18999999999,6,0,1,CARD,WITHDRAWAL,IN
12954.88,82437.65,7,0,1,UPI,WITHDRAWAL,IN
10142.38,95392.53,8,0,1,UPI,TRANSFER,IN
23576.05,105534.91,9,0,1,NET_BANKING,TRANSFER,IN
10576.03,129110.96,10,0,1,UPI,TRANSFER,IN
19029.39,139686.99000000002,11,0,0,UPI,TRANSFER,SG
8822.69,158716.38,12,0,0,UPI,TRANSFER,IN
24556.74,167539.07,13,0,0,UPI,TRANSFER,IN
24886.34,192095.81,14,0,0,UPI,DEPOSIT,IN
18983.62,216982.15,15,0,0,UPI,TRANSFER,IN
10858.85,235965.77,16,0,0,UPI,TRANSFER,IN
22024.51,246824.62,17,0,0,NET_BANKING,TRANSFER,IN
20604.15,268849.13,18,0,0,NET_BANKING,DEPOSIT,IN
13785.91,289453.28,19,0,0,UPI,WITHDRAWAL,IN
8286.7,303239.19,20,1,0,UPI,DEPOSIT,IN
23946.82,311525.89,21,0,0,UPI,TRANSFER,IN
7896.13,313368.09,20,1,0,UPI,TRANSFER,IN
13784.72,310044.92,20,0,0,UPI,WITHDRAWAL,IN
13640.67,300880.66,20,0,0,UPI,DEPOSIT,IN
5432.47,0.0,0,1,0,CARD,WITHDRAWAL,SG
8375.41,5432.47,1,1,0,CARD,WITHDRAWAL,IN
17399.96,13807.88,2,0,0,CARD,TRANSFER,IN
21279.13,31207.84,3,0,0,CARD,TRANSFER,IN
9657.2,52486.97,4,0,0,CARD,WITHDRAWAL,IN
21689.67,62144.17,5,0,0,CARD,WITHDRAWAL,IN
9732.68,83833.84,6,0,0,NET_BANKING,WITHDRAWAL,US
11862.11,93566.52,7,0,1,CARD,TRANSFER,IN
8081.57,105428.63,8,1,1,CARD,WITHDRAWAL,IN
21732.65,113510.19999999998,9,0,1,CARD,DEPOSIT,IN
16463.81,135242.84999999998,10,1,1,CARD,TRANSFER,IN
12159.85,151706.65999999997,11,0,0,UPI,TRANSFER,IN
15051.53,163866.50999999998,12,1,0,CARD,DEPOSIT,IN
17021.34,178918.03999999998,13,0,0,CARD,TRANSFER,IN
5869.2,195939.38,14,1,0,CARD,DEPOSIT,IN
5598.58,201808.58,15,0,0,CARD,WITHDRAWAL,IN
18674.94,207407.15999999997,16,0,0,CARD,TRANSFER,IN
8034.52,226082.1,17,0,0,CARD,DEPOSIT,IN
16769.73,234116.61999999997,18,0,0,NET_BANKING,DEPOSIT,IN
13602.78,250886.35,19,0,0,CARD,WITHDRAWAL,IN
5679.92,264489.13,20,0,0,CARD,WITHDRAWAL,IN
21420.01,270169.05,21,0,0,CARD,WITHDRAWAL,IN
14760.71,286156.58999999997,21,0,0,CARD,TRANSFER,IN
16895.61,253862.8,19,1,0,CARD,WITHDRAWAL,IN
21310.1,261101.21,19,0,0,CARD,TRANSFER,AE
11890.44,282411.31,20,1,0,CARD,WITHDRAWAL,IN
8659.23,294301.75,21,1,0,CARD,TRANSFER,IN
20378.99,281271.31,21,0,0,CARD,WITHDRAWAL,IN
23476.14,291917.61999999994,21,1,0,CARD,TRANSFER,IN
6508.13,303531.65,21,0,1,CARD,TRANSFER,IN
21363.76,301958.2100000001,21,1,1,CARD,TRANSFER,IN
13081.84,301589.32000000007,21,0,1,CARD,TRANSFER,IN
10759.45,314671.1600000001,22,0,1,CARD,WITHDRAWAL,IN
18980.12,308966.80000000005,22,0,0,NET_BANKING,DEPOSIT,IN
5280.21,315787.07000000007,22,0,0,UPI,DEPOSIT,IN
15489.58,306015.75000000006,22,0,0,CARD,TRANSFER,IN
23064.53,298614.7900000001,21,0,0,CARD,DEPOSIT,SG
6872.27,316080.7400000001,21,0,0,CARD,WITHDRAWAL,IN
6443.2,304278.07000000007,21,1,0,CARD,TRANSFER,IN
21869.47,0.0,0,1,0,CARD,TRANSFER,IN
17179.02,21869.47,1,0,0,CARD,TRANSFER,IN
19738.58,39048.490000000005,2,0,0,CARD,WITHDRAWAL,IN
13653.23,58787.07000000001,3,1,0,NET_BANKING,TRANSFER,IN
22003.42,72440.3,4,0,0,CARD,WITHDRAWAL,IN
9633.91,94443.72,5,0,0,CARD,WITHDRAWAL,US
10111.08,104077.63,6,0,0,UPI,TRANSFER,IN
15680.16,114188.71,7,1,1,UPI,TRANSFER,IN
5889.36,129868.87,8,1,1,CARD,TRANSFER,IN
5134.87,135758.23,9,0,1,CARD,DEPOSIT,IN
17934.12,140893.1,10,0,1,CARD,TRANSFER,AE
16439.64,158827.22,11,0,1,CARD,DEPOSIT,AE
11459.7,175266.86,12,1,0,CARD,TRANSFER,IN
19484.18,186726.56,13,0,0,NET_BANKING,TRANSFER,IN
18808.64,206210.74,14,0,0,UPI,DEPOSIT,IN
13571.88,225019.38,15,0,0,CARD,TRANSFER,US
16603.13,238591.26,16,0,0,CARD,DEPOSIT,IN
22097.4,255194.39,17,0,0,CARD,TRANSFER,IN
22032.16,277291.79000000004,18,0,0,NET_BANKING,TRANSFER,IN
23731.45,299323.95,19,1,0,NET_BANKING,TRANSFER,IN
20595.82,323055.4,20,0,0,CARD,WITHDRAWAL,IN
22576.8,321781.75000000006,20,0,0,NET_BANKING,WITHDRAWAL,AE
12024.42,327179.53,20,0,0,CARD,TRANSFER,IN
7017.48,305812.13999999996,19,0,0,UPI,TRANSFER,IN
17051.92,312829.61999999994,20,0,0,CARD,TRANSFER,IN
13698.9,288133.12999999995,18,0,0,CARD,TRANSFER,IN
15120.51,301832.02999999997,19,0,1,CARD,DEPOSIT,AE
21409.79,301272.38000000006,19,0,1,CARD,WITHDRAWAL,IN
42938.04,0.0,0,1,0,CARD,TRANSFER,IN
38419.1,42938.04,1,1,0,CARD,DEPOSIT,IN
47317.27,81357.14,2,0,0,CARD,DEPOSIT,IN
39069.41,128674.41,3,0,0,NET_BANKING,WITHDRAWAL,AE
11946.55,167743.82,4,1,0,NET_BANKING,WITHDRAWAL,IN
41280.94,179690.37,5,0,0,NET_BANKING,WITHDRAWAL,IN
38372.02,220971.31,6,0,1,CARD,WITHDRAWAL,SG
21033.3,259343.33,7,0,1,CARD,WITHDRAWAL,IN
24838.56,280376.63,8,0,1,NET_BANKING,TRANSFER,IN
103076.80978263408,305215.19,9,0,1,CARD,WITHDRAWAL,US
11960.59,408291.9997826341,10,0,0,CARD,DEPOSIT,IN
90524.23363266492,420252.5897826341,11,0,0,CARD,TRANSFER,IN
18887.09,510776.82341529906,12,0,0,CARD,TRANSFER,IN
26267.66,529663.913415299,13,0,0,CARD,DEPOSIT,IN
45491.51,555931.5734152991,14,1,0,CARD,WITHDRAWAL,IN
19474.01,601423.0834152991,15,0,0,CARD,TRANSFER,IN
18841.04,620897.0934152991,16,0,0,UPI,WITHDRAWAL,IN
11298.05,639738.1334152991,17,0,0,CARD,DEPOSIT,IN
30251.02,651036.1834152992,18,0,0,UPI,TRANSFER,IN
44403.89,681287.2034152992,19,0,0,NET_BANKING,DEPOSIT,IN
10858.74,725691.0934152992,20,0,0,CARD,WITHDRAWAL,IN
29384.05,736549.8334152992,21,1,0,CARD,WITHDRAWAL,IN
13205.77,684576.7434152991,20,0,0,CARD,TRANSFER,IN
42453.11,650465.2434152991,20,0,0,CARD,TRANSFER,SG
44815.0,692918.3534152991,21,0,0,CARD,TRANSFER,IN
78289.09995388071,737733.3534152991,22,0,0,CARD,DEPOSIT,IN
20989.35,816022.4533691797,23,0,0,CARD,DEPOSIT,IN
17769.91,785995.8433691798,22,1,0,CARD,TRANSFER,SG
42141.61,803765.7533691798,23,0,0,CARD,TRANSFER,IN
37732.86,804626.4233691798,23,1,1,CARD,DEPOSIT,IN
47287.11,803987.2633691798,23,0,1,CARD,WITHDRAWAL,IN
25092.31,830241.0733691797,23,1,1,CARD,DEPOSIT,IN
11337.52,0.0,0,1,0,CARD,WITHDRAWAL,US
8214.98,11337.52,1,1,0,CARD,DEPOSIT,IN
13102.03,19552.5,2,0,0,UPI,TRANSFER,IN
6968.67,32654.53,3,0,0,UPI,WITHDRAWAL,SG
11905.05,39623.2,4,0,0,NET_BANKING,TRANSFER,IN
24774.52,51528.25,5,0,0,CARD,TRANSFER,IN
11417.77,76302.77,6,0,1,CARD,WITHDRAWAL,IN
11956.1,87720.54000000001,7,0,1,NET_BANKING,DEPOSIT,IN
11544.38,99676.64,8,1,1,CARD,DEPOSIT,IN
14261.62,111221.02000000002,9,0,1,NET_BANKING,WITHDRAWAL,IN
12860.8,125482.64,10,0,0,CARD,TRANSFER,IN
20148.07,138343.44,11,1,0,CARD,TRANSFER,IN
11007.74,158491.51,12,0,0,CARD,TRANSFER,IN
11159.21,169499.25,13,0,0,CARD,TRANSFER,IN
10437.78,180658.46,14,1,0,CARD,DEPOSIT,IN
18458.73,191096.24,15,0,0,CARD,DEPOSIT,IN
21010.4,209554.97,16,1,0,UPI,DEPOSIT,IN
16556.67,230565.37,17,0,0,CARD,TRANSFER,IN
22914.81,247122.04,18,0,0,CARD,DEPOSIT,IN
9794.8,270036.85,19,1,0,CARD,TRANSFER,IN
11108.77,279831.64999999997,20,0,0,UPI,WITHDRAWAL,IN
22800.42,290940.42,21,0,0,CARD,TRANSFER,SG
12537.18,294188.33999999997,20,0,0,CARD,DEPOSIT,IN
9985.631907004225,0.0,0,1,0,CARD,TRANSFER,US
8351.147821366423,9985.631907004225,1,1,0,NET_BANKING,TRANSFER,IN
4052.01,18336.77972837065,2,0,0,NET_BANKING,TRANSFER,IN
1562.04,22388.789728370648,3,0,0,UPI,DEPOSIT,IN
3638.75,23950.82972837065,4,0,0,NET_BANKING,DEPOSIT,IN
5017.602087121486,27589.57972837065,5,1,0,NET_BANKING,DEPOSIT,AE
3625.7,32607.181815492135,6,1,0,NET_BANKING,DEPOSIT,IN
4424.23,36232.88181549213,7,0,1,NET_BANKING,DEPOSIT,IN
1599.03,40657.11181549213,8,1,1,NET_BANKING,WITHDRAWAL,IN
4392.05,42256.14181549213,9,0,1,UPI,DEPOSIT,IN
3906.7609242315943,46648.19181549213,10,0,1,NET_BANKING,TRANSFER,IN
3709.58,50554.952739723725,11,1,0,NET_BANKING,TRANSFER,IN
13887.38514296663,54264.53273972373,12,0,0,CARD,WITHDRAWAL,IN
4619.24,68151.91788269035,13,0,0,NET_BANKING,TRANSFER,IN
1528.85,72771.15788269036,14,0,0,NET_BANKING,DEPOSIT,IN
20171.65,0.0,0,1,0,UPI,TRANSFER,IN
16258.8,20171.65,1,0,0,UPI,DEPOSIT,IN
8170.7,36430.45,2,0,0,UPI,DEPOSIT,IN
13617.72,44601.149999999994,3,1,0,UPI,DEPOSIT,IN
23970.79,58218.869999999995,4,0,1,UPI,WITHDRAWAL,IN
6055.85,82189.66,5,1,1,UPI,TRANSFER,SG
7831.51,88245.51000000001,6,1,1,CARD,DEPOSIT,IN
7626.57,96077.02,7,0,1,UPI,TRANSFER,IN
18700.9,103703.59,8,0,0,UPI,DEPOSIT,IN
22383.96,122404.49,9,0,0,CARD,WITHDRAWAL,IN
8290.7,144788.44999999998,10,0,0,UPI,DEPOSIT,IN
9994.79,153079.15,11,0,0,UPI,TRANSFER,IN
8640.95,163073.94,12,0,0,UPI,WITHDRAWAL,IN
12322.07,171714.89,13,1,0,UPI,WITHDRAWAL,IN
10058.08,184036.96,14,0,0,CARD,TRANSFER,IN
9033.67,0.0,0,1,0,UPI,WITHDRAWAL,IN
23033.384336417937,9033.67,1,0,0,UPI,DEPOSIT,IN
6628.91,32067.05433641794,2,0,0,UPI,DEPOSIT,IN
25374.903134114873,38695.964336417936,3,0,0,UPI,DEPOSIT,IN
6109.83,64070.86747053281,4,0,0,UPI,DEPOSIT,IN
5897.31,70180.6974705328,5,1,0,UPI,WITHDRAWAL,IN
10291.83,76078.0074705328,6,0,0,UPI,WITHDRAWAL,IN
5758.65,86369.8374705328,7,0,0,UPI,DEPOSIT,IN
4956.69,92128.4874705328,8,0,1,UPI,TRANSFER,IN
9723.91,97085.1774705328,9,0,1,UPI,DEPOSIT,US
6758.87,106809.0874705328,10,0,1,UPI,TRANSFER,IN
27848.956333249414,113567.9574705328,11,0,1,UPI,DEPOSIT,IN
7078.22,141416.91380378223,12,0,1,CARD,WITHDRAWAL,IN
11211.05,148495.13380378223,13,1,1,CARD,DEPOSIT,IN
6108.94,159706.18380378222,14,0,0,UPI,DEPOSIT,IN
7237.87,165815.12380378222,15,0,0,CARD,WITHDRAWAL,IN
3020.29,173052.9938037822,16,0,0,CARD,TRANSFER,IN
22319.87224802338,176073.28380378222,17,0,0,UPI,DEPOSIT,IN
7628.46,198393.1560518056,18,0,0,UPI,DEPOSIT,IN
7744.97,206021.6160518056,19,0,0,UPI,DEPOSIT,IN
7774.86,213766.5860518056,20,0,0,NET_BANKING,DEPOSIT,IN
2965.74,221541.44605180557,21,1,0,NET_BANKING,DEPOSIT,IN
33555.19541756975,224507.18605180556,22,0,0,CARD,DEPOSIT,IN
11088.9,258062.3814693753,23,1,0,UPI,TRANSFER,IN
4972.77,269151.2814693753,24,0,0,UPI,WITHDRAWAL,IN
