amount,total_amount_last_24h,txn_count_last_24h,is_new_device,is_odd_hour,channel,transaction_type,country,fraud_probability,is_fraud
5747.75,0.0,0,1,0,UPI,WITHDRAWAL,IN,0.07644968030767108,0
3471.69,5747.75,1,0,0,UPI,TRANSFER,IN,0.031919958481987594,0
6431.61,9219.44,2,0,0,NET_BANKING,TRANSFER,IN,0.03946685496176327,0
8051.75,15651.05,3,0,0,UPI,TRANSFER,IN,0.03198605849284743,0
8182.8,23702.8,4,0,0,NET_BANKING,TRANSFER,IN,0.03229704543893896,0
10239.07,31885.6,5,0,0,UPI,TRANSFER,IN,0.046007906158901615,0
3967.82,42124.67,6,1,0,UPI,TRANSFER,IN,0.07175779153528444,0
4086.73,46092.49,7,0,1,UPI,WITHDRAWAL,IN,0.0590834125025477,0
9664.67,50179.22,8,0,1,UPI,TRANSFER,IN,0.06019454740835309,0
3599.52,59843.89,9,1,1,UPI,WITHDRAWAL,IN,0.11494469153484127,0
3998.12,63443.41,10,0,1,UPI,TRANSFER,IN,0.0718996743177176,0
7690.4,67441.53,11,0,1,UPI,WITHDRAWAL,IN,0.06760739454273909,0
10191.75,75131.93,12,0,1,UPI,DEPOSIT,IN,0.08635750156966737,0
10284.16,85323.68,13,0,0,UPI,TRANSFER,IN,0.10253658772840052,0
10588.63,95607.84,14,0,0,NET_BANKING,WITHDRAWAL,IN,0.10270123622130035,0
8860.29,106196.47,15,0,0,UPI,WITHDRAWAL,IN,0.08549467602241899,0
8386.67,115056.76,16,1,0,UPI,TRANSFER,IN,0.14583531168295463,0
9514.23,123443.43,17,0,0,CARD,DEPOSIT,IN,0.09616521274019968,0
6618.86,132957.66,18,0,0,CARD,WITHDRAWAL,IN,0.09934296432189432,0
2554.67,139576.52,19,0,0,UPI,WITHDRAWAL,IN,0.10336742928124089,1
8512.42,0.0,0,1,0,CARD,TRANSFER,IN,0.07540954861998074,0
3110.48,8512.42,1,1,0,CARD,TRANSFER,IN,0.07893180372409583,0
11555.48,11622.9,2,1,0,UPI,DEPOSIT,US,0.09788680698845388,0
11069.96,23178.379999999997,3,0,0,CARD,WITHDRAWAL,IN,0.055962392353662446,0
6635.94,34248.34,4,0,0,CARD,DEPOSIT,IN,0.037441075490776465,0
7641.84,40884.28,5,0,0,CARD,TRANSFER,IN,0.03825858705848467,0
3605.69,48526.119999999995,6,0,1,CARD,DEPOSIT,IN,0.05677381828630135,0
6124.41,52131.81,7,1,1,CARD,WITHDRAWAL,IN,0.09360753278983887,0
10100.28,58256.22,8,0,1,CARD,DEPOSIT,IN,0.07073704717165188,0
11659.95,68356.5,9,1,1,CARD,TRANSFER,IN,0.1301928099007493,0
12233.67,80016.45,10,0,0,UPI,WITHDRAWAL,IN,0.10024458567570495,0
11111.72,92250.12,11,0,0,CARD,DEPOSIT,IN,0.10548569196075995,0
4088.85,103361.84,12,0,0,CARD,WITHDRAWAL,SG,0.11077435072058069,0
5079.63,107450.69,13,0,0,CARD,DEPOSIT,IN,0.08586654930622832,0
10916.27,112530.32,14,0,0,CARD,TRANSFER,IN,0.09935521244993147,0
11124.1,123446.59,15,0,0,CARD,WITHDRAWAL,IN,0.09646522194206218,0
11080.09,134570.69,16,0,0,CARD,TRANSFER,US,0.11577393426757504,0
11123.92,145650.78,17,0,0,CARD,DEPOSIT,IN,0.1198012743493228,0
5677.88,156774.7,18,0,0,CARD,DEPOSIT,IN,0.10360675118149712,0
8975.91,162452.58000000002,19,0,0,CARD,DEPOSIT,IN,0.10054564636552779,0
6342.3,171428.49000000002,20,0,0,CARD,WITHDRAWAL,IN,0.09531449060841227,0
5723.65,177770.79,21,0,0,CARD,TRANSFER,IN,0.10589963295560363,1
7293.9,174982.02000000002,21,0,0,CARD,WITHDRAWAL,IN,0.09407899027462252,0
3422.08,179165.44000000003,21,0,0,CARD,TRANSFER,IN,0.10373816831892027,0
8857.28,182587.52,22,0,0,CARD,TRANSFER,IN,0.0998621028646221,0
3667.61,191444.8,23,1,0,NET_BANKING,WITHDRAWAL,US,0.13443486437508317,0
7202.47,172486.96999999997,22,0,0,CARD,TRANSFER,IN,0.10297486383752746,0
5616.59,173053.49999999997,22,0,0,NET_BANKING,WITHDRAWAL,IN,0.09502721492714244,0
8458.03,171028.24999999997,22,0,0,CARD,DEPOSIT,IN,0.10196963284154115,0
4378.83,179486.27999999997,23,1,1,CARD,DEPOSIT,IN,0.16124051108284548,1
8328.79,180259.41999999995,23,0,1,CARD,WITHDRAWAL,IN,0.12387151907037744,0
10984.47,188588.20999999996,24,1,1,CARD,TRANSFER,IN,0.18146381218359034,1
10535.8,183347.99,23,0,1,UPI,TRANSFER,IN,0.13660309109856975,0
4345.97,182223.83999999997,23,0,1,CARD,DEPOSIT,IN,0.12108034334883976,0
5614.91,186569.80999999997,24,1,0,UPI,TRANSFER,IN,0.14170744829364226,1
10014.84,179951.05,24,1,0,UPI,DEPOSIT,IN,0.15660524121369818,0
8322.75,189965.89,25,0,0,CARD,WITHDRAWAL,IN,0.10339302104761991,0
2752.23,187176.92,25,1,0,NET_BANKING,TRANSFER,IN,0.14340793700510074,0
22814.9,0.0,0,1,0,NET_BANKING,TRANSFER,IN,0.10438818931077296,0
10939.38,22814.9,1,0,0,CARD,WITHDRAWAL,IN,0.051334104560714175,0
9566.15,33754.28,2,1,0,CARD,TRANSFER,IN,0.0708413506440444,1
15234.98,43320.43,3,1,0,CARD,TRANSFER,SG,0.1114473103373234,0
7463.53,58555.41,4,1,1,CARD,WITHDRAWAL,IN,0.09539027345534108,1
20977.35,66018.94,5,0,1,CARD,DEPOSIT,IN,0.08484447577642716,0
11759.5,86996.29000000001,6,0,1,CARD,WITHDRAWAL,IN,0.10960904215018472,0
6976.93,98755.79,7,0,1,NET_BANKING,TRANSFER,IN,0.08679794954920465,0
22267.64,105732.72,8,0,1,CARD,TRANSFER,IN,0.12489112750546547,0
18424.88,128000.36,9,0,0,CARD,WITHDRAWAL,IN,0.10171437122802793,0
24103.81,146425.24,10,1,0,CARD,DEPOSIT,IN,0.15164970891898752,0
8134.17,170529.05,11,0,0,UPI,WITHDRAWAL,IN,0.08233498137595877,0
17398.61,178663.22,12,1,0,CARD,TRANSFER,IN,0.1398827856623428,0
22561.06,196061.83,13,0,0,CARD,DEPOSIT,US,0.1143259943160527,0
6434.84,218622.89,14,1,0,CARD,TRANSFER,IN,0.12391109073739397,0
24062.04,225057.73,15,1,0,CARD,TRANSFER,IN,0.155838812497681,0
5008.0,249119.77,16,0,0,CARD,WITHDRAWAL,IN,0.1039453772726272,0
22304.53,254127.77,17,0,0,CARD,WITHDRAWAL,IN,0.13104469447392486,0
8891.47,276432.30000000005,18,0,0,NET_BANKING,TRANSFER,IN,0.09424196367022833,0
13967.3,285323.77,19,0,0,CARD,TRANSFER,IN,0.12028710643511059,0
8318.72,299291.07,20,0,0,CARD,WITHDRAWAL,IN,0.09927422181554847,1
17436.79,284794.88999999996,20,0,0,CARD,WITHDRAWAL,IN,0.11709223258750671,0
22715.66,302231.67999999993,21,1,0,CARD,TRANSFER,IN,0.16600954808728557,0
14053.22,314007.95999999996,21,0,0,UPI,WITHDRAWAL,IN,0.1146516043212737,1
19620.29,303260.04999999993,20,0,0,CARD,TRANSFER,IN,0.1154533765892905,1
18749.65,322880.3399999999,21,0,0,CARD,WITHDRAWAL,IN,0.1122538436220489,0
11368.47,313189.11,20,0,1,CARD,TRANSFER,IN,0.13134230262416907,0
6160.35,305821.14999999997,19,0,1,CARD,WITHDRAWAL,IN,0.11804890155345392,0
7532.43,311981.49999999994,20,1,1,CARD,WITHDRAWAL,IN,0.1615301693022181,0
10778.69,297246.29,20,0,1,CARD,WITHDRAWAL,IN,0.13117320633141535,0
24791.12,308024.98,21,0,1,CARD,DEPOSIT,SG,0.17926432557513822,0
5494.34,314391.22,21,0,0,CARD,WITHDRAWAL,IN,0.10289713121413109,0
19997.1,319885.56,22,1,0,CARD,WITHDRAWAL,IN,0.1532742545138554,0
20896.61,307644.68,21,0,0,CARD,WITHDRAWAL,IN,0.1266241123708683,0
20227.87,311142.68,21,0,0,CARD,WITHDRAWAL,IN,0.1268363324418474,1
10688.66,331370.55,22,0,0,UPI,WITHDRAWAL,IN,0.11179399993795662,0
20217.7,289001.26999999996,20,0,0,CARD,TRANSFER,IN,0.13772903789505264,1
4407.06,0.0,0,1,0,CARD,WITHDRAWAL,SG,0.09828630686990697,1
1726.34,4407.06,1,0,0,CARD,WITHDRAWAL,IN,0.035728984988585455,0
3192.51,6133.400000000001,2,1,0,CARD,WITHDRAWAL,IN,0.08168564610007975,0
4563.92,9325.91,3,0,0,CARD,WITHDRAWAL,IN,0.04033800348384341,0
2409.44,13889.83,4,0,0,CARD,WITHDRAWAL,IN,0.031211643121797982,0
4829.99,16299.27,5,0,0,NET_BANKING,WITHDRAWAL,IN,0.041937992575427,0
3663.95,21129.26,6,0,1,UPI,TRANSFER,IN,0.061871476413040145,0
3544.9,24793.210000000003,7,0,1,CARD,TRANSFER,SG,0.08454976339610834,0
4790.16,28338.110000000004,8,0,1,CARD,WITHDRAWAL,IN,0.061337153009188336,0
1769.58,33128.270000000004,9,0,1,CARD,DEPOSIT,IN,0.067155503780929,0
1214.11,34897.850000000006,10,0,0,CARD,WITHDRAWAL,IN,0.049838357156457444,0
1422.63,36111.96000000001,11,0,0,CARD,WITHDRAWAL,IN,0.0514736957632909,0
2095.49,37534.59,12,0,0,CARD,TRANSFER,SG,0.07040090183303332,0
2416.85,39630.08,13,0,0,CARD,DEPOSIT,IN,0.054156164082245106,0
1285.22,42046.93,14,0,0,CARD,WITHDRAWAL,IN,0.051602272689785754,0
2627.57,43332.15,15,0,0,NET_BANKING,TRANSFER,IN,0.04729844055554738,0
2657.51,45959.72,16,0,0,CARD,TRANSFER,IN,0.06401284450653932,0
2925.87,48617.23,17,0,0,CARD,TRANSFER,IN,0.06649731900960099,0
2997.39,51543.100000000006,18,0,0,CARD,DEPOSIT,IN,0.0673753088751709,0
2196.61,54540.490000000005,19,1,0,CARD,TRANSFER,IN,0.10590580325809074,0
27921.75,0.0,0,1,0,CARD,WITHDRAWAL,IN,0.10465755117393578,0
23419.19,27921.75,1,0,0,UPI,TRANSFER,IN,0.07066185337918138,0
10812.28,51340.94,2,1,0,NET_BANKING,DEPOSIT,IN,0.09780119158217018,0
30131.56,62153.22,3,1,0,CARD,DEPOSIT,SG,0.1270445452344411,1
13606.51,92284.78,4,0,0,CARD,WITHDRAWAL,IN,0.07856646741869273,0
32393.58,105891.29,5,1,0,CARD,TRANSFER,IN,0.1382911560336313,0
47596.73,138284.87,6,0,0,CARD,TRANSFER,IN,0.09733516770991375,0
21421.05,185881.6,7,0,1,CARD,WITHDRAWAL,IN,0.11492227163888698,0
39564.22,207302.65,8,0,1,CARD,TRANSFER,IN,0.11843044687607603,0
20108.31,246866.87,9,0,1,CARD,DEPOSIT,IN,0.13177507400806693,0
33490.96,266975.18,10,0,1,CARD,WITHDRAWAL,US,0.1373648250928543,0
39519.19,300466.14,11,0,1,CARD,WITHDRAWAL,IN,0.13906856992943653,0
47175.93,339985.33,12,0,0,CARD,WITHDRAWAL,IN,0.11876140240430741,0
40370.19,387161.26,13,0,0,CARD,WITHDRAWAL,IN,0.12007410952188934,0
38639.93,427531.45,14,0,0,CARD,WITHDRAWAL,IN,0.12052061419501181,0
11386.44,466171.38,15,0,0,CARD,WITHDRAWAL,IN,0.09557219174168602,0
10884.67,477557.82,16,0,0,CARD,WITHDRAWAL,IN,0.11266428681135328,0
20203.2,488442.49,17,1,0,CARD,WITHDRAWAL,IN,0.17413605559923936,0
18401.58,508645.69,18,0,0,NET_BANKING,DEPOSIT,IN,0.11272225916133516,0
44262.24,527047.27,19,0,0,NET_BANKING,WITHDRAWAL,IN,0.12617072049381878,0
16107.33,571309.51,20,0,0,CARD,WITHDRAWAL,IN,0.11583946950536728,0
31263.11,587416.84,21,0,0,NET_BANKING,WITHDRAWAL,IN,0.12652225856341281,0
42523.13,618679.95,22,0,0,CARD,TRANSFER,IN,0.12811678965796885,0
47959.2,661203.08,23,0,0,CARD,TRANSFER,IN,0.1275759763388324,0
35998.51,647009.0599999999,21,0,0,UPI,DEPOSIT,IN,0.12908302507388963,0
48137.42,683007.57,22,0,0,CARD,WITHDRAWAL,IN,0.13491033438260375,0
31802.22,701013.43,22,0,0,UPI,TRANSFER,AE,0.13168698206662446,1
15796.74,732815.65,23,1,0,CARD,WITHDRAWAL,IN,0.1605768781248693,1
14936.91,735005.88,23,0,0,CARD,WITHDRAWAL,IN,0.1212908203281791,0
19958.63,717549.21,23,0,0,CARD,WITHDRAWAL,IN,0.11663781289774956,0
22825.12,689911.1100000001,23,0,0,UPI,TRANSFER,IN,0.12617280800792838,0
39304.5,712736.2300000001,24,1,1,CARD,DEPOSIT,IN,0.18770466104419356,0
36357.13,691055.4600000001,23,0,1,CARD,TRANSFER,SG,0.17164253620917133,1
34990.07,673813.3200000001,22,0,1,CARD,TRANSFER,IN,0.15423052317764635,0
39659.31,708803.39,23,0,1,CARD,TRANSFER,SG,0.17390313236181662,0
6042.31,0.0,0,1,0,NET_BANKING,TRANSFER,IN,0.0799938915391569,0
20741.66,6042.31,1,1,0,UPI,DEPOSIT,IN,0.10437535946501636,0
10152.21,26783.97,2,1,0,UPI,TRANSFER,IN,0.09661596338223878,0
18981.52,36936.18,3,1,0,UPI,DEPOSIT,IN,0.09319759811193777,0
20010.08,55917.7,4,0,0,UPI,DEPOSIT,IN,0.06358085124324636,0
24306.54,75927.78,5,0,0,NET_BANKING,TRANSFER,IN,0.06225384573232318,0
22613.89,100234.32,6,1,1,UPI,WITHDRAWAL,IN,0.16398787518892366,0
16996.85,122848.21,7,0,1,UPI,DEPOSIT,US,0.10988675089398846,0
5907.51,139845.06,8,0,1,UPI,WITHDRAWAL,IN,0.08445688422563888,0
19060.4,145752.57,9,0,1,UPI,DEPOSIT,US,0.1252801721976402,0
5791.95,164812.97,10,0,1,UPI,WITHDRAWAL,IN,0.10903115904806103,0
6033.97,170604.92,11,0,0,CARD,TRANSFER,IN,0.07940291155915864,0
20866.34,176638.89,12,0,0,NET_BANKING,DEPOSIT,US,0.11020208882384669,0
19479.88,197505.23,13,0,0,UPI,DEPOSIT,IN,0.0942488538298025,0
7710.19,216985.11,14,1,0,UPI,TRANSFER,IN,0.12691037927353702,0
22744.24,224695.3,15,0,0,UPI,DEPOSIT,IN,0.11798888351448868,0
20072.25,247439.54,16,0,0,CARD,DEPOSIT,IN,0.13742216876229402,0
15982.65,267511.79000000004,17,0,0,UPI,WITHDRAWAL,IN,0.11178964873725493,0
12224.66,283494.44000000006,18,1,0,UPI,TRANSFER,SG,0.17641923350292127,0
19281.91,295719.10000000003,19,0,0,UPI,DEPOSIT,IN,0.11383920574224522,0
13300.84,315001.01,20,1,0,UPI,DEPOSIT,IN,0.15834511469603824,0
11615.23,328301.85000000003,21,1,0,UPI,TRANSFER,IN,0.15993668503243644,0
18582.74,339917.08,22,0,0,NET_BANKING,WITHDRAWAL,IN,0.11321613958120523,0
19395.08,358499.82,23,1,0,UPI,TRANSFER,IN,0.16003306429890887,0
16008.79,377894.9,24,0,0,UPI,TRANSFER,IN,0.11614731862807565,0
7837.03,387861.37999999995,24,0,0,UPI,TRANSFER,IN,0.10489214322103463,0
5685.44,364804.54,23,1,0,NET_BANKING,WITHDRAWAL,SG,0.16220648054686196,0
20786.01,351508.46,23,1,0,UPI,TRANSFER,IN,0.16789720718366863,0
9220.62,0.0,0,1,0,UPI,TRANSFER,IN,0.07747190216345942,0
13167.91,9220.62,1,1,0,CARD,WITHDRAWAL,IN,0.0886434775948193,0
7515.31,22388.53,2,0,0,UPI,WITHDRAWAL,IN,0.04016465000625368,1
24799.98,29903.84,3,0,0,UPI,WITHDRAWAL,AE,0.0656664327158468,0
9375.17,54703.82,4,0,0,UPI,DEPOSIT,SG,0.05624331958517513,0
18791.81,64078.99,5,1,0,UPI,DEPOSIT,IN,0.09650188578481193,0
23899.32,82870.8,6,0,1,UPI,WITHDRAWAL,IN,0.11559953818513478,0
8459.18,106770.12,7,0,1,UPI,DEPOSIT,IN,0.08504636089997109,0
23487.14,115229.3,8,0,1,NET_BANKING,DEPOSIT,IN,0.1159972756634919,0
24838.22,138716.44,9,0,1,UPI,WITHDRAWAL,IN,0.14039436093524957,0
13368.61,163554.66,10,0,0,CARD,DEPOSIT,IN,0.09716845526445132,0
17043.89,176923.27000000002,11,0,0,UPI,DEPOSIT,IN,0.09806464933877612,0
23644.68,193967.16000000003,12,0,0,UPI,DEPOSIT,IN,0.11060381324396487,0
12214.13,217611.84000000003,13,1,0,UPI,DEPOSIT,IN,0.1377942154827494,1
6509.3,229825.97000000003,14,0,0,UPI,DEPOSIT,IN,0.08675654318865127,0
11206.98,236335.27,15,0,0,CARD,WITHDRAWAL,IN,0.1003798858727691,0
10898.77,247542.25000000003,16,0,0,NET_BANKING,DEPOSIT,IN,0.11935751903010243,0
20497.93,258441.02,17,1,0,UPI,TRANSFER,IN,0.17180667618995943,0
14767.47,278938.95,18,0,0,UPI,TRANSFER,IN,0.11938779445762822,0
15955.89,293706.42,19,0,0,UPI,WITHDRAWAL,IN,0.11193666589820958,0
16846.7,309662.31,20,1,0,UPI,WITHDRAWAL,IN,0.15548567021645004,1
9457.53,317288.38999999996,20,0,0,UPI,WITHDRAWAL,SG,0.11964343506731796,0
14775.73,306062.7,19,0,0,UPI,DEPOSIT,IN,0.12085095217987392,0
21673.91,296038.45,19,0,0,NET_BANKING,TRANSFER,IN,0.12764956795314122,0
14236.61,317712.36,20,0,0,UPI,DEPOSIT,IN,0.11332344931580697,1
15765.94,331948.97,21,0,0,UPI,DEPOSIT,IN,0.11264747005073024,0
23443.24,319547.93,20,0,0,UPI,DEPOSIT,IN,0.12798387586023321,0
20115.15,319091.85,20,1,1,UPI,WITHDRAWAL,IN,0.1885734555840651,0
8468.44,307260.68000000005,19,0,1,UPI,DEPOSIT,IN,0.11566095174359839,0
18767.06,315729.12000000005,20,0,1,UPI,DEPOSIT,IN,0.14024386079196297,0
8793.08,309657.9600000001,20,0,0,UPI,TRANSFER,IN,0.10448655173508921,0
12064.18,305082.43000000005,20,0,0,UPI,TRANSFER,IN,0.1163435426848479,0
13560.7,317146.61000000004,21,1,0,UPI,WITHDRAWAL,IN,0.15211862990315184,0
9876.56,313663.42000000004,21,0,0,UPI,WITHDRAWAL,IN,0.09866493960256574,0
18706.39,299895.3,21,0,0,NET_BANKING,DEPOSIT,IN,0.12160629528477315,0
16578.7,306387.56,21,0,0,UPI,TRANSFER,IN,0.12026935592256835,0
21150.06,0.0,0,1,0,CARD,TRANSFER,IN,0.1109837214699589,0
11307.98,21150.06,1,1,0,CARD,WITHDRAWAL,IN,0.09233062865742925,0
11450.12,32458.04,2,0,0,NET_BANKING,TRANSFER,US,0.055397724747728146,0
15748.54,43908.16,3,0,0,CARD,TRANSFER,IN,0.051893926011978495,0
13645.05,59656.7,4,0,0,CARD,DEPOSIT,IN,0.04924895065515984,0
6248.87,73301.75,5,0,0,NET_BANKING,DEPOSIT,IN,0.03874415765644224,0
20410.31,79550.62,6,0,0,CARD,TRANSFER,IN,0.06647796537968623,1
18574.85,99960.93,7,0,0,CARD,WITHDRAWAL,IN,0.08264510543102055,0
19093.61,118535.78,8,0,0,CARD,WITHDRAWAL,IN,0.07992964445526989,0
24148.88,137629.39,9,0,0,CARD,TRANSFER,IN,0.12133769604207145,0
23233.32,161778.27000000002,10,0,1,CARD,WITHDRAWAL,IN,0.13937710419169289,0
8484.42,185011.59000000003,11,0,1,CARD,TRANSFER,IN,0.1051624700619031,1
13795.08,193496.01000000004,12,0,1,CARD,WITHDRAWAL,IN,0.11805753125168102,0
10210.54,207291.09000000003,13,0,0,CARD,DEPOSIT,IN,0.09613894963128275,0
12565.95,217501.63000000003,14,0,0,CARD,TRANSFER,IN,0.09894016369370849,1
7829.92,230067.58000000005,15,1,0,CARD,TRANSFER,IN,0.12491254240830169,0
11400.69,237897.5000000001,16,1,0,CARD,DEPOSIT,IN,0.15653486018717006,0
14013.39,249298.1900000001,17,0,0,CARD,WITHDRAWAL,IN,0.11008545096182071,0
6528.51,263311.5800000001,18,0,0,CARD,TRANSFER,IN,0.09753344928738772,0
8080.31,269840.0900000001,19,0,0,CARD,DEPOSIT,IN,0.09989001803275675,0
11094.11,277920.4000000001,20,1,0,NET_BANKING,TRANSFER,IN,0.15084979970468793,0
15922.39,289014.51000000007,21,0,0,CARD,WITHDRAWAL,IN,0.11656399756956254,0
21589.35,304936.9000000001,22,0,0,CARD,TRANSFER,IN,0.13087910462280955,1
9255.39,326526.25000000006,23,0,0,CARD,DEPOSIT,IN,0.10576046489525422,0
22725.85,335781.6400000001,24,0,0,NET_BANKING,TRANSFER,IN,0.13719924161437327,0
17741.06,358507.49000000005,25,0,0,CARD,WITHDRAWAL,IN,0.11918590783027501,0
20101.29,376248.5500000001,26,0,0,CARD,DEPOSIT,IN,0.13011835338445857,0
18993.75,396349.84,27,0,0,NET_BANKING,DEPOSIT,IN,0.12056870615613377,0
18084.42,382885.55,26,1,0,CARD,TRANSFER,IN,0.1590491353696237,1
11207.61,373771.31,25,0,0,CARD,DEPOSIT,IN,0.11662607283291654,0
7882.98,371333.86999999994,25,0,0,CARD,DEPOSIT,IN,0.10302138057829299,0
18645.1,379216.8499999999,26,0,0,CARD,DEPOSIT,IN,0.11852467377269925,0
13948.89,391613.0799999999,26,1,0,CARD,DEPOSIT,IN,0.15470063443770993,0
5088.47,323334.31999999995,23,0,0,CARD,TRANSFER,AE,0.09486915684808953,0
18300.34,305189.4699999999,23,1,1,CARD,WITHDRAWAL,IN,0.17723562540839607,0
16611.37,323489.80999999994,24,0,1,CARD,DEPOSIT,IN,0.14010305484342064,0
10927.08,340101.17999999993,25,0,1,UPI,DEPOSIT,IN,0.13524020098563566,0
22009.64,351028.25999999995,26,0,1,CARD,WITHDRAWAL,IN,0.15298830023294555,0
5801.3,364553.48,26,0,1,CARD,DEPOSIT,IN,0.11627322399169768,0
2658.16,0.0,0,1,0,UPI,TRANSFER,IN,0.07513138311695325,0
4646.6,2658.16,1,1,0,UPI,TRANSFER,IN,0.07547548438773423,0
1949.48,7304.76,2,0,0,NET_BANKING,WITHDRAWAL,IN,0.035438984832768194,0
3563.79,9254.24,3,1,0,UPI,WITHDRAWAL,SG,0.1043902496504429,0
4563.64,12818.03,4,0,0,NET_BANKING,DEPOSIT,IN,0.0328010943041485,0
1944.64,17381.67,5,0,0,UPI,TRANSFER,IN,0.0319727924987057,0
2077.31,19326.31,6,0,1,UPI,DEPOSIT,IN,0.06172182056107783,0
4542.48,21403.62,7,0,1,NET_BANKING,DEPOSIT,IN,0.05818776448640518,1
2522.63,25946.1,8,1,1,UPI,TRANSFER,IN,0.10020363906604932,0
4383.37,28468.73,9,0,0,UPI,WITHDRAWAL,IN,0.05314250321032986,0
4465.1,32852.1,10,0,0,CARD,TRANSFER,IN,0.04991461836448918,0
4321.73,37317.2,11,1,0,UPI,DEPOSIT,US,0.08645547352487126,0
3574.61,41638.92999999999,12,0,0,UPI,DEPOSIT,IN,0.05327495784286071,0
3133.01,45213.53999999999,13,0,0,UPI,TRANSFER,IN,0.04609453235703301,0
3356.09,48346.55,14,0,0,UPI,DEPOSIT,IN,0.049227291235334814,0
4522.74,51702.64,15,0,0,CARD,TRANSFER,IN,0.051307331804110165,0
1041.42,56225.38,16,0,0,UPI,WITHDRAWAL,IN,0.07090510028823788,0
4664.49,57266.8,17,0,0,UPI,TRANSFER,IN,0.06790455931626505,1
3617.94,61931.28999999999,18,0,0,NET_BANKING,WITHDRAWAL,IN,0.06787352508512437,0
2079.75,65549.23,19,0,0,UPI,WITHDRAWAL,IN,0.07011373646578814,0
2201.67,60324.22,18,0,0,UPI,DEPOSIT,IN,0.06699674861893848,0
4171.84,62525.89,19,0,0,CARD,WITHDRAWAL,IN,0.06456743835714712,0
3854.63,64748.249999999985,19,0,0,UPI,WITHDRAWAL,IN,0.06389052128066208,0
1706.74,65039.08999999999,19,0,0,UPI,WITHDRAWAL,SG,0.09226458610449198,0
4427.42,66745.82999999999,20,0,0,UPI,TRANSFER,SG,0.09749980870377373,0
2200.93,71173.24999999999,21,0,0,CARD,DEPOSIT,IN,0.06978313348933973,0
2729.0,66865.89999999998,20,0,0,CARD,WITHDRAWAL,IN,0.0733529289872059,0
4210.17,69594.89999999998,21,0,1,NET_BANKING,TRANSFER,AE,0.09050736076898183,0
2693.07,71727.76,21,0,1,UPI,TRANSFER,US,0.08714156072459656,0
4221.85,69878.35,21,1,1,UPI,WITHDRAWAL,IN,0.12934857302670638,0
3954.83,74100.20000000001,22,0,1,UPI,WITHDRAWAL,IN,0.08264475727828663,0
3195.8,78055.03000000001,23,0,1,CARD,WITHDRAWAL,IN,0.09293519623797454,0
2428.42,78728.2,23,1,1,UPI,WITHDRAWAL,IN,0.13148131322561218,0
3631.07,76773.24999999999,23,0,0,UPI,WITHDRAWAL,IN,0.07122501547040203,0
10447.65,0.0,0,1,0,CARD,WITHDRAWAL,IN,0.09649057775535859,0
75875.4653982554,10447.65,1,0,0,NET_BANKING,WITHDRAWAL,IN,0.06408476194842991,0
23941.36,86323.1153982554,2,1,0,NET_BANKING,DEPOSIT,IN,0.14306519391410738,1
37901.67418225048,110264.4753982554,3,0,0,NET_BANKING,DEPOSIT,IN,0.10514657314893436,0
8230.5,148166.14958050588,4,0,0,NET_BANKING,WITHDRAWAL,IN,0.07332094649864815,1
16814.24,156396.64958050588,5,0,0,NET_BANKING,DEPOSIT,SG,0.11077961016397243,0
23829.85,173210.88958050587,6,0,1,NET_BANKING,WITHDRAWAL,IN,0.11673098137505493,1
58911.17113801985,197040.73958050588,7,0,1,NET_BANKING,WITHDRAWAL,IN,0.1215584162631915,0
19496.49,255951.91071852573,8,0,1,NET_BANKING,TRANSFER,IN,0.1056815384014476,0
15717.62,275448.40071852575,9,0,0,NET_BANKING,DEPOSIT,SG,0.12901607826308858,0
39801.56950200678,291166.02071852575,10,0,0,NET_BANKING,WITHDRAWAL,IN,0.11291556011570243,0
5425.24,330967.5902205325,11,0,0,NET_BANKING,DEPOSIT,IN,0.08041152656803607,0
8748.63,336392.8302205325,12,0,0,NET_BANKING,WITHDRAWAL,IN,0.08535994781538574,0
53318.62133055839,345141.4602205325,13,0,0,CARD,DEPOSIT,IN,0.11150448296120977,1
20852.48,398460.0815510909,14,0,0,NET_BANKING,TRANSFER,IN,0.12006611796131808,0
11347.28,419312.56155109085,15,1,0,NET_BANKING,WITHDRAWAL,SG,0.15896281349023728,0
17383.83,430659.8415510909,16,0,0,CARD,WITHDRAWAL,IN,0.11534022160224104,1
11294.17,448043.6715510909,17,0,0,NET_BANKING,DEPOSIT,IN,0.11149715002563956,0
5891.29,448890.19155109086,17,0,0,NET_BANKING,TRANSFER,IN,0.09424457907302732,0
17028.3,378906.01615283545,17,0,0,UPI,WITHDRAWAL,IN,0.11596219430544819,1
12537.72,395934.31615283544,18,0,0,NET_BANKING,WITHDRAWAL,IN,0.11494976310409641,0
19902.93,408472.0361528354,19,0,0,CARD,DEPOSIT,IN,0.11965024198241712,0
19529.91,404433.6061528354,19,1,0,NET_BANKING,TRANSFER,IN,0.1527116847704107,0
24997.92,377831.34197058494,18,0,0,CARD,DEPOSIT,IN,0.13229426529650323,0
3617.29,0.0,0,1,0,CARD,WITHDRAWAL,IN,0.08156579476507489,0
9187.05,3617.29,1,1,0,NET_BANKING,WITHDRAWAL,IN,0.07969900058787621,1
6458.58,12804.34,2,0,0,NET_BANKING,WITHDRAWAL,IN,0.03678487787556692,0
11882.45,19262.92,3,0,0,CARD,TRANSFER,IN,0.04608382684589939,0
3208.22,31145.37,4,0,1,NET_BANKING,WITHDRAWAL,IN,0.05105473294101483,0
9347.34,34353.59,5,0,1,NET_BANKING,TRANSFER,IN,0.05316480490767457,0
3808.08,43700.92999999999,6,0,1,CARD,TRANSFER,AE,0.05132678987677568,1
2584.1,47509.009999999995,7,0,1,NET_BANKING,WITHDRAWAL,IN,0.05287122378540228,0
11910.8,50093.10999999999,8,0,0,CARD,DEPOSIT,IN,0.052457701423508,0
9751.36,62003.90999999999,9,0,0,NET_BANKING,WITHDRAWAL,SG,0.08011958001354944,0
9971.37863714372,71755.26999999999,10,1,0,NET_BANKING,TRANSFER,IN,0.09050582537224294,1
5843.44,81726.6486371437,11,0,0,NET_BANKING,WITHDRAWAL,US,0.0811091349644024,0
4613.47,87570.08863714371,12,0,0,NET_BANKING,WITHDRAWAL,AE,0.08363144062248909,0
4706.9,92183.55863714372,13,1,0,NET_BANKING,TRANSFER,AE,0.12825534461415183,0
37733.813201638,96890.4586371437,14,0,0,NET_BANKING,WITHDRAWAL,IN,0.11863286941214782,0
4801.16,134624.27183878171,15,1,0,NET_BANKING,WITHDRAWAL,IN,0.1228170185232764,0
18183.769587330116,139425.43183878172,16,0,0,NET_BANKING,DEPOSIT,IN,0.11137216169184187,1
5427.34,157609.20142611183,17,0,0,NET_BANKING,TRANSFER,SG,0.12072096018342322,0
11392.05,163036.54142611183,18,0,0,CARD,DEPOSIT,IN,0.11477020704343446,0
9833.08,174428.59142611182,19,0,0,NET_BANKING,TRANSFER,IN,0.09998198757779471,0
6928.0,180644.3814261118,19,1,0,CARD,WITHDRAWAL,IN,0.14415334882793407,0
10614.49,187572.3814261118,20,0,0,UPI,DEPOSIT,IN,0.12072075319975939,0
8770.28,182541.2414261118,19,1,0,CARD,WITHDRAWAL,IN,0.1434133101798237,1
7325.54,179429.0714261118,19,0,0,NET_BANKING,WITHDRAWAL,AE,0.10387341366074114,0
8337.76,186754.6114261118,20,0,0,NET_BANKING,TRANSFER,IN,0.10188174220542753,0
11911.08,195092.3714261118,21,0,1,NET_BANKING,WITHDRAWAL,IN,0.13788575007108708,0
11421.59,203795.2314261118,21,0,1,NET_BANKING,DEPOSIT,IN,0.1352541220028235,0
10458.15,205869.48142611183,21,0,1,CARD,TRANSFER,IN,0.1327199697015362,0
2633.33,212519.55142611184,21,0,1,UPI,WITHDRAWAL,IN,0.11490053303877876,0
8512.71,215152.88142611185,22,0,1,NET_BANKING,TRANSFER,IN,0.12476026541609664,0
10207.324918078471,221081.4914261118,22,0,1,NET_BANKING,WITHDRAWAL,IN,0.13360318692961032,0
8144.01,231288.81634419027,23,0,0,CARD,TRANSFER,IN,0.09511803924435339,0
12027.18,227522.02634419024,23,0,0,NET_BANKING,TRANSFER,IN,0.11939697898795962,0
7038.59,229797.84634419027,23,1,0,UPI,TRANSFER,IN,0.1356444052841062,0
8324.58,221021.6177070465,22,0,0,NET_BANKING,WITHDRAWAL,IN,0.09452105744214687,0
6183.79,229346.19770704652,23,0,0,NET_BANKING,TRANSFER,IN,0.09517613954929412,1
2828.07,230916.51770704653,23,0,0,NET_BANKING,TRANSFER,IN,0.09555648275499991,1
11490.116921191897,229037.68770704657,23,1,0,NET_BANKING,DEPOSIT,AE,0.1574814413574421,0
4536.74,0.0,0,1,0,CARD,TRANSFER,IN,0.07709569474213851,0
2038.83,4536.74,1,1,0,NET_BANKING,DEPOSIT,IN,0.07407574528606567,0
1299.46,6575.57,2,0,0,CARD,WITHDRAWAL,IN,0.03357386496915356,0
4410.39,7875.03,3,0,0,CARD,DEPOSIT,IN,0.03156870569852556,0
2468.62,12285.42,4,0,0,NET_BANKING,TRANSFER,IN,0.032650789704517166,0
3400.82,14754.04,5,0,0,CARD,WITHDRAWAL,IN,0.03134527828135469,0
4412.75,18154.86,6,1,0,CARD,WITHDRAWAL,IN,0.07254014395580596,0
3552.58,22567.61,7,0,0,CARD,WITHDRAWAL,IN,0.0415891957266271,0
4761.36,26120.19,8,1,0,CARD,WITHDRAWAL,IN,0.07976536701059353,0
4730.68,30881.550000000003,9,0,0,CARD,DEPOSIT,IN,0.057172160996488225,0
2428.0,35612.23,10,0,1,UPI,DEPOSIT,IN,0.07610127316369261,0
3939.11,38040.23,11,0,1,UPI,WITHDRAWAL,IN,0.0752842613692587,0
2680.68,41979.34,12,1,1,UPI,DEPOSIT,IN,0.107091743525239,0
4340.96,44660.02,13,0,1,CARD,TRANSFER,US,0.07305606515838078,0
1246.58,49000.98,14,0,0,CARD,TRANSFER,IN,0.052265895239525934,0
1551.98,50247.560000000005,15,0,0,CARD,WITHDRAWAL,IN,0.056496697457665536,0
4725.09,51799.54000000001,16,0,0,CARD,DEPOSIT,IN,0.06532646977320955,0
2577.1,56524.630000000005,17,0,0,CARD,DEPOSIT,IN,0.07085854069158493,0
1341.71,59101.73,18,0,0,UPI,TRANSFER,IN,0.0721819927911786,0
4915.3,60443.44,19,0,0,CARD,TRANSFER,IN,0.06229477862619889,0
2306.19,65358.740000000005,20,0,0,NET_BANKING,TRANSFER,US,0.06750932972417127,0
1006.44,67664.93000000001,21,0,0,CARD,WITHDRAWAL,IN,0.07272458228037826,0
12043.91,0.0,0,1,0,UPI,WITHDRAWAL,IN,0.08798924637541616,0
15173.43,12043.91,1,0,0,UPI,WITHDRAWAL,IN,0.054200625750594825,0
6078.7,27217.34,2,0,0,UPI,WITHDRAWAL,IN,0.04168152495666689,0
5566.5,33296.04,3,0,0,UPI,WITHDRAWAL,IN,0.030316130478084305,0
7517.13,38862.54,4,0,0,UPI,WITHDRAWAL,IN,0.03134289728304793,0
14524.21,46379.67,5,0,0,UPI,DEPOSIT,IN,0.052461592762520534,0
19444.86,60903.88,6,0,0,NET_BANKING,DEPOSIT,IN,0.057910256847253525,0
12974.65,80348.73999999999,7,1,1,UPI,DEPOSIT,IN,0.14531375241970051,0
23264.02,93323.38999999998,8,0,1,UPI,TRANSFER,IN,0.11948588281490338,0
5358.42,116587.41,9,0,1,UPI,DEPOSIT,IN,0.10239395665914053,0
7691.02,121945.83,10,0,1,UPI,TRANSFER,IN,0.1044252200124361,0
13585.6,129636.85,11,1,0,UPI,TRANSFER,IN,0.1395608093062286,0
12797.05,143222.44999999998,12,0,0,CARD,DEPOSIT,IN,0.09571501758072005,0
7493.39,156019.49999999997,13,0,0,UPI,DEPOSIT,IN,0.08453579753115552,1
8619.01,163512.88999999998,14,0,0,UPI,DEPOSIT,IN,0.08875576206308894,0
18824.58,0.0,0,1,0,NET_BANKING,WITHDRAWAL,IN,0.09781431270998782,0
15091.59,18824.58,1,0,0,CARD,TRANSFER,IN,0.05448472384574784,0
9658.94,33916.17,2,0,0,NET_BANKING,TRANSFER,SG,0.05724340160573375,0
14867.45,43575.11,3,1,0,NET_BANKING,WITHDRAWAL,SG,0.12017286731476942,0
15734.92,58442.56,4,0,0,NET_BANKING,DEPOSIT,IN,0.05361460422936701,0
18275.31,74177.48,5,0,0,NET_BANKING,WITHDRAWAL,IN,0.046730286218432296,0
8045.23,92452.79,6,0,0,NET_BANKING,DEPOSIT,IN,0.07095083866070481,0
6474.69,100498.02,7,0,0,UPI,TRANSFER,IN,0.06441616360302826,0
22324.14,106972.71,8,0,1,NET_BANKING,TRANSFER,IN,0.12319817971574865,0
22401.45,129296.85,9,0,1,NET_BANKING,DEPOSIT,IN,0.1361647672357133,0
8520.26,151698.3,10,0,1,NET_BANKING,TRANSFER,US,0.10717448628461763,0
24614.65,160218.56,11,0,1,NET_BANKING,TRANSFER,IN,0.1362717484416997,0
13979.76,184833.21,12,0,1,NET_BANKING,TRANSFER,US,0.11840947971990756,0
21505.08,198812.97,13,0,0,NET_BANKING,WITHDRAWAL,IN,0.11675900350440457,1
9454.68,220318.05,14,0,0,CARD,TRANSFER,IN,0.0790635364464286,0
5693.59,229772.73,15,0,0,CARD,TRANSFER,IN,0.0797281873948199,0
24310.13,235466.32,16,0,0,NET_BANKING,TRANSFER,IN,0.13510855512803768,0
10031.24,259776.45,17,0,0,NET_BANKING,DEPOSIT,IN,0.11366823081151098,1
6256.84,269807.69,18,0,0,NET_BANKING,WITHDRAWAL,AE,0.09733075036712747,0
15861.9,276064.53,19,0,0,UPI,TRANSFER,AE,0.12137268335297252,0
22411.91,291926.43000000005,20,1,0,NET_BANKING,WITHDRAWAL,AE,0.1714407565344242,0
9354.02,314338.34,21,0,0,NET_BANKING,TRANSFER,AE,0.10586871997796463,1
12270.97,289776.19,20,1,0,NET_BANKING,DEPOSIT,IN,0.15172559363937835,0
10829.64,302047.16,21,0,0,NET_BANKING,WITHDRAWAL,IN,0.1146194898101841,0
11663.57,312876.8,22,0,0,NET_BANKING,TRANSFER,IN,0.11945922346260675,0
24143.71,314881.43,22,1,0,CARD,DEPOSIT,IN,0.17142771557717265,1
17385.3,324157.69,22,0,0,NET_BANKING,DEPOSIT,US,0.11670377187645592,0
15751.1,299487.52999999997,20,0,0,NET_BANKING,TRANSFER,IN,0.11839584108853035,0
17283.5,308763.93999999994,20,0,1,NET_BANKING,TRANSFER,IN,0.13393391775614377,0
19877.89,326047.43999999994,21,0,1,CARD,WITHDRAWAL,SG,0.15926254048161043,0
16155.5,323601.19,21,0,1,NET_BANKING,DEPOSIT,SG,0.16489485353904476,0
13374.43,339756.69,22,0,1,NET_BANKING,DEPOSIT,IN,0.13095513281146592,0
23599.23,330729.67,22,0,1,NET_BANKING,WITHDRAWAL,SG,0.17352963365294558,0
20607.41,354328.89999999997,23,0,1,NET_BANKING,WITHDRAWAL,IN,0.14896359242291568,1
14532.69,327821.63999999996,21,1,0,NET_BANKING,DEPOSIT,AE,0.1546520974116886,0
1503.37,0.0,0,1,0,CARD,TRANSFER,IN,0.0814662117069945,0
4125.08,1503.37,1,0,0,CARD,DEPOSIT,IN,0.034066643414417425,0
13685.80601992736,5628.45,2,0,0,CARD,WITHDRAWAL,IN,0.0473556969826556,0
2125.87,19314.25601992736,3,0,0,UPI,TRANSFER,IN,0.032727363153359834,1
3016.66,21440.126019927357,4,0,0,CARD,TRANSFER,IN,0.032633343924752735,0
2250.47,24456.786019927356,5,1,0,CARD,WITHDRAWAL,IN,0.07202975677745892,0
3955.24,26707.25601992736,6,0,0,CARD,WITHDRAWAL,IN,0.03118276941621067,0
4211.79,30662.496019927356,7,0,0,CARD,WITHDRAWAL,IN,0.038441189466994916,0
3117.58,34874.28601992736,8,1,1,CARD,WITHDRAWAL,IN,0.09169102068362728,0
4492.72,37991.86601992736,9,0,1,CARD,DEPOSIT,IN,0.06968447527842112,0
14734.1566014376,42484.58601992736,10,0,1,CARD,TRANSFER,IN,0.08614493893797098,0
4762.47,57218.74262136496,11,0,0,NET_BANKING,DEPOSIT,SG,0.07438343055647123,0
2222.2,61981.21262136496,12,0,0,UPI,WITHDRAWAL,IN,0.05058006326019335,0
3949.24,64203.41262136496,13,0,0,CARD,WITHDRAWAL,IN,0.04771708471379943,0
3744.19,68152.65262136496,14,0,0,CARD,WITHDRAWAL,IN,0.05526507340759673,0
1747.8,71896.84262136497,15,0,0,CARD,WITHDRAWAL,IN,0.05518177315879905,0
8609.575428147838,73644.64262136497,16,0,0,NET_BANKING,TRANSFER,IN,0.06208558013533295,0
1691.65,82254.21804951281,17,1,0,NET_BANKING,TRANSFER,IN,0.13446909407324725,0
3162.04,83945.8680495128,18,1,0,NET_BANKING,WITHDRAWAL,AE,0.1415240652328147,0
3030.35,87107.9080495128,19,0,0,UPI,DEPOSIT,IN,0.1008939165460344,0
2619.73,90138.2580495128,20,0,0,CARD,TRANSFER,IN,0.10149986126336424,0
4173.74,92757.9880495128,21,0,0,CARD,TRANSFER,IN,0.10259818869127821,0
15379.368557159489,96931.7280495128,22,0,0,CARD,WITHDRAWAL,IN,0.11906728137399233,1
4795.41,112311.09660667228,23,0,0,CARD,WITHDRAWAL,IN,0.09683881105153466,0
2973.29,115603.1366066723,23,0,0,CARD,WITHDRAWAL,IN,0.10264956284232069,0
11424.923358894031,118576.42660667228,24,1,0,CARD,TRANSFER,IN,0.1565845171257754,0
1422.98,112190.46394563896,23,0,0,CARD,DEPOSIT,US,0.10504983518986677,0
3259.33,108470.91394563894,22,1,0,CARD,DEPOSIT,IN,0.1377639400469934,0
4491.8,105524.53394563896,21,0,0,CARD,WITHDRAWAL,IN,0.10496092710824997,0
2412.22,105804.54394563896,21,0,0,CARD,WITHDRAWAL,IN,0.09854900238668153,0
1454.22,108216.76394563896,22,0,1,CARD,TRANSFER,IN,0.1220389674698683,0
1080.67,0.0,0,1,0,UPI,DEPOSIT,IN,0.07843013771128782,0
4810.71,1080.67,1,0,0,CARD,WITHDRAWAL,IN,0.03098415705495711,0
3124.84,5891.38,2,0,0,CARD,DEPOSIT,IN,0.034604343134978385,0
3087.61,9016.22,3,0,0,CARD,DEPOSIT,IN,0.030350707776242394,0
4115.78,12103.830000000002,4,0,0,CARD,WITHDRAWAL,IN,0.039770729548791295,0
1807.52,16219.61,5,0,0,CARD,WITHDRAWAL,IN,0.04169396816791219,0
1038.63,18027.13,6,0,1,UPI,DEPOSIT,IN,0.05776830008579796,0
2191.01,19065.76,7,0,1,CARD,WITHDRAWAL,IN,0.0559451784487251,0
1112.84,21256.770000000004,8,0,1,CARD,WITHDRAWAL,IN,0.056870673347315055,0
1833.5,22369.610000000004,9,0,1,UPI,TRANSFER,IN,0.06621002298189645,0
4354.29,24203.110000000004,10,0,1,CARD,DEPOSIT,SG,0.09991600962644234,0
3211.99,28557.400000000005,11,0,0,UPI,WITHDRAWAL,IN,0.057602861781091905,0
4917.92,31769.390000000007,12,0,0,CARD,TRANSFER,IN,0.05190395420836666,0
2895.16,36687.310000000005,13,0,0,CARD,DEPOSIT,IN,0.047154342745353545,0
4351.41,39582.47,14,0,0,UPI,DEPOSIT,IN,0.052344954152207405,0
3428.64,43933.880000000005,15,0,0,CARD,TRANSFER,IN,0.05691502833207013,0
3035.54,47362.52,16,1,0,CARD,WITHDRAWAL,IN,0.10676583169166355,0
4018.1,50398.060000000005,17,0,0,CARD,TRANSFER,IN,0.07229286875403376,0
4619.95,54416.16,18,0,0,CARD,WITHDRAWAL,IN,0.0624690443160971,1
14938.18,0.0,0,1,0,UPI,WITHDRAWAL,IN,0.08654048673456897,0
41005.13,14938.18,1,0,0,UPI,TRANSFER,SG,0.09261679840024375,0
43514.45,55943.31,2,0,0,UPI,WITHDRAWAL,IN,0.07292531348295159,0
35451.09,99457.76,3,1,0,UPI,WITHDRAWAL,IN,0.13953515375624384,0
39677.99,134908.84999999998,4,0,0,UPI,TRANSFER,IN,0.10548845256388056,0
63433.31824325513,174586.83999999997,5,1,0,UPI,TRANSFER,SG,0.15819901880450823,0
48769.77,238020.1582432551,6,0,0,UPI,WITHDRAWAL,IN,0.1053656156058175,0
38602.23,286789.9282432551,7,1,1,UPI,DEPOSIT,IN,0.154769019706062,1
11747.62,325392.1582432551,8,0,1,UPI,TRANSFER,IN,0.09865690564327281,0
29199.28,337139.7782432551,9,0,1,UPI,WITHDRAWAL,IN,0.13813606095838094,0
12146.12,366339.05824325513,10,1,1,UPI,WITHDRAWAL,IN,0.1573641643151858,0
38159.5,378485.1782432551,11,1,0,UPI,WITHDRAWAL,IN,0.15035715974291752,0
31448.01,416644.6782432551,12,1,0,UPI,WITHDRAWAL,IN,0.15059383617845545,1
14727.7,448092.68824325514,13,1,0,UPI,DEPOSIT,IN,0.1374609662930399,0
24913.67,462820.38824325515,14,0,0,UPI,WITHDRAWAL,IN,0.1212468684125376,0
55117.13040093516,487734.05824325513,15,0,0,UPI,DEPOSIT,AE,0.11261330259728994,0
96928.04259521751,542851.1886441903,16,0,0,CARD,DEPOSIT,IN,0.13223190617599168,0
59899.20898728527,639779.2312394078,17,0,0,UPI,DEPOSIT,IN,0.12698275060356645,1
44967.86,699678.440226693,18,0,0,CARD,DEPOSIT,IN,0.13524794339151083,0
48139.40258038183,744646.300226693,19,0,0,CARD,TRANSFER,IN,0.13793301415862877,0
106186.97568454916,792785.7028070749,20,0,0,NET_BANKING,DEPOSIT,US,0.12735245172397808,0
45412.81,898972.6784916241,21,0,0,UPI,WITHDRAWAL,IN,0.13497156841267982,0
42307.07,944385.488491624,22,0,0,UPI,DEPOSIT,IN,0.1338185901877284,1
35632.202410330145,887234.7984916241,20,0,0,CARD,TRANSFER,IN,0.1264425172059373,0
98743.31794780264,847737.9209019542,19,0,0,CARD,TRANSFER,SG,0.15047474239184017,1
49204.15219172171,883047.9206065016,19,0,0,UPI,DEPOSIT,IN,0.13242051318600803,0
23538.09,883482.3027982233,19,0,1,UPI,WITHDRAWAL,SG,0.17208808814798698,0
16492.6,868418.1627982233,19,0,1,UPI,TRANSFER,IN,0.13062153954398295,0
30807.0,873163.1427982234,19,0,1,NET_BANKING,WITHDRAWAL,SG,0.18102489063387017,0
11087.9,0.0,0,1,0,CARD,TRANSFER,IN,0.09570679190393931,0
5184.71,11087.9,1,0,0,CARD,WITHDRAWAL,IN,0.030398879332592874,0
7671.4,16272.61,2,0,0,CARD,WITHDRAWAL,IN,0.03355457471189723,0
5556.04,23944.01,3,0,0,CARD,TRANSFER,IN,0.03392716589943714,0
9016.06,29500.050000000003,4,0,0,CARD,WITHDRAWAL,IN,0.0329577178154071,0
4955.56,38516.11,5,1,0,CARD,WITHDRAWAL,SG,0.10071193107214683,0
11213.17,43471.67,6,0,1,CARD,WITHDRAWAL,IN,0.07757653498104239,0
8164.87,54684.84,7,0,1,CARD,WITHDRAWAL,IN,0.0522019614098552,0
8605.23,62849.71,8,0,1,CARD,WITHDRAWAL,IN,0.06072674522253422,0
7479.76,71454.94,9,0,1,CARD,DEPOSIT,IN,0.06826536514141182,0
7547.25,78934.7,10,1,1,CARD,DEPOSIT,IN,0.11176181957154735,1
23345.374576676048,86481.95,11,1,0,UPI,WITHDRAWAL,IN,0.15224343987606284,0
14698.03294670477,109827.32457667604,12,0,0,NET_BANKING,DEPOSIT,SG,0.12348427389922698,0
13432.383712122082,124525.3575233808,13,0,0,UPI,DEPOSIT,IN,0.09669173049087544,0
9927.97,137957.74123550288,14,0,0,NET_BANKING,TRANSFER,IN,0.08172067631893963,0
32139.48514063342,147885.71123550288,15,0,0,NET_BANKING,WITHDRAWAL,AE,0.11782200255173843,0
9789.595549212458,180025.1963761363,16,0,0,CARD,TRANSFER,IN,0.0989118841498748,1
3245.4,189814.79192534875,17,0,0,CARD,DEPOSIT,US,0.09765960218985742,0
33573.91460005911,193060.1919253487,18,0,0,CARD,DEPOSIT,IN,0.13573140649453821,0
10561.15,226634.10652540787,19,0,0,CARD,TRANSFER,IN,0.11816709811407648,0
4194.45,237195.2565254079,20,0,0,CARD,TRANSFER,IN,0.09645334139640133,0
8961.11,241389.70652540788,21,0,0,CARD,TRANSFER,IN,0.09703130915992346,0
37258.64700980312,250350.8165254079,22,0,0,CARD,WITHDRAWAL,IN,0.13463969089021668,0
7899.14,287609.463535211,23,1,0,CARD,WITHDRAWAL,IN,0.14574361845400197,0
4810.29,295508.603535211,24,0,0,CARD,TRANSFER,IN,0.10544282765974804,0
8755.11,300318.893535211,25,0,0,CARD,DEPOSIT,IN,0.10478297855675002,0
45187.079665349826,309074.00353521097,26,1,0,UPI,DEPOSIT,IN,0.1677471604786251,0
8730.57,343173.18320056074,26,0,0,CARD,DEPOSIT,IN,0.10409559141497561,0
10902.75,346719.0432005608,26,0,0,CARD,TRANSFER,US,0.11167399066571829,0
19206.202310737783,357621.7932005608,27,0,0,CARD,DEPOSIT,IN,0.11290079356488063,1
21407.705410205625,363600.55551129865,26,0,0,UPI,TRANSFER,IN,0.13095115004296434,0
6139.88,385008.2609215043,27,1,0,CARD,WITHDRAWAL,IN,0.14323901960015545,0
23517.64659168925,377176.5209215043,26,0,1,CARD,TRANSFER,IN,0.14689445197122075,0
8760.07,389480.9975131936,26,0,1,CARD,WITHDRAWAL,IN,0.1215276300530959,0
6372.65,381470.9675131935,25,0,1,NET_BANKING,DEPOSIT,IN,0.12500512027864508,0
7008.29,372816.6075131936,24,0,1,CARD,DEPOSIT,IN,0.12275772604031891,0
18859.89,0.0,0,1,0,CARD,TRANSFER,IN,0.0943637027884108,0
17013.81,18859.89,1,0,0,CARD,WITHDRAWAL,IN,0.04857371398746459,0
42894.87,35873.7,2,0,0,CARD,TRANSFER,IN,0.07054374960528616,0
26864.46,78768.57,3,1,0,CARD,TRANSFER,IN,0.10751045446375712,1
17906.98,105633.03,4,0,0,CARD,WITHDRAWAL,IN,0.08981576253590165,0
23928.44,123540.01,5,0,0,CARD,WITHDRAWAL,SG,0.12382011618358592,0
11497.86,147468.44999999998,6,0,0,CARD,DEPOSIT,IN,0.08508568830529675,0
46414.52,158966.31,7,1,0,CARD,DEPOSIT,IN,0.14015133989923584,1
27274.32,205380.83,8,0,1,CARD,DEPOSIT,SG,0.1394189294004588,0
29626.31,232655.15,9,0,1,CARD,TRANSFER,IN,0.130465922788202,0
43247.21,262281.46,10,0,1,CARD,TRANSFER,IN,0.13436609535657235,0
48457.6,305528.67000000004,11,0,1,CARD,WITHDRAWAL,IN,0.13728454941113782,1
32447.68,353986.27,12,0,0,NET_BANKING,TRANSFER,IN,0.11390635204398111,0
42355.1,386433.95,13,0,0,CARD,TRANSFER,IN,0.11954823931485785,1
10449.95,428789.05,14,0,0,CARD,DEPOSIT,SG,0.12344316700514839,0
12545.13,439239.0,15,0,0,CARD,DEPOSIT,IN,0.09735269314618096,0
41679.92,451784.13,16,0,0,CARD,TRANSFER,IN,0.1309896538012839,1
21372.69,493464.05,17,0,0,CARD,TRANSFER,US,0.12904946412585583,1
37731.74,514836.74,18,0,0,CARD,WITHDRAWAL,AE,0.1352070732260878,0
41619.31,552568.48,19,0,0,CARD,TRANSFER,IN,0.13626470270339017,0
33036.25,594187.79,20,0,0,CARD,WITHDRAWAL,IN,0.1359903673242059,0
40984.96,627224.04,21,0,0,NET_BANKING,TRANSFER,IN,0.12698730779347386,0
22155.87,668209.0,22,0,0,CARD,TRANSFER,IN,0.1281826342428719,0
10546.68,690364.87,23,0,0,CARD,TRANSFER,IN,0.11497672740263835,0
22216.07,700911.55,24,1,0,CARD,TRANSFER,IN,0.16984136924843468,0
31051.81,723127.62,25,0,0,CARD,WITHDRAWAL,IN,0.1291401282408105,0
42981.58,754179.43,26,0,0,CARD,TRANSFER,IN,0.13038559519010195,0
45099.1,797161.01,27,0,0,UPI,WITHDRAWAL,IN,0.1307453532035785,0
32739.64,806386.4099999999,26,0,0,CARD,DEPOSIT,IN,0.13244373864560327,0
30849.87,751459.74,24,0,0,CARD,WITHDRAWAL,IN,0.13293970320380397,1
25457.49,746883.31,23,0,0,NET_BANKING,TRANSFER,IN,0.1263778464080889,1
32075.13,772340.8,24,0,0,CARD,TRANSFER,SG,0.15238309945250544,0
7742.03,0.0,0,1,0,UPI,TRANSFER,IN,0.07892034615880923,0
4249.93,7742.03,1,0,0,UPI,TRANSFER,IN,0.033177707109262496,0
4923.2,11991.96,2,0,0,UPI,WITHDRAWAL,IN,0.04198889822674995,0
7935.93,16915.16,3,1,0,NET_BANKING,WITHDRAWAL,US,0.0747704625992005,0
5964.29,24851.09,4,0,0,UPI,TRANSFER,SG,0.061622141959669835,0
7087.63,30815.38,5,0,0,UPI,TRANSFER,IN,0.03120976274004509,0
10363.18,37903.01,6,0,0,UPI,TRANSFER,IN,0.047264529325877054,1
9126.57,48266.19,7,0,1,CARD,WITHDRAWAL,IN,0.055547418468675905,0
6702.64,57392.76,8,0,1,UPI,TRANSFER,IN,0.051448527136604874,0
6033.35,64095.4,9,1,1,UPI,WITHDRAWAL,IN,0.10886822162756613,0
12408.42,70128.75,10,0,1,UPI,WITHDRAWAL,IN,0.0872041734732669,0
9826.65,82537.17,11,0,1,UPI,DEPOSIT,IN,0.09914971572112533,0
10573.69,92363.82,12,1,0,CARD,TRANSFER,IN,0.1406559995155388,0
4285.22,102937.51,13,0,0,NET_BANKING,TRANSFER,IN,0.07872523608474769,0
5562.64,107222.73,14,0,0,UPI,TRANSFER,IN,0.08752585713463518,0
7067.61,112785.37,15,0,0,UPI,TRANSFER,IN,0.08173294348110782,0
9754.7,119852.98,16,0,0,UPI,TRANSFER,IN,0.09667045044619367,0
5586.35,129607.68,17,1,0,UPI,DEPOSIT,IN,0.14108408528076347,0
10032.7,135194.03,18,0,0,UPI,DEPOSIT,IN,0.11807147151901419,0
11109.94,145226.73,19,0,0,UPI,TRANSFER,IN,0.11765554480419384,0
11703.33,144344.71000000002,18,0,0,UPI,TRANSFER,IN,0.11748727543716445,0
3268.07,143188.90999999997,17,1,0,UPI,WITHDRAWAL,IN,0.14058940388443258,0
6471.1,140492.69,17,0,0,UPI,DEPOSIT,IN,0.10031063123747899,0
8623.43,129512.98,16,0,0,UPI,TRANSFER,IN,0.10411340436310669,0
5028.33,138136.41,17,0,0,UPI,WITHDRAWAL,IN,0.10556722946828463,0
10872.88,134038.17,17,0,1,UPI,WITHDRAWAL,IN,0.13369649639616354,0
5537.73,138208.41,17,0,1,UPI,DEPOSIT,IN,0.12565190564212075,0
6903.24,143746.14,18,0,1,UPI,WITHDRAWAL,IN,0.12581276246239298,0
2539.58,150649.38,19,0,1,UPI,DEPOSIT,IN,0.11411538472781765,0
5818.38,147155.61000000002,19,1,1,UPI,TRANSFER,IN,0.15682356166924907,0
12068.77,152973.99000000002,20,0,1,UPI,TRANSFER,AE,0.13045494701465368,0
10984.42,142807.69000000003,19,0,0,CARD,DEPOSIT,IN,0.11362197154711665,0
8437.97,153792.11000000004,20,0,0,CARD,DEPOSIT,IN,0.09548171313461352,0
8203.43,151656.39000000004,20,0,0,UPI,WITHDRAWAL,IN,0.09662294346917509,1
4463.02,159859.82000000004,21,0,0,NET_BANKING,DEPOSIT,AE,0.10125977016878898,0
4082.29,160037.62,21,1,0,UPI,TRANSFER,IN,0.14415318516544867,0
11630.1,158557.27000000002,21,0,0,UPI,DEPOSIT,IN,0.11353780437310845,0
11418.21,0.0,0,1,0,NET_BANKING,DEPOSIT,IN,0.08752215090063642,0
16309.7,11418.21,1,0,0,NET_BANKING,TRANSFER,IN,0.05139569377827875,0
8309.56,27727.91,2,0,0,UPI,DEPOSIT,IN,0.0407040379830088,0
19070.36,36037.47,3,1,0,CARD,WITHDRAWAL,IN,0.08904229271570824,0
22785.09,55107.83,4,0,0,NET_BANKING,DEPOSIT,IN,0.06353219173187279,0
17224.96,77892.92,5,0,0,UPI,TRANSFER,IN,0.05483056426530801,0
6854.98,95117.88,6,0,0,NET_BANKING,DEPOSIT,AE,0.07021377558983105,0
16202.29,101972.86,7,0,0,NET_BANKING,WITHDRAWAL,IN,0.0787149104120557,0
10853.52,118175.15,8,0,1,NET_BANKING,TRANSFER,IN,0.10700782381602693,0
19880.33,129028.67,9,0,1,NET_BANKING,TRANSFER,IN,0.12290309814318288,0
23004.9,148909.0,10,0,1,NET_BANKING,TRANSFER,IN,0.13076064448232005,0
5269.54,171913.9,11,1,1,NET_BANKING,WITHDRAWAL,IN,0.1434788597600955,1
22739.85,177183.44,12,0,1,NET_BANKING,TRANSFER,IN,0.13363624192574308,0
23107.66,199923.29,13,1,0,UPI,TRANSFER,IN,0.15345042006901796,0
23542.12,223030.95,14,0,0,NET_BANKING,WITHDRAWAL,IN,0.12106678842850221,0
9924.58,246573.07,15,0,0,NET_BANKING,WITHDRAWAL,IN,0.08065463362271236,0
16866.47,256497.65,16,0,0,NET_BANKING,WITHDRAWAL,IN,0.1184006270873858,0
15418.7,273364.12,17,1,0,NET_BANKING,TRANSFER,IN,0.15490234947209863,0
13230.38,288782.82,18,0,0,NET_BANKING,TRANSFER,IN,0.11090087788340806,0
12687.76,302013.2,19,0,0,NET_BANKING,WITHDRAWAL,IN,0.11995987020949789,0
21324.08,314700.96,20,1,0,NET_BANKING,DEPOSIT,IN,0.1703190747292946,0
23549.11,336025.04000000004,21,1,0,NET_BANKING,TRANSFER,IN,0.16669926555216483,0
12098.57,359574.15,22,0,0,NET_BANKING,DEPOSIT,IN,0.12066317105803179,0
17816.84,371672.72,23,0,0,NET_BANKING,DEPOSIT,IN,0.11726476907991065,1
13125.28,389489.56000000006,24,0,0,NET_BANKING,TRANSFER,IN,0.11502111083211637,0
16937.63,402614.8400000001,25,0,0,CARD,WITHDRAWAL,IN,0.11632153991085717,1
11817.35,408134.26000000007,25,0,0,NET_BANKING,WITHDRAWAL,IN,0.11520436397669793,0
9768.77,419951.61,26,0,0,NET_BANKING,DEPOSIT,IN,0.09658616916892,0
17304.56,386030.76000000007,24,0,0,NET_BANKING,WITHDRAWAL,IN,0.11089437306772663,0
11832.38,380550.23,24,0,0,NET_BANKING,WITHDRAWAL,US,0.11519373093770788,0
6664.13,352100.38000000006,22,0,0,NET_BANKING,TRANSFER,IN,0.10226813278671991,0
14274.53,358764.51000000007,23,0,1,NET_BANKING,WITHDRAWAL,US,0.1407767569272263,0
16621.92,362185.5200000001,23,1,1,NET_BANKING,DEPOSIT,AE,0.17152813454667087,0
9376.37,378807.44000000006,24,0,1,UPI,DEPOSIT,IN,0.1230909453822729,0
9421.18,0.0,0,1,0,UPI,TRANSFER,IN,0.07761162749085265,0
12348.62,9421.18,1,0,0,NET_BANKING,TRANSFER,IN,0.05519518653080386,0
9349.01,21769.800000000003,2,0,0,UPI,WITHDRAWAL,IN,0.03972427520330906,0
10812.73,31118.810000000005,3,0,0,UPI,WITHDRAWAL,IN,0.04683411736696959,0
12484.25,41931.54000000001,4,1,0,UPI,DEPOSIT,IN,0.087939647664088,0
10529.92,54415.79000000001,5,0,1,UPI,DEPOSIT,SG,0.0946043284194224,0
6137.76,64945.71000000001,6,0,1,UPI,WITHDRAWAL,IN,0.06136170462359612,1
6774.56,71083.47,7,0,1,NET_BANKING,TRANSFER,IN,0.05669873739183351,0
3810.5,77858.03,8,0,1,CARD,DEPOSIT,IN,0.05494032351400091,0
10080.52,81668.53,9,0,1,UPI,WITHDRAWAL,US,0.12210466604560871,0
10136.53,91749.05,10,0,1,UPI,DEPOSIT,IN,0.12098250081673809,0
4692.64,101885.58,11,1,0,UPI,DEPOSIT,IN,0.12813085529825619,0
2682.84,106578.22,12,0,0,NET_BANKING,WITHDRAWAL,IN,0.08111144173200052,0
6361.21,109261.06,13,0,0,UPI,DEPOSIT,IN,0.08328675173728665,0
6964.61,115622.27,14,0,0,UPI,DEPOSIT,IN,0.08821303258339397,0
7276.15,122586.88,15,1,0,UPI,TRANSFER,IN,0.11968041618943888,0
19150.78,0.0,0,1,0,NET_BANKING,WITHDRAWAL,AE,0.09518698239309627,0
21117.37,19150.78,1,0,0,NET_BANKING,WITHDRAWAL,IN,0.06884789966341917,0
29264.58,40268.149999999994,2,0,0,NET_BANKING,DEPOSIT,US,0.06840817288404599,0
47258.91,69532.73,3,0,0,NET_BANKING,DEPOSIT,IN,0.06785336369325212,0
15680.23,116791.64,4,0,0,NET_BANKING,DEPOSIT,IN,0.08191793306549053,0
46074.63,132471.87,5,0,0,NET_BANKING,WITHDRAWAL,IN,0.09563301324649244,0
26976.3,178546.5,6,1,0,NET_BANKING,DEPOSIT,IN,0.13772515920438794,0
33041.21,205522.8,7,0,0,NET_BANKING,WITHDRAWAL,IN,0.10150275068838617,0
21441.12,238564.01,8,0,0,NET_BANKING,WITHDRAWAL,AE,0.09934575180417247,1
20576.56,260005.13,9,0,1,UPI,DEPOSIT,IN,0.13178032125005776,0
26987.53,280581.69,10,0,1,NET_BANKING,DEPOSIT,IN,0.13401769098261923,0
22437.24,307569.22,11,0,1,NET_BANKING,WITHDRAWAL,IN,0.13937263679075285,0
53378.622214369694,330006.45999999996,12,0,1,NET_BANKING,TRANSFER,IN,0.13805925262650348,0
42502.87,383385.0822143697,13,0,1,NET_BANKING,DEPOSIT,IN,0.13234831041498596,0
45674.29,425887.95221436967,14,0,0,CARD,TRANSFER,IN,0.12119375048320319,0
25750.66,471562.2422143697,15,1,0,NET_BANKING,DEPOSIT,IN,0.15260206330399712,0
22080.13,0.0,0,1,0,NET_BANKING,TRANSFER,IN,0.11203211034419877,0
67648.58813279173,22080.13,1,1,0,NET_BANKING,DEPOSIT,IN,0.1103827917509369,0
13386.25,89728.71813279174,2,0,0,NET_BANKING,TRANSFER,IN,0.08026736374188478,1
5560.64,103114.96813279174,3,0,0,NET_BANKING,WITHDRAWAL,IN,0.06575572230778652,0
18286.66,108675.60813279172,4,0,0,UPI,WITHDRAWAL,IN,0.08966271948941315,0
9637.71,126962.26813279174,5,1,0,NET_BANKING,DEPOSIT,IN,0.10621486386933507,0
18680.74,136599.97813279173,6,0,0,CARD,TRANSFER,IN,0.08393623917960696,0
74233.54549178922,155280.71813279172,7,1,1,NET_BANKING,WITHDRAWAL,IN,0.15591394252780447,0
38628.521383261526,229514.26362458093,8,0,1,NET_BANKING,TRANSFER,IN,0.11577663451461401,0
15467.44,268142.78500784247,9,0,1,NET_BANKING,TRANSFER,IN,0.12503714556382775,0
39279.88274476208,283610.22500784247,10,0,1,NET_BANKING,TRANSFER,IN,0.13606414545989703,0
15579.63,322890.1077526045,11,0,0,NET_BANKING,DEPOSIT,IN,0.09449363020404165,0
43725.66550789376,338469.73775260453,12,0,0,NET_BANKING,DEPOSIT,IN,0.11534743613345719,0
24145.19,382195.4032604983,13,0,0,CARD,TRANSFER,IN,0.11232212075171757,1
93969.70746246948,406340.5932604983,14,0,0,UPI,WITHDRAWAL,IN,0.11714863716409675,0
20390.242304054445,500310.3007229678,15,0,0,NET_BANKING,TRANSFER,IN,0.11680399245921355,1
13519.47,520700.5430270222,16,0,0,NET_BANKING,WITHDRAWAL,IN,0.11285626472991057,0
17185.47,534220.0130270222,17,1,0,NET_BANKING,DEPOSIT,US,0.15439078321718241,0
2872.31,0.0,0,1,0,NET_BANKING,TRANSFER,SG,0.09517031544128923,0
6676.65,2872.31,1,1,0,NET_BANKING,DEPOSIT,IN,0.07518158099175254,0
6467.56,9548.96,2,0,0,NET_BANKING,WITHDRAWAL,SG,0.061628150770430816,0
6974.78,16016.52,3,0,1,UPI,WITHDRAWAL,SG,0.08560213817183424,0
8956.99,22991.3,4,0,1,NET_BANKING,TRANSFER,IN,0.058004998556320256,0
11193.94,31948.29,5,0,1,NET_BANKING,TRANSFER,IN,0.07026770580379024,0
7758.5,43142.23,6,0,1,NET_BANKING,DEPOSIT,IN,0.05744144255837834,0
11594.64,50900.73,7,0,0,NET_BANKING,WITHDRAWAL,US,0.05082142348525859,0
10183.56,62495.37,8,0,0,NET_BANKING,DEPOSIT,IN,0.048847278192001034,0
5494.03,72678.93000000001,9,0,0,NET_BANKING,TRANSFER,IN,0.056337929304184436,0
3978.41,78172.96,10,0,0,NET_BANKING,DEPOSIT,AE,0.056628642067121135,0
10148.95,82151.37000000001,11,0,0,UPI,WITHDRAWAL,IN,0.1032641064105478,0
4024.21,92300.32,12,1,0,NET_BANKING,WITHDRAWAL,IN,0.12293566254517388,0
3338.68,96324.53,13,0,0,NET_BANKING,DEPOSIT,IN,0.08044974583784109,0
11436.87,99663.21,14,0,0,NET_BANKING,WITHDRAWAL,IN,0.10455240573246273,0
6096.44,111100.08,15,0,0,NET_BANKING,DEPOSIT,IN,0.08442267171148882,0
6974.46,117196.52,16,0,0,NET_BANKING,WITHDRAWAL,IN,0.0980532404868387,0
11443.74,124170.98,17,1,0,NET_BANKING,TRANSFER,IN,0.15742495853978417,0
5802.66,135614.72,18,0,0,NET_BANKING,WITHDRAWAL,IN,0.09922867816724415,0
6608.07,138545.07,18,0,0,NET_BANKING,WITHDRAWAL,IN,0.10240668769580573,0
10650.0,145153.14,19,0,0,NET_BANKING,TRANSFER,IN,0.11080223558977051,0
4776.63,0.0,0,1,0,CARD,WITHDRAWAL,US,0.0721073661164435,0
9829.22,4776.63,1,1,0,CARD,TRANSFER,IN,0.07754747383121285,0
9068.93,14605.85,2,0,0,CARD,TRANSFER,AE,0.03232625213070201,0
10918.17,23674.78,3,0,0,CARD,WITHDRAWAL,US,0.05064494531757572,0
9211.05,34592.95,4,0,0,CARD,DEPOSIT,IN,0.035822564467195374,0
2582.3,43804.0,5,0,0,UPI,TRANSFER,IN,0.041665701659971646,0
6782.44,46386.3,6,1,1,CARD,TRANSFER,IN,0.09515329106236775,0
3926.6,53168.740000000005,7,0,1,CARD,DEPOSIT,IN,0.05796045126090617,0
5164.0,57095.34,8,0,1,CARD,WITHDRAWAL,IN,0.05431770766558687,0
6097.14,62259.34,9,0,1,CARD,DEPOSIT,IN,0.06805659530152547,0
11834.46,68356.48000000001,10,1,1,NET_BANKING,DEPOSIT,IN,0.12702863458467326,0
5612.25,80190.94,11,0,0,UPI,TRANSFER,IN,0.0873579045570207,0
11760.64,85803.19,12,0,0,CARD,TRANSFER,IN,0.10075697660118427,0
10051.56,97563.83,13,1,0,NET_BANKING,WITHDRAWAL,IN,0.14481640099036222,1
2612.29,107615.39,14,1,0,CARD,DEPOSIT,IN,0.12278971347233245,0
4384.8,110227.68,15,0,0,CARD,TRANSFER,IN,0.08483934600371677,0
3122.94,114612.48,16,1,0,CARD,TRANSFER,IN,0.13420522954214445,0
3238.35,117735.42,17,0,0,CARD,DEPOSIT,IN,0.10114886472868886,0
7276.74,120973.77,18,1,0,NET_BANKING,TRANSFER,IN,0.1439077212317165,0
9822.92,128250.51,19,0,0,CARD,TRANSFER,IN,0.09901349936972954,0
12303.23,138073.43000000002,20,0,0,CARD,TRANSFER,IN,0.12022349388875851,1
11734.1,150376.66000000003,21,0,0,CARD,WITHDRAWAL,IN,0.11277274435816517,0
5498.12,162110.76000000004,22,0,0,CARD,WITHDRAWAL,IN,0.09717146115722015,0
4232.22,167608.88000000003,23,0,0,CARD,TRANSFER,IN,0.1048511390074199,0
4587.37,171841.10000000003,24,0,0,CARD,TRANSFER,IN,0.09719405002511854,0
7120.47,171651.84000000003,24,1,0,CARD,TRANSFER,IN,0.13511189775449528,0
5494.21,178772.31000000003,25,0,0,CARD,DEPOSIT,IN,0.09891976117545045,0
3890.63,0.0,0,1,0,NET_BANKING,TRANSFER,IN,0.08165427846655464,0
12319.05,3890.63,1,1,0,NET_BANKING,TRANSFER,IN,0.08725550822797454,0
8794.35,16209.68,2,0,0,NET_BANKING,TRANSFER,SG,0.0621259050683661,1
6964.09,25004.03,3,0,0,NET_BANKING,WITHDRAWAL,IN,0.031170440723816438,0
9729.68,31968.12,4,0,0,NET_BANKING,DEPOSIT,IN,0.030186205709403252,0
8198.64,41697.8,5,1,0,NET_BANKING,WITHDRAWAL,IN,0.08070316220862614,0
2820.2,49896.44,6,0,1,NET_BANKING,DEPOSIT,IN,0.054400905247240526,0
23566.91398273595,52716.64,7,0,1,NET_BANKING,WITHDRAWAL,IN,0.09071727224397683,1
3992.06,76283.55398273596,8,0,1,NET_BANKING,TRANSFER,IN,0.05372991375428088,0
13097.193778634506,80275.61398273596,9,1,1,NET_BANKING,TRANSFER,IN,0.16453197993658913,0
10727.61,93372.80776137048,10,0,0,CARD,WITHDRAWAL,IN,0.09730306866851189,0
10620.2,104100.41776137048,11,0,0,NET_BANKING,DEPOSIT,IN,0.09948294356123036,0
11322.20905379648,114720.61776137046,12,0,0,NET_BANKING,TRANSFER,IN,0.09560911191999708,0
4428.36,126042.82681516696,13,0,0,NET_BANKING,TRANSFER,IN,0.0788023366640265,0
3147.92,130471.18681516696,14,0,0,NET_BANKING,TRANSFER,SG,0.10538339396203833,0
5210.68,133619.10681516695,15,0,0,NET_BANKING,WITHDRAWAL,IN,0.08882054522832569,0
10504.49,138829.78681516694,16,0,0,NET_BANKING,TRANSFER,IN,0.11748730763920598,0
9651.58,149334.27681516693,17,0,0,NET_BANKING,TRANSFER,IN,0.09510896162316099,0
8204.97,158985.85681516692,18,0,0,NET_BANKING,TRANSFER,IN,0.09651606539153741,0
24975.393608215505,167190.82681516692,19,1,0,NET_BANKING,TRANSFER,IN,0.1696337345143416,0
7843.28,192166.2204233824,20,0,0,CARD,WITHDRAWAL,US,0.1020008538683574,0
7626.74,200009.5004233824,21,0,0,NET_BANKING,DEPOSIT,IN,0.10070092754905006,0
13696.942763350342,207636.2404233824,22,1,0,NET_BANKING,DEPOSIT,IN,0.15447556064804518,0
10439.67,221333.18318673276,23,1,0,NET_BANKING,WITHDRAWAL,IN,0.1616217889314922,0
19070.72486446964,231772.85318673277,24,0,0,NET_BANKING,TRANSFER,IN,0.11069948480715594,0
12075.61,246952.9480512024,24,0,0,NET_BANKING,WITHDRAWAL,IN,0.11055754894017138,0
2782.8,259028.5580512024,25,1,0,NET_BANKING,WITHDRAWAL,AE,0.1353358173728656,0
31907.61,0.0,0,1,0,UPI,TRANSFER,IN,0.10596652433204162,0
25030.6,31907.61,1,0,0,UPI,TRANSFER,IN,0.0675721585999588,1
10638.34,56938.21,2,0,0,UPI,DEPOSIT,IN,0.055649746625038604,0
42160.42,67576.55,3,0,0,UPI,DEPOSIT,IN,0.0637977876886141,0
47650.66,109736.97,4,0,0,UPI,TRANSFER,IN,0.0962290665136753,0
25003.54,157387.63,5,0,0,UPI,DEPOSIT,IN,0.10499772241254535,0
21453.07,182391.17,6,0,1,UPI,DEPOSIT,US,0.12260087682001333,0
20852.29,203844.24,7,1,1,UPI,DEPOSIT,IN,0.1632068313694835,0
23705.87,224696.53000000003,8,0,1,NET_BANKING,WITHDRAWAL,IN,0.12522289238939688,0
32348.08,248402.4,9,0,1,CARD,WITHDRAWAL,IN,0.1389610557976539,0
26650.29,280750.48000000004,10,0,0,NET_BANKING,DEPOSIT,IN,0.11877671975092415,0
17298.71,307400.77,11,0,0,UPI,DEPOSIT,IN,0.10201529559218243,0
28624.63,324699.48000000004,12,0,0,UPI,DEPOSIT,AE,0.11892927367813336,0
16619.45,353324.11000000004,13,0,0,UPI,DEPOSIT,IN,0.10443095899479726,1
24391.93,369943.56000000006,14,0,0,UPI,TRANSFER,IN,0.11661828627716773,0
41186.83,394335.4900000001,15,0,0,UPI,DEPOSIT,IN,0.12010836036440216,0
45054.08,435522.32000000007,16,0,0,UPI,WITHDRAWAL,IN,0.12729645468519402,0
22680.04,480576.4000000001,17,0,0,CARD,WITHDRAWAL,IN,0.12887511031773427,0
48976.63,503256.44000000006,18,1,0,UPI,TRANSFER,IN,0.17723075130646065,0
11393.95,552233.0700000001,19,1,0,UPI,DEPOSIT,IN,0.15962762224617513,0
45929.61,563627.02,20,0,0,UPI,WITHDRAWAL,US,0.13105348331899838,0
34375.65,609556.63,21,0,0,UPI,WITHDRAWAL,IN,0.13634284221576182,0
42133.88,643932.28,22,0,0,UPI,TRANSFER,IN,0.12737512214167002,0
25919.31,686066.16,23,1,0,UPI,TRANSFER,IN,0.17348980261108374,0
41190.23,680077.8600000001,23,1,0,CARD,WITHDRAWAL,IN,0.17247514037305656,0
31421.48,696237.4900000001,23,0,0,UPI,WITHDRAWAL,SG,0.1540362581138463,0
46977.08,717020.6300000001,23,1,0,UPI,DEPOSIT,IN,0.16701106733070686,0
15553.23,763997.7100000001,24,1,0,UPI,WITHDRAWAL,IN,0.16122776484246965,0
44889.44,737390.52,24,0,0,UPI,DEPOSIT,IN,0.13254650760701386,0
47776.52,734629.3,24,0,0,UPI,DEPOSIT,IN,0.1267940846367347,0
35809.53,757402.28,24,0,1,UPI,WITHDRAWAL,IN,0.1497533126548365,0
18122.64,793211.81,25,0,1,UPI,TRANSFER,IN,0.13370779777763608,0
13158.76,789881.38,25,0,1,UPI,TRANSFER,AE,0.1364618498070091,0
12132.92,803040.14,26,0,1,NET_BANKING,DEPOSIT,IN,0.13280751149775144,0
13045.67,794320.77,26,0,1,UPI,TRANSFER,IN,0.14110710773622484,1
36036.26,783660.5700000002,26,0,1,UPI,WITHDRAWAL,IN,0.14684498449919048,0
27008.73,787348.7500000001,26,0,0,UPI,TRANSFER,IN,0.13400599902577157,0
23793.43,770408.4800000001,25,0,0,UPI,DEPOSIT,IN,0.13657610937820935,0
23111.21,748957.8300000002,24,1,0,CARD,DEPOSIT,US,0.17686865882001615,0
7872.26,0.0,0,1,0,UPI,WITHDRAWAL,IN,0.08136904645106738,0
3244.13,7872.26,1,0,0,UPI,WITHDRAWAL,IN,0.031825725024137955,0
11538.31,11116.39,2,1,0,NET_BANKING,WITHDRAWAL,IN,0.09289405547477692,0
4541.79,22654.699999999997,3,0,0,UPI,TRANSFER,IN,0.0316595521066501,0
10273.28,27196.49,4,0,0,UPI,WITHDRAWAL,IN,0.046605532865348284,0
6759.92,37469.77,5,0,0,UPI,WITHDRAWAL,IN,0.03721161598272619,0
5196.46,44229.689999999995,6,0,0,UPI,DEPOSIT,IN,0.037801496663793996,0
10295.4,49426.149999999994,7,1,0,UPI,TRANSFER,IN,0.09444833909205924,0
5460.89,59721.55,8,0,1,UPI,WITHDRAWAL,AE,0.052017858260498664,0
11012.49,65182.439999999995,9,0,1,UPI,TRANSFER,IN,0.08657218404405448,0
3249.55,76194.93,10,0,1,UPI,DEPOSIT,AE,0.06961176408910391,0
6252.68,79444.48,11,0,0,NET_BANKING,TRANSFER,IN,0.048570065853317954,0
26272.796751801063,85697.16,12,1,0,UPI,DEPOSIT,IN,0.15480305394307453,0
8057.7,111969.95675180107,13,0,0,CARD,DEPOSIT,US,0.08809820717647934,1
3430.53,120027.65675180109,14,0,0,UPI,DEPOSIT,IN,0.08732509745440833,0
5614.86,123458.18675180108,15,0,0,CARD,WITHDRAWAL,IN,0.08839349339064251,0
8847.42,129073.04675180108,16,0,0,UPI,TRANSFER,AE,0.09975171237174936,1
6874.76,137920.46675180108,17,0,0,UPI,TRANSFER,IN,0.0996514850536279,0
11285.16,144795.2267518011,18,0,0,CARD,TRANSFER,IN,0.11456218144252492,0
7669.36,156080.3867518011,19,0,0,UPI,DEPOSIT,IN,0.10078410861656799,0
2964.11,163749.74675180108,20,0,0,UPI,WITHDRAWAL,IN,0.10505506339815492,0
5805.97,166713.85675180107,21,1,0,CARD,WITHDRAWAL,IN,0.14595872541307814,0
8723.08,172519.82675180107,22,0,0,CARD,TRANSFER,IN,0.09853941672958191,1
9230.71,181242.90675180103,23,0,0,UPI,TRANSFER,IN,0.10217893787643438,0
4171.06,190473.61675180105,24,1,0,UPI,WITHDRAWAL,IN,0.13555487445074804,0
11649.45,194644.67675180105,25,0,0,UPI,TRANSFER,IN,0.11081307033179563,0
11075.74,198421.86675180105,25,0,0,UPI,WITHDRAWAL,IN,0.11884384228314972,0
24574.301239406053,190173.37675180103,23,0,0,UPI,DEPOSIT,IN,0.12947969298802214,0
10586.59,214747.67799120708,24,0,0,UPI,TRANSFER,IN,0.12062004767036696,0
10245.23,203104.6079912071,22,0,0,NET_BANKING,TRANSFER,IN,0.11879018042355281,0
7323.12,213349.8379912071,23,0,0,NET_BANKING,DEPOSIT,IN,0.10487965953159563,0
9447.39,220672.9579912071,24,0,0,UPI,TRANSFER,SG,0.12335668487626007,0
10696.38,219824.94799120713,24,1,0,UPI,WITHDRAWAL,IN,0.16144868309363752,0
5340.73,230521.32799120713,25,0,1,UPI,WITHDRAWAL,IN,0.12404787633755403,1
18829.794943615525,219388.6779912071,24,0,1,UPI,WITHDRAWAL,IN,0.13522935527823426,0
4676.35,234968.92293482268,24,0,1,UPI,DEPOSIT,IN,0.1206506604114106,0
5672.91,239645.2729348227,25,1,1,UPI,TRANSFER,IN,0.15871886128681537,0
4599.86,245318.1829348227,26,0,0,CARD,TRANSFER,IN,0.10541617670124671,0
6248.9,0.0,0,1,0,UPI,DEPOSIT,IN,0.07505472249985196,1
7381.85,6248.9,1,0,0,UPI,DEPOSIT,IN,0.034744964079499244,0
22274.85,13630.75,2,0,0,CARD,TRANSFER,IN,0.06333003209427546,0
16196.65,35905.6,3,0,0,UPI,TRANSFER,IN,0.052459680587415805,0
10717.85,52102.25,4,0,0,CARD,DEPOSIT,IN,0.04943942066982689,0
23315.78,62820.1,5,1,0,UPI,WITHDRAWAL,IN,0.11316690342479309,0
21872.23,86135.88,6,0,1,UPI,WITHDRAWAL,IN,0.12560049429208195,0
16755.88,108008.11,7,0,1,CARD,WITHDRAWAL,IN,0.10054073173471066,0
14643.31,124763.99,8,1,1,UPI,TRANSFER,US,0.1408034294254781,0
10695.37,139407.30000000002,9,0,1,UPI,WITHDRAWAL,IN,0.1181479605788139,1
9488.46,150102.67,10,1,1,UPI,WITHDRAWAL,IN,0.1470473054132734,0
14923.82,159591.13,11,1,1,UPI,DEPOSIT,IN,0.15961328468589303,0
6880.75,174514.95,12,0,1,NET_BANKING,WITHDRAWAL,IN,0.10788008376780045,0
22271.46,181395.7,13,0,0,UPI,DEPOSIT,IN,0.11164111578664533,0
24792.42,203667.16,14,0,0,UPI,WITHDRAWAL,IN,0.1163394296338385,1
23092.19,228459.58,15,0,0,UPI,TRANSFER,IN,0.1103600528306722,0
9931.0,251551.77,16,0,0,UPI,DEPOSIT,IN,0.10068188475282194,1
24185.57,261482.77,17,1,0,UPI,WITHDRAWAL,IN,0.1759298319958505,1
21020.65,285668.34,18,1,0,UPI,TRANSFER,IN,0.17566974368519825,1
6528.92,306688.99000000005,19,0,0,UPI,DEPOSIT,US,0.10162822382009305,0
23928.09,313217.91000000003,20,0,0,UPI,WITHDRAWAL,IN,0.13138833603785488,0
17002.32,337146.00000000006,21,0,0,CARD,TRANSFER,IN,0.11732636155309006,0
16731.91,354148.32000000007,22,1,0,UPI,WITHDRAWAL,IN,0.1528287219229965,0
8917.68,370880.23,23,0,0,UPI,DEPOSIT,IN,0.1036194095780296,0
5635.29,379797.91,24,0,0,NET_BANKING,TRANSFER,IN,0.09563285737447623,0
24020.45,385433.2,25,0,0,NET_BANKING,TRANSFER,AE,0.128493101897115,0
17036.17,409453.65,26,0,0,UPI,WITHDRAWAL,AE,0.12080371735741138,0
11975.31,426489.82,27,0,0,UPI,WITHDRAWAL,IN,0.11863533241838928,0
10858.57,424834.38,26,0,0,UPI,WITHDRAWAL,IN,0.11569466584355052,0
6552.94,435692.95,27,0,0,UPI,TRANSFER,IN,0.09687390717119305,0
24682.31,419971.04,27,0,0,UPI,TRANSFER,SG,0.16098993577373558,0
7667.95,417738.85,26,0,0,UPI,DEPOSIT,IN,0.10520959686072526,0
8727.47,348819.60000000003,23,0,1,UPI,WITHDRAWAL,SG,0.14745558116965024,0
20195.85,346851.7,23,1,1,UPI,TRANSFER,IN,0.19156700750301064,0
19895.55,357559.08999999997,23,0,1,UPI,DEPOSIT,IN,0.14039334534969303,0
17213.87,362530.81999999995,23,0,1,UPI,TRANSFER,IN,0.13008148892916016,0
7887.65,372863.93999999994,23,0,0,UPI,TRANSFER,IN,0.10435969390860213,1
10105.06,0.0,0,1,0,NET_BANKING,DEPOSIT,IN,0.08658334423130815,0
14031.1,10105.06,1,1,0,CARD,DEPOSIT,IN,0.0870413624774094,0
13730.14,24136.16,2,0,0,NET_BANKING,TRANSFER,IN,0.057533390642669414,0
20268.67,37866.3,3,1,0,NET_BANKING,TRANSFER,IN,0.10306910796198612,0
11204.56,58134.97,4,0,0,NET_BANKING,TRANSFER,AE,0.057818050323916126,0
22953.83,69339.53,5,1,1,NET_BANKING,WITHDRAWAL,IN,0.12565632611826733,0
19764.1,92293.36,6,0,1,NET_BANKING,DEPOSIT,IN,0.10135230200516501,0
14612.62,112057.46,7,0,1,NET_BANKING,DEPOSIT,SG,0.13037796376108382,0
17044.07,126670.08,8,0,1,NET_BANKING,WITHDRAWAL,IN,0.10644750085325166,0
14594.68,143714.15,9,0,1,NET_BANKING,TRANSFER,AE,0.1256690493653889,0
13992.53,158308.83,10,0,1,NET_BANKING,DEPOSIT,IN,0.11902887068828369,0
16095.53,172301.36,11,0,0,NET_BANKING,WITHDRAWAL,IN,0.10350217539088498,0
15846.31,188396.89,12,0,0,NET_BANKING,WITHDRAWAL,IN,0.10419017822423855,0
16800.79,204243.2,13,0,0,NET_BANKING,WITHDRAWAL,IN,0.09410414791689135,0
24596.78,221043.99,14,0,0,CARD,WITHDRAWAL,IN,0.11659271865738699,0
7040.3,245640.77,15,0,0,UPI,DEPOSIT,IN,0.08847112847602445,1
9372.71,252681.07,16,1,0,NET_BANKING,TRANSFER,US,0.13515313026612508,0
19362.82,262053.77999999997,17,0,0,NET_BANKING,WITHDRAWAL,SG,0.13887587857546121,0
23895.96,281416.6,18,0,0,CARD,DEPOSIT,IN,0.1374710117401981,0
14901.13,305312.56,19,0,0,NET_BANKING,TRANSFER,IN,0.11512208819073169,0
9803.83,320213.69,20,1,0,NET_BANKING,WITHDRAWAL,IN,0.13583374367408357,0
21532.49,330017.52,21,0,0,NET_BANKING,DEPOSIT,IN,0.12801838104205351,0
20702.55,351550.01,22,0,0,NET_BANKING,TRANSFER,IN,0.12793762032450234,0
22386.4,372252.56,23,1,0,NET_BANKING,WITHDRAWAL,IN,0.1756630373009537,0
3717.21,0.0,0,1,0,UPI,DEPOSIT,US,0.08025942449732149,0
2345.02,3717.21,1,0,0,UPI,WITHDRAWAL,IN,0.040241090278424,1
4536.34,6062.23,2,0,0,UPI,DEPOSIT,IN,0.037056466586920335,0
2292.77,10598.57,3,0,0,NET_BANKING,TRANSFER,IN,0.03607135042797168,0
3981.58,12891.34,4,1,1,NET_BANKING,DEPOSIT,IN,0.09029235285584772,0
4202.12,16872.92,5,1,1,UPI,TRANSFER,IN,0.09461929916072277,0
3722.91,21075.039999999997,6,0,1,UPI,DEPOSIT,SG,0.07702927752351842,0
1973.98,24797.949999999997,7,0,1,CARD,TRANSFER,IN,0.05047668403883347,0
4879.47,26771.929999999997,8,1,1,UPI,DEPOSIT,AE,0.09044073571610894,0
1022.51,31651.4,9,1,1,UPI,WITHDRAWAL,IN,0.11154047214166143,1
2238.55,32673.909999999996,10,0,1,UPI,WITHDRAWAL,SG,0.09570109594008713,0
4899.85,34912.46,11,0,0,UPI,WITHDRAWAL,IN,0.05299283672238868,0
2680.09,39812.31,12,0,0,UPI,TRANSFER,AE,0.05088099792107405,0
3794.14,42492.399999999994,13,1,0,UPI,WITHDRAWAL,IN,0.09314441251642963,0
2022.5,46286.53999999999,14,0,0,UPI,TRANSFER,IN,0.04620254071792557,0
3563.94,48309.03999999999,15,0,0,UPI,WITHDRAWAL,US,0.050005690942754345,0
3106.75,51872.98,16,0,0,UPI,TRANSFER,SG,0.08937192803121183,0
1150.14,54979.73,17,0,0,CARD,WITHDRAWAL,AE,0.06578111409851459,0
3663.75,56129.869999999995,18,0,0,UPI,DEPOSIT,IN,0.0707059339790348,0
3628.98,59793.619999999995,19,0,0,NET_BANKING,WITHDRAWAL,IN,0.06270486399195638,0
2881.37,63422.6,20,1,0,UPI,WITHDRAWAL,IN,0.104181625069153,0
2129.68,66303.97,21,0,0,CARD,WITHDRAWAL,US,0.06742623801480482,0
16893.08,0.0,0,1,0,NET_BANKING,WITHDRAWAL,AE,0.08859451683310554,0
5033.61,16893.08,1,0,0,CARD,DEPOSIT,IN,0.03463899915909759,0
18519.43,21926.69,2,0,0,UPI,TRANSFER,IN,0.05042243940619262,0
24794.78,40446.12,3,0,0,CARD,WITHDRAWAL,IN,0.07075855249135143,0
15164.05,65240.9,4,1,0,CARD,DEPOSIT,IN,0.09318036024946606,0
24360.75,80404.95,5,1,0,CARD,WITHDRAWAL,IN,0.13476008218727029,0
21930.84,104765.7,6,0,1,CARD,TRANSFER,IN,0.12142448775201349,0
24432.83,126696.54,7,0,1,UPI,TRANSFER,IN,0.11848405805500026,0
20915.42,151129.37,8,0,1,NET_BANKING,WITHDRAWAL,IN,0.11919205312679444,0
8115.19,172044.78999999998,9,0,1,CARD,TRANSFER,IN,0.10642138073525007,0
7729.69,180159.98,10,0,1,CARD,TRANSFER,IN,0.1015308310092556,0
18830.9,187889.67,11,0,0,CARD,TRANSFER,IN,0.09618377024767669,0
8901.68,206720.57,12,0,0,CARD,TRANSFER,US,0.08249623964911876,0
15870.76,215622.24999999997,13,1,0,CARD,WITHDRAWAL,US,0.14145638716754677,0
13746.3,231493.01,14,0,0,CARD,TRANSFER,AE,0.09472364113481148,0
23472.88,245239.30999999997,15,0,0,CARD,DEPOSIT,SG,0.13985010988033603,0
20154.1,268712.18999999994,16,0,0,CARD,TRANSFER,IN,0.12818491948865515,0
18502.89,288866.2899999999,17,0,0,NET_BANKING,TRANSFER,IN,0.11828349841811796,0
24043.95,307369.17999999993,18,0,0,NET_BANKING,DEPOSIT,US,0.12655475110069891,0
6441.22,331413.12999999995,19,0,0,CARD,TRANSFER,IN,0.09922031141432096,0
11233.65,337854.3499999999,20,0,0,NET_BANKING,WITHDRAWAL,IN,0.12039275894376364,0
18314.24,327161.31,19,0,0,CARD,TRANSFER,IN,0.11134140557766885,1
18471.45,326956.12,19,1,0,CARD,DEPOSIT,IN,0.1511764902588993,0
12912.94,305468.74,18,0,0,CARD,WITHDRAWAL,US,0.1203095903626809,0
12053.52,318381.68,19,0,0,NET_BANKING,WITHDRAWAL,IN,0.1108738625765357,0
10786.91,330435.2,20,0,0,CARD,DEPOSIT,IN,0.12022793106700662,0
10633.13,316861.36,20,0,1,CARD,WITHDRAWAL,IN,0.1347442374838987,0
22174.728572484582,0.0,0,1,0,UPI,DEPOSIT,AE,0.10427456825539377,0
6926.95,22174.728572484582,1,0,0,UPI,DEPOSIT,IN,0.04184758881954766,0
12040.07,29101.678572484583,2,0,0,UPI,DEPOSIT,AE,0.057543962359817916,0
2965.41,41141.74857248458,3,1,0,UPI,WITHDRAWAL,IN,0.07508074551893554,0
12230.22,44107.15857248458,4,1,0,UPI,DEPOSIT,IN,0.08851864033803525,0
12093.19,56337.37857248458,5,0,1,UPI,DEPOSIT,IN,0.07319228298289036,0
22356.56577118608,68430.56857248458,6,0,1,UPI,WITHDRAWAL,IN,0.08544397059904982,0
9248.58,90787.13434367068,7,0,1,UPI,TRANSFER,IN,0.08531964408693823,0
11088.9,100035.71434367068,8,1,1,UPI,WITHDRAWAL,IN,0.14008058957492733,0
6077.09,111124.61434367066,9,0,0,UPI,WITHDRAWAL,US,0.08498860613621248,1
5125.66,117201.70434367066,10,0,0,UPI,WITHDRAWAL,IN,0.08027945692737132,0
7671.6,122327.36434367066,11,0,0,UPI,DEPOSIT,IN,0.0804070391069746,0
4632.83,129998.96434367068,12,1,0,NET_BANKING,WITHDRAWAL,IN,0.11846219740553962,0
7675.44,134631.79434367066,13,0,0,UPI,TRANSFER,IN,0.08647311488878814,0
5345.83,142307.23434367066,14,0,0,UPI,TRANSFER,IN,0.08133295995315473,0
10067.97,147653.06434367065,15,0,0,NET_BANKING,TRANSFER,IN,0.10097137976758123,0
5384.16,157721.03434367065,16,0,0,NET_BANKING,DEPOSIT,IN,0.10167771347441691,0
7777.27,163105.19434367065,17,0,0,NET_BANKING,TRANSFER,IN,0.09928329206736038,0
7096.62,170882.46434367064,18,0,0,UPI,WITHDRAWAL,IN,0.10101089069892312,0
18468.55701404341,177979.08434367063,19,0,0,NET_BANKING,TRANSFER,IN,0.12162156578203268,0
3336.6,196447.64135771405,20,0,0,NET_BANKING,DEPOSIT,IN,0.10381460735153403,0
12184.29,199784.24135771405,21,0,0,UPI,TRANSFER,IN,0.11702249603793295,0
3399.32,211968.5313577141,22,0,0,NET_BANKING,TRANSFER,IN,0.10430950830219193,0
5988.95,193193.1227852295,22,1,0,UPI,WITHDRAWAL,IN,0.14440719069237534,0
44836.8212617724,199182.0727852295,23,0,0,UPI,DEPOSIT,IN,0.1311362057785876,0
4796.08,244018.8940470019,24,0,0,UPI,TRANSFER,IN,0.1038984031648148,0
11897.12,248814.9740470019,25,0,0,UPI,DEPOSIT,IN,0.12191654583351427,0
23951.916608839256,241745.07404700192,24,0,0,UPI,WITHDRAWAL,IN,0.12877495575852374,0
4382.0,262731.58065584116,24,0,0,UPI,DEPOSIT,IN,0.10281178267184568,0
7008.24,254883.3606558412,24,0,1,CARD,TRANSFER,IN,0.1179521383388435,0
11098.23,249798.41065584111,24,0,1,UPI,DEPOSIT,IN,0.1383138344779586,1
10736.64,229291.49488465508,23,0,1,UPI,DEPOSIT,IN,0.132510400512799,0
9957.31,240028.13488465507,24,0,1,CARD,WITHDRAWAL,IN,0.11659142564847194,0
9597.45,238896.5448846551,24,0,1,UPI,DEPOSIT,IN,0.11642132969627293,0
5815.35,229619.64488465508,22,0,0,UPI,WITHDRAWAL,IN,0.09984759604307564,0
11523.99,235434.99488465508,23,0,0,UPI,WITHDRAWAL,SG,0.14114705966871427,0
11876.21,234650.7148846551,22,0,0,UPI,WITHDRAWAL,IN,0.12158148731587762,0
17909.17697543647,246526.9248846551,23,0,0,UPI,DEPOSIT,IN,0.11794287324453577,1
11797.151472870177,249022.3018600915,22,0,0,UPI,DEPOSIT,IN,0.11793254736772087,0
10999.56,260819.4533329617,23,0,0,UPI,TRANSFER,IN,0.11907687641501663,0
10099.17,0.0,0,1,0,UPI,DEPOSIT,IN,0.08745177067371404,0
16984.06,10099.17,1,1,0,CARD,TRANSFER,IN,0.0941819105258771,0
13880.8,27083.230000000003,2,1,0,NET_BANKING,TRANSFER,IN,0.09542413597511665,0
26183.935009568995,40964.03,3,0,0,NET_BANKING,DEPOSIT,IN,0.07216956860986853,0
18883.22,67147.96500956899,4,0,0,NET_BANKING,TRANSFER,IN,0.050327253130284536,0
18067.15,86031.18500956899,5,0,0,NET_BANKING,DEPOSIT,IN,0.0874187841775767,0
16112.21,104098.33500956898,6,0,0,NET_BANKING,DEPOSIT,AE,0.08337497040898531,0
60938.882948711216,120210.54500956896,7,1,1,NET_BANKING,WITHDRAWAL,IN,0.15693850095781006,1
14951.77,181149.4279582802,8,0,1,CARD,TRANSFER,SG,0.1225865608121349,0
7562.74,196101.1979582802,9,0,1,NET_BANKING,WITHDRAWAL,IN,0.10255305759888424,0
16300.26,203663.93795828015,10,0,0,CARD,WITHDRAWAL,IN,0.0983507981615907,0
19746.48,219964.1979582802,11,0,0,NET_BANKING,TRANSFER,US,0.0992823007994824,1
19054.95,239710.6779582802,12,0,0,NET_BANKING,DEPOSIT,IN,0.09610257887529867,0
24536.24,258765.6279582802,13,0,0,CARD,WITHDRAWAL,IN,0.11989934939270531,0
14416.83,283301.8679582802,14,0,0,NET_BANKING,TRANSFER,IN,0.10436909317868283,0
14948.61,297718.6979582802,15,0,0,NET_BANKING,WITHDRAWAL,IN,0.10319459193435034,0
7265.82,312667.3079582802,16,0,0,CARD,TRANSFER,IN,0.09431371382887553,0
2200.6,0.0,0,1,0,UPI,DEPOSIT,IN,0.07646021605944792,0
1256.97,2200.6,1,0,0,CARD,DEPOSIT,IN,0.03368456312987041,0
1420.25,3457.5699999999997,2,0,0,CARD,TRANSFER,IN,0.03036840303176295,0
3836.36,4877.82,3,0,0,CARD,TRANSFER,IN,0.030685769406716905,0
2605.94,8714.18,4,0,0,NET_BANKING,TRANSFER,IN,0.033345276476327214,0
2392.43,11320.12,5,0,0,CARD,TRANSFER,IN,0.03223178111669881,0
4597.97,13712.55,6,0,1,NET_BANKING,TRANSFER,IN,0.05762184774223459,0
2042.71,18310.52,7,1,1,CARD,DEPOSIT,IN,0.09446285305336863,0
1958.62,20353.23,8,0,1,CARD,TRANSFER,US,0.0589564810102183,0
1199.55,22311.85,9,0,1,CARD,DEPOSIT,IN,0.0667952696183551,0
4312.36,23511.4,10,0,1,CARD,TRANSFER,IN,0.0689999786886835,0
3355.57,27823.76,11,0,1,CARD,DEPOSIT,IN,0.0665530370057949,0
2667.93,31179.33,12,0,1,CARD,DEPOSIT,IN,0.06826952138416008,1
4991.1,33847.259999999995,13,1,0,CARD,WITHDRAWAL,IN,0.09445439044739741,0
4178.62,38838.35999999999,14,1,0,CARD,TRANSFER,IN,0.09089483092414655,0
4875.71,43016.98,15,0,0,NET_BANKING,WITHDRAWAL,IN,0.055948077225261475,0
2453.36,47892.689999999995,16,0,0,CARD,TRANSFER,IN,0.06502198657694183,0
4603.42,50346.05,17,0,0,CARD,WITHDRAWAL,IN,0.073242086292928,0
4494.75,54949.469999999994,18,0,0,CARD,DEPOSIT,IN,0.06268536724113447,0
4969.12,59444.219999999994,19,0,0,CARD,TRANSFER,IN,0.06591687882611297,0
3531.84,64413.34,20,0,0,CARD,TRANSFER,IN,0.06601189426522328,0
4391.41,67945.18,21,0,0,CARD,DEPOSIT,IN,0.07050338950775119,0
4672.86,72336.59,22,0,0,CARD,TRANSFER,IN,0.062275222151368374,0
1373.85,77009.45,23,1,0,CARD,TRANSFER,IN,0.10273453956119587,0
2545.57,78383.3,24,0,0,NET_BANKING,WITHDRAWAL,IN,0.06630200158617272,0
4801.02,80928.87000000001,25,0,0,CARD,WITHDRAWAL,AE,0.10342327821833296,0
2539.53,83529.29000000002,25,0,0,CARD,WITHDRAWAL,IN,0.10033343673147187,0
3457.1,86068.82000000002,26,0,0,CARD,WITHDRAWAL,IN,0.10484976071345929,0
3882.66,86848.70000000003,25,0,0,UPI,TRANSFER,IN,0.09902001357431282,0
4303.55,86895.00000000003,25,0,0,NET_BANKING,TRANSFER,IN,0.09986212430851787,0
1845.45,91198.55000000005,26,0,0,CARD,DEPOSIT,IN,0.10527031658779434,0
4265.29,0.0,0,1,0,NET_BANKING,DEPOSIT,IN,0.08127687713085102,0
9016.49,4265.29,1,0,0,NET_BANKING,TRANSFER,IN,0.03456128239255263,0
4308.47,13281.78,2,1,0,UPI,WITHDRAWAL,IN,0.07941855576542267,0
8735.71,17590.25,3,0,0,NET_BANKING,TRANSFER,IN,0.034757758620249116,1
7331.26,26325.96,4,0,0,NET_BANKING,WITHDRAWAL,IN,0.03769248183855287,0
12418.01,33657.22,5,0,0,CARD,WITHDRAWAL,IN,0.04892033285495222,0
4476.45,46075.23,6,0,1,NET_BANKING,WITHDRAWAL,US,0.05915504054609595,0
8999.59,50551.68,7,0,1,UPI,WITHDRAWAL,IN,0.0551873152459927,0
11450.83,59551.27,8,1,1,NET_BANKING,TRANSFER,IN,0.11042911078403307,0
3135.73,71002.1,9,0,0,NET_BANKING,DEPOSIT,US,0.049114258791018425,0
5627.26,74137.83,10,0,0,NET_BANKING,TRANSFER,IN,0.05179729669496054,0
8225.28,79765.09,11,0,0,CARD,WITHDRAWAL,AE,0.052273385372137667,0
10458.79,87990.37,12,1,0,UPI,DEPOSIT,IN,0.1357305718167392,0
2560.51,98449.16,13,0,0,NET_BANKING,DEPOSIT,IN,0.08173081167879437,0
9163.59,101009.67,14,0,0,NET_BANKING,DEPOSIT,IN,0.08091589248834385,0
12376.01,110173.26,15,0,0,NET_BANKING,TRANSFER,IN,0.09943925758385641,0
4049.09,122549.27,16,0,0,NET_BANKING,TRANSFER,IN,0.10165774634047701,0
5981.62,126598.36,17,0,0,NET_BANKING,DEPOSIT,IN,0.09938679705150345,0
2770.2,132579.97999999998,18,0,0,NET_BANKING,WITHDRAWAL,IN,0.10357137993067876,0
7253.94,135350.18,19,0,0,NET_BANKING,TRANSFER,IN,0.10308284421067446,0
9384.91,138338.83,19,0,0,UPI,TRANSFER,IN,0.0971246643399279,0
9976.7,134398.77999999997,18,1,0,NET_BANKING,TRANSFER,IN,0.1382862537803562,0
2504.98,128308.50999999998,17,0,0,NET_BANKING,WITHDRAWAL,IN,0.09887311106817677,0
11417.8,118395.47999999998,17,0,0,NET_BANKING,WITHDRAWAL,IN,0.11574680836267127,0
11528.45,129813.27999999998,18,0,1,CARD,WITHDRAWAL,IN,0.1378485365553591,0
6748.19,136865.28,18,1,1,NET_BANKING,DEPOSIT,IN,0.15444526845093615,0
6622.08,143613.47,19,0,1,NET_BANKING,TRANSFER,IN,0.11905818551917483,0
10691.58,150235.55,20,0,1,NET_BANKING,DEPOSIT,IN,0.1368663430065054,0
7253.72,160927.12999999998,21,0,1,CARD,DEPOSIT,IN,0.11800646356291819,0
9065.21,159181.25999999998,21,0,1,NET_BANKING,WITHDRAWAL,IN,0.12376070436507318,0
14446.97,0.0,0,1,0,CARD,DEPOSIT,IN,0.09017712146738975,0
6811.21,14446.97,1,0,0,UPI,DEPOSIT,IN,0.03129754524639535,0
10375.15,21258.18,2,0,0,UPI,DEPOSIT,IN,0.051014398138555225,0
7719.15,31633.33,3,0,0,UPI,TRANSFER,US,0.04000922787917705,0
17969.79,39352.48,4,0,0,UPI,DEPOSIT,IN,0.05756823988152876,0
8249.03,57322.27,5,0,0,UPI,TRANSFER,AE,0.033561487735879976,0
9993.98,65571.3,6,0,0,UPI,TRANSFER,US,0.032125501075320875,0
20751.12,75565.28,7,0,1,UPI,DEPOSIT,IN,0.08245947789171487,0
22281.76,96316.4,8,0,1,UPI,WITHDRAWAL,IN,0.11893029131512478,0
9885.26,118598.16,9,0,1,UPI,WITHDRAWAL,IN,0.10887273173749132,0
6272.92,128483.41999999998,10,1,1,UPI,WITHDRAWAL,IN,0.1440586325346183,0
8760.12,134756.34,11,1,1,UPI,DEPOSIT,IN,0.14796928683298904,0
21084.16,143516.46,12,1,1,UPI,DEPOSIT,IN,0.17200719487086086,0
17711.54,164600.62,13,1,1,UPI,DEPOSIT,IN,0.16536895798262044,0
13144.31,182312.16,14,0,0,UPI,DEPOSIT,IN,0.09702537551219238,0
23829.55,195456.47,15,1,0,UPI,WITHDRAWAL,IN,0.1524383262856916,0
11761.43,219286.02,16,0,0,UPI,WITHDRAWAL,US,0.12196945000924368,0
24884.44,231047.45,17,0,0,CARD,DEPOSIT,US,0.13390884979582013,0
22646.05,255931.89,18,0,0,UPI,WITHDRAWAL,SG,0.15864642385298328,0
24467.57,278577.94,19,0,0,UPI,TRANSFER,IN,0.1361453691345031,1
17719.7,303045.51,20,0,0,UPI,WITHDRAWAL,IN,0.11292920705842169,0
2571.47,0.0,0,1,0,UPI,TRANSFER,IN,0.07192395916563198,1
2259.42,2571.47,1,0,0,UPI,WITHDRAWAL,IN,0.03154609173106828,0
3850.94,4830.889999999999,2,0,0,CARD,DEPOSIT,IN,0.035820294088421786,0
4490.44,8681.83,3,0,0,UPI,TRANSFER,IN,0.03821546044917937,0
2918.58,13172.27,4,0,0,UPI,WITHDRAWAL,IN,0.035736721944562656,0
1857.97,16090.85,5,0,1,UPI,DEPOSIT,IN,0.05774025997835312,0
4509.55,17948.82,6,0,1,CARD,WITHDRAWAL,IN,0.05700595636171729,0
2249.02,22458.37,7,0,1,UPI,TRANSFER,IN,0.0556182216446671,0
1302.67,24707.39,8,0,1,UPI,WITHDRAWAL,IN,0.05265574239114726,0
2966.99,26010.06,9,0,1,UPI,WITHDRAWAL,IN,0.07637123310634072,0
2041.49,28977.049999999996,10,0,0,UPI,TRANSFER,IN,0.051345443023902565,0
2187.91,31018.539999999997,11,0,0,NET_BANKING,DEPOSIT,IN,0.052174869324461276,0
4435.41,33206.45,12,0,0,UPI,TRANSFER,IN,0.0538299476503213,0
3846.6,37641.86,13,0,0,UPI,WITHDRAWAL,IN,0.054057014245004975,0
4214.55,41488.46,14,0,0,UPI,DEPOSIT,IN,0.05517890302970212,0
3197.72,45703.01,15,1,0,UPI,WITHDRAWAL,IN,0.09494997049839912,1
2944.57,48900.73,16,0,0,NET_BANKING,DEPOSIT,IN,0.07212667010820727,0
3428.2,51845.3,17,0,0,UPI,TRANSFER,IN,0.06367488200278529,0
4595.59,55273.5,18,1,0,UPI,WITHDRAWAL,IN,0.11256765112430939,0
4576.52,59869.09,19,0,0,UPI,WITHDRAWAL,IN,0.06247487992346716,0
2487.41,64445.61,20,1,0,UPI,TRANSFER,IN,0.11054098873519073,0
2544.63,66933.02,21,1,0,UPI,DEPOSIT,IN,0.10937964572950044,0
2828.46,69477.65000000001,22,1,0,UPI,DEPOSIT,IN,0.1117284021545834,0
2845.05,72306.11000000002,23,0,0,UPI,DEPOSIT,IN,0.07283574864255876,0
4658.68,72579.69000000002,23,0,0,UPI,WITHDRAWAL,IN,0.06830004193120048,0
3918.3,74978.95000000001,23,1,0,UPI,WITHDRAWAL,IN,0.11268364689439017,0
3144.83,75046.31000000001,23,0,0,UPI,DEPOSIT,IN,0.06536719739097703,0
3039.13,73700.70000000001,23,0,0,UPI,DEPOSIT,US,0.06797463129786838,0
4575.09,73821.25,23,0,1,UPI,WITHDRAWAL,IN,0.09092818707333049,0
1510.88,76538.37000000001,23,0,1,CARD,DEPOSIT,IN,0.0838157410014507,0
1745.84,69988.01000000001,21,0,1,UPI,TRANSFER,SG,0.11549369404051285,0
1010.61,71733.85,22,0,1,CARD,WITHDRAWAL,IN,0.08235049560005822,0
28423.63,0.0,0,1,0,UPI,WITHDRAWAL,IN,0.11035549496847977,0
89019.94441671827,28423.63,1,0,0,UPI,WITHDRAWAL,IN,0.06544766379679405,0
13334.22,117443.57441671829,2,0,0,NET_BANKING,WITHDRAWAL,IN,0.07916637125792995,0
16828.42,130777.79441671829,3,0,0,UPI,WITHDRAWAL,AE,0.07986494908581832,0
49681.99,147606.21441671829,4,0,0,CARD,WITHDRAWAL,IN,0.09814662190972746,0
11152.72,197288.20441671828,5,0,1,UPI,WITHDRAWAL,IN,0.09911466752101923,0
18988.26,208440.92441671828,6,0,1,CARD,TRANSFER,SG,0.1310355254458972,0
25340.96,227429.1844167183,7,0,1,UPI,TRANSFER,IN,0.11667974702947563,0
13158.66,252770.14441671828,8,0,1,UPI,WITHDRAWAL,SG,0.12883385615647897,0
13226.03,265928.80441671825,9,0,1,UPI,TRANSFER,IN,0.1200071146853209,0
18848.04,279154.8344167183,10,1,0,CARD,DEPOSIT,US,0.142567518044515,0
99799.59453504316,298002.87441671826,11,0,0,UPI,DEPOSIT,IN,0.11650198940796681,0
123883.07760429954,397802.46895176143,12,0,0,CARD,WITHDRAWAL,IN,0.1162041900372673,1
42141.53,521685.54655606096,13,0,0,UPI,DEPOSIT,IN,0.1209789324106761,0
44129.9,563827.0765560609,14,0,0,UPI,TRANSFER,AE,0.11287532723449942,0
40507.23,607956.976556061,15,0,0,UPI,TRANSFER,IN,0.11430050555118709,0
35838.78,648464.2065560609,16,1,0,UPI,TRANSFER,IN,0.1724532388356697,0
33016.39,684302.986556061,17,0,0,UPI,WITHDRAWAL,US,0.13289292664028388,0
29579.15,717319.376556061,18,1,0,CARD,DEPOSIT,IN,0.16994978686696066,0
35770.4,746898.526556061,19,0,0,UPI,WITHDRAWAL,IN,0.1378388843604708,0
13099.56,782668.926556061,20,0,0,CARD,DEPOSIT,IN,0.11374564700739885,1
43498.42,795768.4865560611,21,0,0,UPI,WITHDRAWAL,IN,0.1355513209337546,0
47377.2,839266.9065560611,22,0,0,NET_BANKING,WITHDRAWAL,SG,0.15013718392454406,1
30435.67,886644.1065560611,23,1,0,UPI,WITHDRAWAL,IN,0.1738589396300712,0
31133.22,917079.7765560612,24,1,0,UPI,DEPOSIT,US,0.1717888591572178,0
28480.26,830769.4221393429,23,0,0,UPI,TRANSFER,IN,0.13356797276116522,0
40857.72,859249.6821393429,24,0,0,UPI,TRANSFER,IN,0.13794621272515722,0
116090.21182289509,869944.7621393428,23,1,0,CARD,DEPOSIT,IN,0.17521938189483552,0
43328.32,986034.973962238,24,0,0,CARD,TRANSFER,IN,0.13210478331901845,0
33521.18,979681.303962238,24,0,0,NET_BANKING,TRANSFER,US,0.13339039215235304,0
40887.13,1002049.763962238,24,0,1,UPI,DEPOSIT,IN,0.15572588016787056,0
40258.52,1042936.893962238,25,0,1,CARD,DEPOSIT,IN,0.146369944651065,0
81939.55607011133,1064207.153962238,25,0,1,UPI,TRANSFER,IN,0.14610155905620742,0
45445.07,1146146.7100323492,26,0,1,NET_BANKING,TRANSFER,IN,0.15138173432889507,0
43651.3,1139866.1300323491,24,0,1,UPI,DEPOSIT,SG,0.1786746156169322,1
20325.63,1164669.3900323492,24,1,0,UPI,WITHDRAWAL,IN,0.170277441533242,0
37823.86,1085195.4254973058,24,0,0,UPI,TRANSFER,IN,0.13402641278613964,1
2244.8,0.0,0,1,0,CARD,TRANSFER,IN,0.07828492888273925,0
4493.73,2244.8,1,0,0,NET_BANKING,DEPOSIT,IN,0.03689680827904789,0
4726.36,6738.53,2,1,0,CARD,WITHDRAWAL,IN,0.07516009590773667,0
3733.96,11464.89,3,0,0,UPI,WITHDRAWAL,IN,0.030376162259779196,0
4973.46,15198.85,4,0,0,CARD,DEPOSIT,IN,0.03491312547381505,0
1682.56,20172.31,5,0,1,CARD,TRANSFER,SG,0.08266222345726082,0
3973.31,21854.87,6,1,1,CARD,TRANSFER,SG,0.12320824962969631,0
4590.3,25828.18,7,0,1,UPI,DEPOSIT,IN,0.05955699753501415,0
3623.22,30418.48,8,0,1,NET_BANKING,TRANSFER,IN,0.05513888965613029,0
3501.29,34041.7,9,0,1,CARD,DEPOSIT,IN,0.07655227178371196,0
4691.98,37542.99,10,0,0,CARD,TRANSFER,IN,0.0515766335032881,0
3561.14,42234.97,11,0,0,CARD,TRANSFER,IN,0.05110171545195276,0
3033.94,45796.11,12,0,0,CARD,TRANSFER,SG,0.07204538379890671,0
3360.37,48830.05,13,0,0,UPI,TRANSFER,IN,0.05771253340407381,0
2077.64,52190.420000000006,14,1,0,CARD,TRANSFER,IN,0.09145956451670255,1
4383.93,54268.060000000005,15,0,0,CARD,TRANSFER,IN,0.04645644263646671,0
1131.57,58651.990000000005,16,0,0,CARD,TRANSFER,IN,0.06287457449295145,0
4110.36,59783.560000000005,17,0,0,CARD,WITHDRAWAL,SG,0.09485551490008713,0
4046.25,63893.920000000006,18,1,0,UPI,WITHDRAWAL,IN,0.11008392697609475,0
2260.71,0.0,0,1,0,CARD,DEPOSIT,IN,0.08019779725044818,0
6204.620661291904,2260.71,1,1,0,NET_BANKING,DEPOSIT,IN,0.07523022425780193,0
3937.57,8465.330661291904,2,0,0,CARD,DEPOSIT,IN,0.033882557010828165,0
2241.34,12402.900661291904,3,0,0,UPI,DEPOSIT,IN,0.03921518769743615,0
4132.36,14644.240661291904,4,0,0,UPI,DEPOSIT,IN,0.03567468980558573,0
4137.49,18776.600661291905,5,1,0,NET_BANKING,DEPOSIT,IN,0.07071589239294573,0
2011.56,22914.090661291903,6,0,0,CARD,TRANSFER,IN,0.0366140695699984,0
1712.48,24925.650661291907,7,0,0,CARD,WITHDRAWAL,IN,0.032198408806859334,1
3103.62,26638.130661291907,8,0,1,CARD,TRANSFER,AE,0.06197735807045215,1
4306.89,29741.750661291902,9,0,1,CARD,TRANSFER,IN,0.07708463413114577,0
2426.37,34048.64066129191,10,1,1,CARD,TRANSFER,IN,0.11050000251697092,0
3377.35,36475.01066129191,11,0,1,CARD,DEPOSIT,IN,0.06808606778077347,0
3009.48,39852.36066129191,12,0,1,CARD,WITHDRAWAL,IN,0.07622994779000855,0
3120.61,42861.84066129191,13,0,0,CARD,WITHDRAWAL,IN,0.05772935720172888,1
2128.11,45982.450661291914,14,0,0,CARD,TRANSFER,IN,0.04794813738783212,0
3358.13,48110.560661291915,15,0,0,CARD,DEPOSIT,IN,0.057626242073128636,0
2955.87,51468.69066129191,16,1,0,CARD,WITHDRAWAL,SG,0.1334620935552799,0
2612.82,0.0,0,1,0,CARD,DEPOSIT,IN,0.07427387632856358,0
1793.11,2612.82,1,0,0,CARD,WITHDRAWAL,IN,0.035529009283212135,1
2363.08,4405.93,2,1,0,CARD,DEPOSIT,IN,0.07431890975655661,0
3002.59,6769.01,3,0,0,UPI,DEPOSIT,IN,0.041999135103698224,1
1082.19,9771.6,4,1,1,CARD,TRANSFER,SG,0.11741693550700288,0
4690.45,10853.79,5,0,1,CARD,WITHDRAWAL,IN,0.05637705677149393,0
3490.71,15544.240000000002,6,0,1,CARD,TRANSFER,IN,0.05570492890476532,0
1655.98,19034.95,7,0,0,CARD,TRANSFER,IN,0.030037672139266062,0
4182.18,20690.93,8,0,0,UPI,DEPOSIT,IN,0.032751548108618724,0
3375.12,24873.11,9,0,0,CARD,DEPOSIT,IN,0.050450677945417445,0
3756.71,28248.23,10,1,0,CARD,WITHDRAWAL,IN,0.09090154827846586,0
1649.44,32004.94,11,0,0,CARD,TRANSFER,IN,0.054460405470573944,0
2313.55,33654.38,12,1,0,CARD,DEPOSIT,IN,0.09272089301664564,0
1335.85,35967.93,13,1,0,CARD,WITHDRAWAL,IN,0.08725100549033898,0
3877.61,37303.78,14,1,0,CARD,WITHDRAWAL,IN,0.09723454584364166,0
4831.55,41181.39,15,0,0,CARD,TRANSFER,IN,0.056327377093166944,0
1397.7,46012.94,16,0,0,CARD,WITHDRAWAL,IN,0.0692975179505993,0
4195.69,47410.64,17,1,0,CARD,TRANSFER,IN,0.10837104863203005,0
4349.98,51606.33,18,1,0,CARD,TRANSFER,IN,0.10690196089540156,1
2619.4,53343.48999999999,18,1,0,CARD,WITHDRAWAL,SG,0.12865109887773596,0
1146.36,55962.88999999999,19,0,0,CARD,TRANSFER,IN,0.06724201273094049,0
2493.48,55316.14000000001,19,0,0,CARD,WITHDRAWAL,IN,0.06741961912822961,0
3537.64,57809.62000000001,20,1,0,CARD,TRANSFER,IN,0.10763634381297864,0
1820.48,58984.17999999999,20,0,0,CARD,DEPOSIT,IN,0.06263482105384076,0
4735.32,57802.07,20,0,0,CARD,DEPOSIT,IN,0.06358898244265801,0
1246.44,62537.39,21,0,1,CARD,TRANSFER,IN,0.09240693132708816,0
4472.93,63783.83,22,1,1,NET_BANKING,DEPOSIT,US,0.1330386482999265,0
4725.64,67174.57,22,0,1,CARD,TRANSFER,IN,0.08824025614551317,0
2993.36,0.0,0,1,0,NET_BANKING,WITHDRAWAL,IN,0.07399811792469874,0
4862.2,2993.36,1,1,0,NET_BANKING,TRANSFER,IN,0.07224653542997922,0
9095.92,7855.56,2,0,0,UPI,DEPOSIT,IN,0.03240737510460536,0
11054.59,16951.48,3,0,0,NET_BANKING,DEPOSIT,IN,0.047068995407006056,0
8005.83,28006.07,4,0,0,UPI,WITHDRAWAL,IN,0.030788800287651578,0
3276.42,36011.9,5,1,1,NET_BANKING,WITHDRAWAL,IN,0.09386108578094073,0
5435.38,39288.32,6,0,1,NET_BANKING,WITHDRAWAL,IN,0.05318482338356639,0
4880.18,44723.7,7,0,1,NET_BANKING,TRANSFER,IN,0.057464874066609994,0
4746.61,49603.88,8,0,1,NET_BANKING,TRANSFER,IN,0.055757009485161275,0
6471.22,54350.49,9,0,1,NET_BANKING,TRANSFER,SG,0.09416100880445732,0
10550.51,60821.71,10,1,1,NET_BANKING,DEPOSIT,IN,0.12531659658343844,0
6784.89,71372.22,11,0,0,UPI,TRANSFER,US,0.04671721018488259,0
4736.82,78157.11,12,0,0,NET_BANKING,DEPOSIT,IN,0.046359476512944156,0
7799.83,82893.93,13,0,0,NET_BANKING,TRANSFER,IN,0.08758371909299195,0
2509.31,90693.76,14,1,0,UPI,DEPOSIT,IN,0.1295445602857322,1
11296.15,93203.07,15,0,0,NET_BANKING,DEPOSIT,IN,0.09582356246322275,0
7443.84,104499.22,16,1,0,NET_BANKING,TRANSFER,IN,0.14194931032139216,0
6744.55,111943.05999999998,17,0,0,NET_BANKING,TRANSFER,SG,0.12880625262181689,1
9911.1,118687.61,18,0,0,NET_BANKING,DEPOSIT,IN,0.09731153469478737,0
3740.76,128598.71,19,0,0,NET_BANKING,WITHDRAWAL,IN,0.10390742828561897,0
8089.62,132339.47,20,0,0,NET_BANKING,TRANSFER,IN,0.10237211765953393,0
4303.07,140429.09,21,1,0,NET_BANKING,DEPOSIT,IN,0.13791756548230039,0
3449.31,144732.16,22,1,0,NET_BANKING,WITHDRAWAL,IN,0.14375759359079002,0
10274.04,148181.47,23,0,0,NET_BANKING,TRANSFER,AE,0.11454551446519268,0
12185.9,158455.51,24,0,0,NET_BANKING,WITHDRAWAL,IN,0.11831035697986027,0
8185.63,170641.41,25,1,0,NET_BANKING,TRANSFER,IN,0.14069701176526062,0
10078.07,178827.04,26,0,0,UPI,WITHDRAWAL,US,0.11520870753169474,1
11392.05,185911.75000000003,26,0,0,NET_BANKING,WITHDRAWAL,AE,0.11999517660619739,0
12390.33,197303.8,27,0,0,NET_BANKING,WITHDRAWAL,IN,0.11147921427013582,0
6897.45,204831.93,27,0,0,NET_BANKING,WITHDRAWAL,IN,0.10183655158604878,0
6944.76,202633.46,27,0,0,NET_BANKING,DEPOSIT,IN,0.10481866403748552,0
11849.78,209578.22,28,0,0,UPI,TRANSFER,IN,0.11635136317534768,1
4186.9,202367.58,27,0,0,NET_BANKING,TRANSFER,IN,0.10226403675155388,0
4056.47,206554.48,28,0,0,NET_BANKING,DEPOSIT,IN,0.10128253710548821,0
16929.81,0.0,0,1,0,UPI,TRANSFER,IN,0.09060580155720574,0
22954.34,16929.81,1,0,0,UPI,DEPOSIT,IN,0.06596166809883941,0
24795.15,39884.15,2,0,0,UPI,TRANSFER,IN,0.06895674156083914,0
10147.17,64679.3,3,0,0,UPI,TRANSFER,IN,0.05528643199146675,0
10075.53,74826.47,4,0,0,UPI,TRANSFER,US,0.05712412306124111,0
21809.05,84902.0,5,1,1,UPI,WITHDRAWAL,US,0.16362510927313698,0
9548.16,106711.05,6,0,1,UPI,TRANSFER,IN,0.0879708477316356,0
13781.76,116259.21,7,0,1,UPI,TRANSFER,SG,0.1273147985204181,0
23767.06,130040.97,8,0,1,CARD,DEPOSIT,IN,0.11947058921334293,0
14083.57,153808.03,9,0,0,NET_BANKING,DEPOSIT,IN,0.1004013729335216,0
21529.56,167891.6,10,0,0,UPI,TRANSFER,IN,0.11699660024036937,0
14073.42,189421.16,11,0,0,UPI,TRANSFER,SG,0.12671597089933262,1
17135.89,203494.58,12,0,0,UPI,TRANSFER,IN,0.10446006969174233,0
8084.21,220630.47000000003,13,0,0,CARD,TRANSFER,IN,0.08595802514838013,0
23452.59,228714.68,14,0,0,UPI,DEPOSIT,AE,0.11117876149471417,0
12054.82,252167.27,15,1,0,CARD,DEPOSIT,IN,0.13848491909786456,0
16409.01,264222.09,16,1,0,UPI,TRANSFER,IN,0.1617725552137285,0
19552.98,280631.10000000003,17,0,0,UPI,TRANSFER,IN,0.1200579919791965,0
23487.17,300184.08,18,0,0,UPI,DEPOSIT,IN,0.1365389882272939,0
8644.74,323671.25,19,0,0,UPI,DEPOSIT,IN,0.10229099332534439,0
14684.34,332315.99,20,1,0,UPI,TRANSFER,IN,0.1574884606360251,1
13556.47,347000.33,21,0,0,UPI,TRANSFER,IN,0.11278045438780408,0
16370.56,320672.65,20,0,0,UPI,DEPOSIT,SG,0.1430234514876022,0
23946.52,337043.21,21,0,0,UPI,TRANSFER,IN,0.13171398925791247,0
6514.26,360989.73,22,1,0,UPI,TRANSFER,US,0.13640453420997017,0
21860.73,342708.8400000001,22,0,0,UPI,WITHDRAWAL,IN,0.13697688165778327,0
1203.81,0.0,0,1,0,UPI,TRANSFER,US,0.07526384627433777,0
3409.61,1203.81,1,0,0,UPI,DEPOSIT,IN,0.03790756485521745,0
3933.07,4613.42,2,0,0,UPI,WITHDRAWAL,IN,0.04083761858876611,1
3649.15,8546.49,3,1,0,UPI,WITHDRAWAL,IN,0.07637120880120091,0
3696.74,12195.64,4,0,0,UPI,DEPOSIT,IN,0.04150318417462139,0
1731.71,15892.38,5,1,0,UPI,WITHDRAWAL,IN,0.0745608946630585,0
2264.72,17624.09,6,1,0,UPI,WITHDRAWAL,IN,0.08096073705227795,0
4130.51,19888.81,7,0,1,UPI,DEPOSIT,IN,0.057199337816188786,1
2242.56,24019.32,8,0,1,UPI,TRANSFER,IN,0.0550318109992706,0
1914.08,26261.88,9,0,1,UPI,WITHDRAWAL,US,0.074998432685624,0
4428.42,28175.96,10,1,1,UPI,TRANSFER,IN,0.11344548759651875,0
1849.03,32604.379999999997,11,0,0,UPI,WITHDRAWAL,IN,0.05250371036200856,0
3834.65,34453.409999999996,12,0,0,NET_BANKING,DEPOSIT,IN,0.04938776793582217,0
3439.9,38288.06,13,0,0,UPI,TRANSFER,IN,0.0553459705543002,0
3291.99,41727.96,14,1,0,UPI,TRANSFER,IN,0.0929245097248707,0
2443.25,45019.95,15,0,0,UPI,WITHDRAWAL,IN,0.05278950518124276,0
3129.57,47463.2,16,0,0,UPI,TRANSFER,AE,0.06570290442084525,0
1496.89,50592.77,17,0,0,UPI,TRANSFER,IN,0.0641970891551056,0
2888.14,52089.66,18,0,0,UPI,DEPOSIT,IN,0.06330097728473344,0
2605.64,54977.8,19,0,0,NET_BANKING,WITHDRAWAL,AE,0.06922462777287802,1
4031.97,57583.439999999995,20,1,0,NET_BANKING,WITHDRAWAL,IN,0.11255733911023331,0
3639.25,61615.41,21,0,0,UPI,TRANSFER,US,0.06575212230613191,0
4735.49,64050.85,21,0,0,UPI,DEPOSIT,US,0.07039728416602328,0
3739.54,65376.73,21,1,0,UPI,DEPOSIT,IN,0.10498498261641638,0
4450.46,69116.26999999999,22,0,0,UPI,WITHDRAWAL,IN,0.06638009878456799,0
1384.49,73566.73,23,0,0,UPI,WITHDRAWAL,IN,0.06881809601336572,0
4119.93,67369.0,22,0,0,UPI,DEPOSIT,IN,0.06787784540791267,0
1762.98,63795.759999999995,20,0,0,UPI,DEPOSIT,IN,0.06870526501401501,0
3307.55,61428.23,20,1,1,UPI,TRANSFER,IN,0.12218501788538867,0
4030.67,64735.78,21,0,1,UPI,WITHDRAWAL,US,0.09252573927961369,0
1424.69,68766.45,22,0,1,NET_BANKING,WITHDRAWAL,AE,0.08525470171954438,0
1344.25,66034.5,21,0,1,UPI,DEPOSIT,US,0.09280524914967743,0
3386.37,62950.33,21,0,1,NET_BANKING,WITHDRAWAL,IN,0.08217432239044659,0
2112.66,66336.7,22,0,1,UPI,TRANSFER,IN,0.09081420617424774,0
9535.52,0.0,0,1,0,CARD,TRANSFER,IN,0.07666968558717233,0
13205.189851519572,9535.52,1,0,0,CARD,DEPOSIT,IN,0.057929454658440294,0
4280.69,22740.709851519576,2,0,0,CARD,TRANSFER,IN,0.04025147293707895,0
4573.84,27021.399851519574,3,0,0,CARD,TRANSFER,IN,0.036314984088486886,0
7991.69,31595.239851519575,4,0,0,CARD,DEPOSIT,IN,0.03672064165991534,0
9008.27,39586.92985151958,5,0,0,CARD,DEPOSIT,IN,0.034045243489148384,0
5985.85,48595.199851519574,6,1,1,CARD,TRANSFER,IN,0.090327019357175,0
15681.97305356546,54581.04985151957,7,0,1,CARD,DEPOSIT,IN,0.07626479814289971,0
8466.63,70263.02290508503,8,0,1,CARD,DEPOSIT,IN,0.05170425788123448,0
7082.77,78729.65290508504,9,0,1,CARD,TRANSFER,IN,0.07425580093846049,1
8700.03,85812.42290508504,10,1,0,CARD,WITHDRAWAL,IN,0.1255337806325606,0
3681.08,94512.45290508504,11,0,0,CARD,TRANSFER,IN,0.0851912079727293,0
12329.87,98193.53290508504,12,0,0,CARD,WITHDRAWAL,IN,0.10217299644451608,0
12356.7,110523.40290508504,13,1,0,CARD,WITHDRAWAL,IN,0.14501758098751238,0
7924.16,122880.10290508503,14,0,0,CARD,DEPOSIT,IN,0.0815903622794324,0
4553.21,130804.26290508504,15,0,0,CARD,TRANSFER,IN,0.07945163368771191,0
4076.44,135357.47290508504,16,0,0,CARD,WITHDRAWAL,IN,0.0978058526393586,1
4102.84,139433.91290508505,17,0,0,CARD,DEPOSIT,IN,0.09412434626445909,0
11560.22,143536.75290508504,18,0,0,CARD,TRANSFER,IN,0.1180930821497843,1
9447.3,155096.97290508504,19,0,0,CARD,DEPOSIT,SG,0.12286059181393602,1
3979.95,141803.56305356545,18,0,0,CARD,TRANSFER,IN,0.10028036801374733,0
11687.37,145783.51305356546,19,0,0,CARD,WITHDRAWAL,US,0.12046871916848685,1
11231.68,153190.19305356545,19,0,0,CARD,TRANSFER,IN,0.11479610316517362,0
3523.79,159848.03305356545,19,1,0,CARD,DEPOSIT,IN,0.13584808941158516,0
41670.57426513505,140386.0130535655,17,0,1,CARD,WITHDRAWAL,IN,0.1531535686912233,1
5178.3,182056.58731870053,18,0,1,CARD,TRANSFER,IN,0.1234122766278097,0
2604.49,171552.91426513504,18,0,1,CARD,WITHDRAWAL,IN,0.11681080888272827,0
7741.87,165690.77426513503,18,0,1,CARD,DEPOSIT,IN,0.124300315350385,0
10174.25,173432.64426513502,19,0,1,CARD,WITHDRAWAL,IN,0.1370265692019366,1
9907.53,176524.12426513503,19,0,0,UPI,WITHDRAWAL,IN,0.10402714517268034,0
4565.6,186431.65426513503,20,0,0,CARD,TRANSFER,IN,0.101951424000232,0
23556.42,0.0,0,1,0,CARD,TRANSFER,IN,0.11162789402959662,0
19875.55,23556.42,1,1,0,CARD,TRANSFER,IN,0.08691930698176042,0
14353.22,43431.97,2,0,0,CARD,WITHDRAWAL,IN,0.05061066041276659,1
15564.39,57785.19,3,1,0,CARD,DEPOSIT,IN,0.08991101479134497,0
23213.15,73349.58,4,0,0,CARD,DEPOSIT,IN,0.06638893533893203,0
22515.29,96562.73,5,0,1,CARD,DEPOSIT,IN,0.12072593277512063,0
16972.51,119078.02000000002,6,0,1,UPI,TRANSFER,IN,0.10216447321181397,0
21856.41,136050.53000000003,7,0,1,CARD,DEPOSIT,IN,0.12369424752061405,0
21533.49,157906.94000000003,8,1,1,CARD,TRANSFER,IN,0.1639348934792264,0
8737.47,179440.43000000002,9,0,1,CARD,WITHDRAWAL,IN,0.1018192958968728,0
22416.87,188177.9,10,0,0,NET_BANKING,TRANSFER,IN,0.11541296952340513,0
10712.22,210594.77,11,0,0,CARD,DEPOSIT,IN,0.09477048566091485,0
7292.9,221306.99,12,0,0,CARD,WITHDRAWAL,IN,0.07879126213195636,0
21241.07,228599.89,13,0,0,CARD,WITHDRAWAL,IN,0.11502764515212638,0
8360.95,249840.96,14,0,0,CARD,WITHDRAWAL,IN,0.08804821537146384,0
11812.18,258201.91000000003,15,0,0,CARD,DEPOSIT,IN,0.1003640146442071,0
19804.1,270014.09,16,0,0,CARD,DEPOSIT,US,0.11064794461242669,0
7129.17,289818.19,17,0,0,UPI,DEPOSIT,IN,0.09447820740158885,0
20440.97,296947.36,18,0,0,UPI,DEPOSIT,IN,0.13336875356842207,1
5749.76,317388.32999999996,19,1,0,CARD,TRANSFER,IN,0.14488942295690138,0
9147.25,323138.08999999997,20,0,0,CARD,DEPOSIT,IN,0.09630702921564098,0
23575.65,332285.33999999997,21,0,0,CARD,TRANSFER,IN,0.13536174407882712,0
10614.62,355860.99,22,0,0,CARD,DEPOSIT,IN,0.11270536465997091,0
8385.24,366475.61,23,1,0,CARD,TRANSFER,US,0.1427399011011836,1
20937.66,374860.85,24,0,0,CARD,WITHDRAWAL,IN,0.1327184990077698,0
22375.08,372242.0899999999,24,0,0,CARD,TRANSFER,IN,0.13594042941014844,0
10949.6,0.0,0,1,0,UPI,WITHDRAWAL,IN,0.09653280340749171,0
7903.63,10949.6,1,1,0,UPI,WITHDRAWAL,IN,0.07056691695331024,0
9593.54,18853.23,2,0,0,UPI,DEPOSIT,SG,0.057031981965220704,0
7953.16,28446.77,3,0,0,UPI,DEPOSIT,IN,0.030168041981016868,0
12474.65,36399.93,4,0,0,UPI,TRANSFER,IN,0.05317093528395432,0
6679.03,48874.58,5,0,0,UPI,TRANSFER,US,0.040766953072585634,0
7785.65,55553.61,6,0,0,CARD,WITHDRAWAL,IN,0.03890298255239543,0
11485.99,63339.26,7,0,1,UPI,WITHDRAWAL,IN,0.06744073666912118,0
8066.24,74825.25,8,0,1,UPI,WITHDRAWAL,IN,0.059199403589377225,0
10822.99,82891.49,9,0,1,UPI,TRANSFER,IN,0.12376526163344534,0
8890.5,93714.48,10,1,1,UPI,WITHDRAWAL,IN,0.14144160090582264,0
5238.9,102604.98,11,0,0,UPI,WITHDRAWAL,IN,0.08132889608605001,0
7896.28,107843.88,12,1,0,UPI,TRANSFER,IN,0.1199238660839934,1
2598.91,115740.16,13,1,0,UPI,DEPOSIT,US,0.11884249456070924,0
6813.87,118339.07,14,0,0,NET_BANKING,TRANSFER,IN,0.08142118233847567,0
11784.12,125152.94,15,0,0,CARD,TRANSFER,AE,0.09601809032819766,0
10154.556810283755,136937.06,16,0,0,UPI,DEPOSIT,AE,0.11831675030329136,0
3298.72,147091.61681028374,17,0,0,UPI,WITHDRAWAL,IN,0.09434770873771749,0
2863.47,150390.33681028374,18,1,0,UPI,DEPOSIT,IN,0.13934352223986432,0
3744.32,153253.80681028374,19,0,0,NET_BANKING,TRANSFER,IN,0.09405999308421774,0
22221.00885089928,156998.12681028375,20,0,0,UPI,TRANSFER,IN,0.12673424584640866,0
10066.89,179219.13566118304,21,0,0,UPI,WITHDRAWAL,IN,0.1122723975426739,0
10785.949177425671,189286.02566118303,22,0,0,UPI,WITHDRAWAL,IN,0.11471122739244946,0
11277.79,181218.7448386087,21,0,0,UPI,DEPOSIT,IN,0.12185176448180914,0
16885.28,0.0,0,1,0,CARD,WITHDRAWAL,IN,0.08672678189284519,0
39167.4,16885.28,1,0,0,CARD,WITHDRAWAL,IN,0.07341475779718101,0
38249.9,56052.68,2,0,0,CARD,TRANSFER,IN,0.062352759632676606,0
30343.09,94302.58,3,0,0,CARD,WITHDRAWAL,IN,0.09800200804107315,0
28295.27,124645.67,4,0,1,CARD,WITHDRAWAL,IN,0.11880775606923087,0
44953.62,152940.94,5,0,1,NET_BANKING,DEPOSIT,IN,0.11726982288562694,0
35398.37,197894.56,6,0,1,CARD,DEPOSIT,IN,0.11934401218318327,0
15583.64,233292.93,7,0,1,CARD,DEPOSIT,IN,0.09831982801488383,0
18158.29,248876.57,8,1,1,CARD,DEPOSIT,IN,0.14557524339477643,0
27334.85,267034.86,9,1,1,CARD,TRANSFER,IN,0.17178140068075523,1
11151.9,294369.70999999996,10,0,1,CARD,DEPOSIT,IN,0.12146959831168744,0
25031.89,305521.61,11,1,0,CARD,WITHDRAWAL,AE,0.1590377625596574,0
40221.83,330553.5,12,0,0,NET_BANKING,TRANSFER,AE,0.12001934708667168,0
13765.95,370775.33,13,0,0,CARD,DEPOSIT,IN,0.09730915047100935,0
34550.04,384541.28,14,0,0,CARD,WITHDRAWAL,IN,0.11252643199786608,0
16666.26,419091.32,15,0,0,NET_BANKING,WITHDRAWAL,US,0.09751407635515329,0
32946.3,435757.58,16,1,0,CARD,WITHDRAWAL,SG,0.19760581702352584,0
44474.57,468703.88,17,0,0,CARD,WITHDRAWAL,IN,0.12641501904175637,1
2413.63,0.0,0,1,0,CARD,TRANSFER,IN,0.07437230642186457,0
2216.1,2413.63,1,0,0,CARD,WITHDRAWAL,IN,0.03723755601411384,0
1673.14,4629.73,2,0,0,CARD,DEPOSIT,IN,0.03757421905650951,0
1031.85,6302.87,3,0,0,CARD,DEPOSIT,IN,0.035940623515397147,0
1285.57,7334.719999999999,4,1,0,CARD,DEPOSIT,IN,0.08039852192807997,0
4308.78,8620.289999999999,5,0,0,UPI,TRANSFER,IN,0.036215441057384924,0
3084.39,12929.07,6,0,0,CARD,DEPOSIT,IN,0.03859463720623326,0
1429.44,16013.46,7,0,1,CARD,DEPOSIT,IN,0.056725196073509405,0
4909.92,17442.899999999998,8,0,1,CARD,TRANSFER,IN,0.058426638195312255,0
1721.08,22352.82,9,0,1,NET_BANKING,DEPOSIT,IN,0.06998805865887903,0
4635.12,24073.9,10,1,1,CARD,DEPOSIT,IN,0.10792764840463494,0
1005.86,28709.02,11,1,1,CARD,DEPOSIT,IN,0.11606045512009608,0
1036.85,29714.88,12,0,1,CARD,DEPOSIT,IN,0.07032204098463277,0
4550.87,30751.73,13,0,0,CARD,DEPOSIT,IN,0.05543756191989259,0
1700.37,35302.6,14,1,0,CARD,DEPOSIT,IN,0.0969186034101427,0
1011.16,37002.97,15,0,0,CARD,WITHDRAWAL,IN,0.0530664097690475,0
1680.1,38014.130000000005,16,1,0,CARD,WITHDRAWAL,IN,0.1084922957332137,0
1920.85,39694.23,17,0,0,CARD,DEPOSIT,IN,0.07118830092675804,0
1441.12,41615.08,18,0,0,CARD,TRANSFER,IN,0.06826152667479989,0
4739.24,43056.2,19,0,0,CARD,WITHDRAWAL,IN,0.06902668569746445,0
1995.97,47795.44,20,0,0,CARD,WITHDRAWAL,IN,0.06365451012510188,0
2599.82,49791.41,21,0,0,UPI,DEPOSIT,US,0.06804213604890827,0
1025.91,52391.23,22,0,0,NET_BANKING,WITHDRAWAL,IN,0.07110565476852695,0
1058.22,53417.14000000001,23,0,0,CARD,DEPOSIT,IN,0.07142638352850594,0
4269.0,54475.36000000001,24,0,0,CARD,DEPOSIT,IN,0.06253296683556334,0
4599.74,56330.73,24,0,0,UPI,TRANSFER,AE,0.06208927750181671,1
4381.57,60930.47,25,1,0,CARD,WITHDRAWAL,IN,0.10389398044404036,0
1216.55,61422.8,24,0,0,CARD,DEPOSIT,US,0.0671486593349368,0
4552.07,62639.35,25,0,0,CARD,DEPOSIT,IN,0.07289562498104096,0
2387.51,0.0,0,1,0,UPI,WITHDRAWAL,IN,0.07427869084582722,1
4257.99,2387.51,1,1,0,NET_BANKING,TRANSFER,IN,0.0799838423025286,0
1825.35,6645.5,2,1,0,NET_BANKING,WITHDRAWAL,IN,0.08155673743257047,0
3376.4,8470.85,3,0,0,CARD,DEPOSIT,IN,0.04030825819424528,0
2862.06,11847.25,4,0,0,CARD,TRANSFER,IN,0.03389060257933425,0
1927.81,14709.31,5,0,0,UPI,DEPOSIT,IN,0.038069862915570366,0
1766.91,16637.12,6,0,0,CARD,DEPOSIT,IN,0.0309727830555704,0
1669.19,18404.03,7,0,1,CARD,WITHDRAWAL,IN,0.053128878769567206,0
2234.69,20073.22,8,0,1,UPI,DEPOSIT,IN,0.05376356228465737,0
2707.57,22307.909999999996,9,1,1,NET_BANKING,DEPOSIT,IN,0.10728818815962066,0
2710.64,25015.479999999996,10,0,1,CARD,TRANSFER,IN,0.06789795171481816,0
2147.23,27726.119999999995,11,1,0,CARD,TRANSFER,IN,0.09187279447823607,1
3885.01,29873.349999999995,12,0,0,CARD,WITHDRAWAL,IN,0.05776487965488196,0
4943.31,33758.35999999999,13,1,0,CARD,WITHDRAWAL,IN,0.08685691199555833,0
4529.21,38701.66999999999,14,0,0,CARD,DEPOSIT,IN,0.056738338261134225,0
2202.57,43230.87999999999,15,0,0,CARD,WITHDRAWAL,IN,0.049647308393260134,0
3582.62,45433.44999999999,16,1,0,CARD,WITHDRAWAL,US,0.10634510855178503,0
1171.62,49016.06999999999,17,0,0,CARD,TRANSFER,IN,0.0699784652050256,0
4849.89,50187.689999999995,18,1,0,CARD,WITHDRAWAL,IN,0.10375880474629344,0
1629.68,55037.579999999994,19,0,0,UPI,DEPOSIT,AE,0.07203931977165903,0
3748.57,56667.259999999995,20,0,0,CARD,TRANSFER,IN,0.062304033881123703,0
3455.0,60415.829999999994,21,0,0,NET_BANKING,DEPOSIT,IN,0.06824903792341094,0
1266.42,63870.829999999994,22,0,0,CARD,DEPOSIT,IN,0.06392278660048803,0
2447.68,65137.24999999999,23,0,0,CARD,TRANSFER,IN,0.06950919474335224,0
1827.28,67584.93,24,0,0,CARD,TRANSFER,IN,0.06597836583098496,0
1797.29,67024.7,24,0,0,CARD,TRANSFER,IN,0.06801167711866452,0
3416.83,68821.98999999999,25,0,0,CARD,DEPOSIT,IN,0.07096505417669352,0
1505.71,67980.83,25,0,0,CARD,DEPOSIT,IN,0.07206047404656313,0
4603.75,67661.19000000002,25,0,0,CARD,DEPOSIT,IN,0.06821664831469934,0
2827.31,72264.94000000002,26,1,0,NET_BANKING,DEPOSIT,IN,0.11223337726208513,0
1416.16,71715.85,26,0,0,CARD,WITHDRAWAL,IN,0.06729325360004226,0
4551.14,68342.14,25,0,0,CARD,TRANSFER,IN,0.07248274572530108,0
3582.74,71126.37,25,0,0,CARD,WITHDRAWAL,IN,0.06931580847560156,0
4082.32,74709.11,26,0,1,CARD,DEPOSIT,IN,0.0878297169909539,0
4449.17,74887.55000000002,25,0,1,UPI,TRANSFER,IN,0.09257537036155156,0
2633.71,0.0,0,1,0,UPI,DEPOSIT,IN,0.07410882743710581,0
12180.69,2633.71,1,0,0,UPI,WITHDRAWAL,IN,0.052921000200508446,0
5927.45,14814.4,2,0,0,CARD,WITHDRAWAL,US,0.03479641804003939,0
10460.94,20741.85,3,0,0,NET_BANKING,TRANSFER,IN,0.049073751851893464,0
11550.3,31202.79,4,0,0,UPI,TRANSFER,IN,0.04678828091650222,0
2998.79,42753.09,5,0,0,CARD,DEPOSIT,IN,0.034282728431695796,0
10873.84,45751.88,6,0,1,UPI,WITHDRAWAL,IN,0.06889409406486124,0
6214.28,56625.72,7,0,1,UPI,WITHDRAWAL,SG,0.08127020739278883,0
7874.66,62840.0,8,0,1,UPI,WITHDRAWAL,AE,0.06155884988650286,0
6165.8,70714.66,9,1,1,NET_BANKING,WITHDRAWAL,IN,0.11741404907111527,0
7228.19,76880.46,10,0,1,UPI,DEPOSIT,IN,0.07549967837777515,0
8389.89,84108.65000000001,11,0,1,NET_BANKING,WITHDRAWAL,IN,0.10140468262385344,0
3456.24,92498.54,12,0,0,UPI,WITHDRAWAL,IN,0.08673089251691249,1
8782.06,95954.78,13,0,0,UPI,TRANSFER,IN,0.0807734587773332,0
7251.94,104736.84,14,0,0,UPI,DEPOSIT,SG,0.11157968300746084,0
7465.28,111988.78,15,0,0,UPI,DEPOSIT,IN,0.0851588254518501,0
4337.9,119454.06,16,0,0,UPI,DEPOSIT,IN,0.09600995483428439,0
20439.87,0.0,0,1,0,UPI,WITHDRAWAL,IN,0.1097337520808368,1
12742.12,20439.87,1,0,0,UPI,TRANSFER,IN,0.05048232262021664,0
5741.88,33181.99,2,0,0,CARD,WITHDRAWAL,IN,0.03740481881114134,0
24500.0,38923.869999999995,3,1,0,NET_BANKING,DEPOSIT,IN,0.10818489057534857,0
21190.93,63423.869999999995,4,1,0,UPI,DEPOSIT,IN,0.11004052421413094,0
16927.59,84614.79999999999,5,0,1,NET_BANKING,DEPOSIT,IN,0.10310657547112291,0
11575.94,101542.38999999998,6,0,1,UPI,WITHDRAWAL,IN,0.10409615237965643,1
19747.91,113118.33,7,0,1,UPI,WITHDRAWAL,IN,0.10543987086670234,0
19554.58,132866.24,8,0,1,UPI,TRANSFER,IN,0.10714013274463247,0
16232.57,152420.82,9,0,1,UPI,WITHDRAWAL,AE,0.11434337357727417,0
19035.78,168653.39,10,1,0,UPI,DEPOSIT,IN,0.14468172841340504,0
23430.54,187689.17,11,1,0,UPI,TRANSFER,IN,0.15253389653392957,0
18838.87,211119.71,12,0,0,UPI,DEPOSIT,IN,0.10511129019564033,0
21672.1,229958.58,13,1,0,UPI,TRANSFER,IN,0.15154058457282044,0
19370.26,251630.68,14,1,0,UPI,TRANSFER,IN,0.14186074619351538,0
16916.83,271000.94,15,0,0,CARD,DEPOSIT,IN,0.09956755219813009,0
5675.64,287917.77,16,0,0,UPI,WITHDRAWAL,IN,0.10000496231486289,0
19195.17,293593.41000000003,17,0,0,NET_BANKING,WITHDRAWAL,US,0.11551154898110261,0
13162.22,0.0,0,1,0,NET_BANKING,DEPOSIT,IN,0.0880424681907144,0
22110.02,13162.22,1,0,0,NET_BANKING,TRANSFER,IN,0.06420309534990815,0
24271.67,35272.24,2,0,0,NET_BANKING,TRANSFER,US,0.06803702570853076,0
7703.25,59543.91,3,0,0,NET_BANKING,WITHDRAWAL,AE,0.03444746781638895,0
11547.41,67247.16,4,0,0,NET_BANKING,WITHDRAWAL,IN,0.04943391508627112,0
21300.97,78794.57,5,0,1,NET_BANKING,WITHDRAWAL,IN,0.08891415105934194,0
11323.76,100095.54,6,1,1,NET_BANKING,WITHDRAWAL,IN,0.1425478042625275,0
23790.33,111419.3,7,0,1,NET_BANKING,TRANSFER,IN,0.12024801016617284,0
24497.75,135209.63,8,0,1,NET_BANKING,TRANSFER,IN,0.1217873476130615,0
7769.33,159707.38,9,1,0,NET_BANKING,WITHDRAWAL,AE,0.12714556325868992,0
9465.62,167476.71,10,0,0,CARD,DEPOSIT,SG,0.10275075973220586,0
18017.51,176942.33,11,0,0,NET_BANKING,DEPOSIT,IN,0.10325720901246382,0
23718.6,194959.84,12,0,0,CARD,TRANSFER,IN,0.11539397831343746,0
12951.68,218678.44,13,0,0,NET_BANKING,DEPOSIT,IN,0.10055919152250448,0
11361.87,231630.12,14,0,0,NET_BANKING,WITHDRAWAL,IN,0.10217088655792812,0
6111.24,242991.99,15,1,0,NET_BANKING,WITHDRAWAL,IN,0.12377711572321773,0
6810.94,249103.23,16,0,0,CARD,WITHDRAWAL,IN,0.09608644494809206,0
7789.9,255914.17,17,0,0,UPI,TRANSFER,IN,0.10560451085337282,0
6680.71,250541.85,17,1,0,NET_BANKING,TRANSFER,IN,0.13627708927795124,0
66397.5977413167,0.0,0,1,0,CARD,TRANSFER,SG,0.13635855899229735,1
12177.8,66397.5977413167,1,0,0,CARD,WITHDRAWAL,IN,0.046628596965520464,0
20721.02,78575.3977413167,2,0,0,CARD,WITHDRAWAL,IN,0.07283932138569732,0
22587.03,99296.4177413167,3,1,0,CARD,DEPOSIT,IN,0.14286674167011904,0
13501.19,121883.4477413167,4,0,0,NET_BANKING,WITHDRAWAL,IN,0.08627091969136108,1
8620.78,135384.6377413167,5,0,1,CARD,DEPOSIT,IN,0.0909695136691609,0
34487.559158673954,144005.4177413167,6,0,1,CARD,WITHDRAWAL,IN,0.12538951618894378,0
16682.11,178492.97689999064,7,0,1,CARD,DEPOSIT,IN,0.09810863864847794,0
22884.48,195175.08689999065,8,0,1,CARD,WITHDRAWAL,IN,0.1183304680077846,0
19549.06,218059.56689999063,9,0,1,CARD,DEPOSIT,AE,0.12306791345577364,0
10000.04,237608.62689999063,10,0,1,CARD,DEPOSIT,IN,0.1210611430797191,0
24516.71,247608.66689999064,11,0,0,CARD,TRANSFER,SG,0.13701034606705148,0
21311.1,272125.37689999066,12,1,0,CARD,DEPOSIT,IN,0.16048187744443804,0
6128.34,293436.47689999064,13,0,0,CARD,TRANSFER,IN,0.08895809346717508,0
9814.99,299564.81689999066,14,0,0,CARD,TRANSFER,IN,0.08986376573839724,0
63668.29725958601,309379.80689999065,15,0,0,CARD,DEPOSIT,AE,0.11554342286520011,0
60003.711802094,373048.10415957664,16,0,0,CARD,DEPOSIT,IN,0.13277046079313998,0
16424.32,433051.81596167065,17,0,0,CARD,WITHDRAWAL,IN,0.12168873559862545,0
20990.768569318963,449476.13596167066,18,0,0,NET_BANKING,DEPOSIT,IN,0.1352331740019655,0
7161.63,470466.9045309897,19,0,0,UPI,WITHDRAWAL,US,0.10413147488512184,0
13617.84,477628.53453098965,20,0,0,CARD,TRANSFER,IN,0.11303907746445331,0
17848.39,491246.3745309897,21,0,0,UPI,WITHDRAWAL,IN,0.11258062643953008,0
24645.01,442697.166789673,21,0,0,CARD,TRANSFER,IN,0.13255903257175503,0
12226.25,467342.176789673,22,0,0,CARD,WITHDRAWAL,IN,0.12071657587236032,0
16331.86,467390.626789673,22,0,0,CARD,WITHDRAWAL,IN,0.12028071442343724,0
21063.34,483722.486789673,23,0,0,CARD,WITHDRAWAL,IN,0.12762875289474312,1
8694.18,461477.776789673,22,0,0,CARD,DEPOSIT,IN,0.09581148976917896,0
13761.36,413562.42763099907,20,0,1,CARD,DEPOSIT,IN,0.14157175978481856,0
16609.35,427323.78763099905,21,1,1,CARD,DEPOSIT,IN,0.17174175417940749,0
13595.88,427251.02763099904,21,1,1,CARD,WITHDRAWAL,IN,0.18158759526229618,0
19351.78,417962.42763099895,21,0,1,CARD,WITHDRAWAL,IN,0.13022378245056215,1
26611.25354124215,437314.2076309989,22,1,1,CARD,TRANSFER,US,0.1893689399310222,0
16840.31,463925.4611722411,23,0,1,CARD,WITHDRAWAL,IN,0.13900746976861938,0
19522.81,451216.6711722411,22,0,0,NET_BANKING,WITHDRAWAL,IN,0.11305094526802266,0
63214.57134220816,470739.4811722411,23,0,0,CARD,DEPOSIT,IN,0.13792888695103947,1
89887.24668959311,509437.34251444926,23,0,0,CARD,TRANSFER,IN,0.1340500605231133,0
10516.8,578013.4892040424,23,1,0,CARD,TRANSFER,IN,0.15549548462273682,0
39300.59492540578,582401.9492040423,23,0,0,CARD,WITHDRAWAL,IN,0.126866737934063,0
2796.32,0.0,0,1,0,NET_BANKING,DEPOSIT,IN,0.07315696610169437,0
4202.1,2796.32,1,0,0,CARD,DEPOSIT,IN,0.03298736247718676,0
2299.55,6998.42,2,0,0,NET_BANKING,TRANSFER,IN,0.0373214093694809,0
2902.69,9297.97,3,0,0,NET_BANKING,TRANSFER,IN,0.035757792439242486,0
1698.9,12200.660000000002,4,0,0,NET_BANKING,TRANSFER,IN,0.04084355636798108,0
3208.18,13899.56,5,0,0,NET_BANKING,WITHDRAWAL,AE,0.035182102094708914,0
2060.41,17107.74,6,0,0,NET_BANKING,WITHDRAWAL,IN,0.03943057298656533,0
1791.34,19168.15,7,0,1,NET_BANKING,DEPOSIT,IN,0.057261636741325124,0
1336.1,20959.49,8,0,1,NET_BANKING,TRANSFER,IN,0.054320663189619575,0
2026.5,22295.59,9,0,1,CARD,WITHDRAWAL,IN,0.07013268310988406,0
3547.95,24322.09,10,0,1,NET_BANKING,TRANSFER,IN,0.06629953044418413,1
4749.57,27870.04,11,0,1,NET_BANKING,TRANSFER,IN,0.07395513806152701,0
1781.6,32619.61,12,0,0,NET_BANKING,WITHDRAWAL,IN,0.049539666739370374,0
4401.5,34401.21,13,0,0,UPI,WITHDRAWAL,IN,0.04981147316123278,0
2031.87,38802.71,14,1,0,NET_BANKING,WITHDRAWAL,AE,0.09055612405352931,0
2367.67,40834.58,15,0,0,NET_BANKING,WITHDRAWAL,IN,0.057591186924390136,0
3800.93,43202.25,16,0,0,NET_BANKING,DEPOSIT,IN,0.06462800097470348,0
3509.76,47003.18,17,0,0,NET_BANKING,DEPOSIT,IN,0.06415984940338004,1
3625.26,50512.94,18,1,0,NET_BANKING,WITHDRAWAL,IN,0.10395457564732677,0
2048.72,54138.2,19,0,0,NET_BANKING,WITHDRAWAL,IN,0.06422929629007545,0
4022.99,56186.920000000006,20,0,0,NET_BANKING,DEPOSIT,IN,0.06926994418728394,0
4814.51,60209.91,21,0,0,NET_BANKING,TRANSFER,SG,0.09043876974522967,0
1942.28,65024.420000000006,22,1,0,NET_BANKING,WITHDRAWAL,US,0.10688915374862623,0
4372.11,64170.380000000005,22,0,0,NET_BANKING,TRANSFER,IN,0.07002349662053925,0
3158.21,62040.84,21,0,0,NET_BANKING,WITHDRAWAL,IN,0.06905204139883436,0
2294.57,62296.36,21,0,0,NET_BANKING,TRANSFER,IN,0.06229097743108823,1
3529.44,59683.85,20,0,0,NET_BANKING,WITHDRAWAL,IN,0.06698417913508253,0
2596.15,61152.880000000005,20,0,0,NET_BANKING,TRANSFER,IN,0.06546187038318349,0
2255.01,0.0,0,1,0,NET_BANKING,DEPOSIT,IN,0.07864541438727035,1
4358.61,2255.01,1,0,0,NET_BANKING,DEPOSIT,IN,0.032240519170711114,0
1658.2,6613.62,2,0,0,NET_BANKING,TRANSFER,IN,0.032318163783753,0
2341.18,8271.82,3,0,0,NET_BANKING,TRANSFER,IN,0.03341403080455598,0
1563.12,10613.0,4,0,0,NET_BANKING,DEPOSIT,IN,0.03712395027268146,0
2069.32,12176.12,5,0,0,NET_BANKING,WITHDRAWAL,IN,0.0363182535828478,0
3032.81,14245.44,6,0,1,CARD,WITHDRAWAL,SG,0.07622750845391094,0
1900.9,17278.25,7,0,1,NET_BANKING,WITHDRAWAL,IN,0.05123383521513853,0
1252.37,19179.15,8,0,1,UPI,DEPOSIT,IN,0.05482599950064561,0
3826.96,20431.52,9,1,1,UPI,DEPOSIT,IN,0.11056324395464626,1
2494.08,24258.48,10,0,0,NET_BANKING,TRANSFER,IN,0.05154120527712938,0
3244.75,26752.56,11,1,0,CARD,DEPOSIT,IN,0.09380951438884799,1
4134.71,29997.31,12,1,0,UPI,TRANSFER,IN,0.09415285467626013,0
4036.57,34132.02,13,1,0,NET_BANKING,WITHDRAWAL,IN,0.08849049550339515,0
4050.59,38168.59,14,0,0,CARD,TRANSFER,IN,0.05269048850538732,0
3821.07,42219.17999999999,15,0,0,UPI,DEPOSIT,US,0.05456836149095082,0
2410.39,46040.24999999999,16,0,0,UPI,WITHDRAWAL,IN,0.06278440323039788,0
3090.66,48450.63999999999,17,1,0,NET_BANKING,TRANSFER,IN,0.10547308727864048,0
1973.98,51541.29999999999,18,0,0,NET_BANKING,DEPOSIT,IN,0.06356718711848391,0
3635.26,53515.27999999999,19,1,0,NET_BANKING,DEPOSIT,IN,0.1097329276380408,0
3676.1,57150.53999999999,20,0,0,NET_BANKING,TRANSFER,SG,0.09569600372665125,0
2675.93,60826.63999999999,21,0,0,CARD,WITHDRAWAL,IN,0.06855429864701945,0
2460.66,63502.56999999999,22,0,0,UPI,DEPOSIT,AE,0.07183249774651254,0
4250.42,65963.23,23,1,0,UPI,WITHDRAWAL,IN,0.11212963295518662,0
2093.96,63600.03,22,0,0,NET_BANKING,DEPOSIT,IN,0.06841006593254213,0
4632.54,61694.61000000001,21,1,0,NET_BANKING,DEPOSIT,IN,0.1107023131965021,1
3987.77,66327.15000000001,22,0,0,UPI,WITHDRAWAL,IN,0.07241693994279316,0
3011.39,70314.92000000001,23,0,0,NET_BANKING,DEPOSIT,IN,0.06223634762474985,0
1163.06,71763.19000000002,23,0,0,UPI,WITHDRAWAL,IN,0.07318661738119096,0
3219.62,72926.25000000001,24,0,0,NET_BANKING,TRANSFER,IN,0.07099837752965346,0
36867.67,0.0,0,1,0,UPI,DEPOSIT,IN,0.10230618715913666,0
42116.62,36867.67,1,0,0,UPI,WITHDRAWAL,IN,0.06300304773109172,0
32802.53,78984.29000000001,2,1,0,UPI,DEPOSIT,IN,0.10654478005065404,1
35027.69,111786.82,3,0,0,UPI,TRANSFER,IN,0.09583590835898635,0
34078.42,146814.51,4,0,0,UPI,WITHDRAWAL,IN,0.10009938012232177,0
24913.0,180892.93,5,0,1,UPI,TRANSFER,IN,0.11477175266402226,0
21752.97,205805.93,6,1,1,UPI,DEPOSIT,IN,0.1588106901612336,0
46126.34,227558.9,7,0,1,NET_BANKING,TRANSFER,IN,0.12186373854506956,0
17556.18,273685.24,8,0,1,UPI,TRANSFER,IN,0.10093937277579847,0
23557.31,291241.42,9,0,1,CARD,TRANSFER,IN,0.1377448185314532,0
37246.66,314798.73,10,0,1,UPI,WITHDRAWAL,IN,0.1415958401404351,0
38809.12,352045.39,11,0,0,UPI,DEPOSIT,IN,0.11286984285878346,0
22778.27,390854.51,12,1,0,UPI,TRANSFER,IN,0.1580064305698664,0
42765.26,413632.78,13,0,0,UPI,DEPOSIT,IN,0.12038575904075707,0
10042.62,456398.04,14,0,0,UPI,TRANSFER,IN,0.10156449999598369,0
48738.67,466440.66,15,0,0,UPI,DEPOSIT,IN,0.12192435362863223,0
12240.41,515179.33,16,0,0,CARD,TRANSFER,IN,0.11328242647901646,0
19846.99,527419.74,17,0,0,NET_BANKING,DEPOSIT,IN,0.11404488692286026,0
27949.38,547266.73,18,0,0,UPI,TRANSFER,US,0.13187158706562196,0
20020.71,575216.11,19,0,0,UPI,WITHDRAWAL,IN,0.1372979913393831,0
15784.84,595236.82,20,0,0,UPI,WITHDRAWAL,IN,0.11019318687474924,0
28399.58,532037.37,19,0,0,UPI,WITHDRAWAL,IN,0.13743087638617174,0
17458.73,560436.95,20,0,0,UPI,TRANSFER,IN,0.11893911631293262,0
23810.3,545093.15,20,0,0,CARD,TRANSFER,IN,0.1271991535584977,0
21868.97,568903.4500000001,21,0,0,UPI,DEPOSIT,SG,0.15327974163143082,1
10971.48,0.0,0,1,0,NET_BANKING,WITHDRAWAL,IN,0.08967994718884556,0
9570.38,10971.48,1,0,0,NET_BANKING,DEPOSIT,IN,0.031219108903759823,0
3643.14,20541.86,2,1,0,NET_BANKING,DEPOSIT,IN,0.07774942715827551,0
9978.51,24185.0,3,0,0,NET_BANKING,DEPOSIT,IN,0.03974647059893773,0
11936.1,34163.51,4,0,0,NET_BANKING,TRANSFER,AE,0.05394617717396949,0
10739.74,46099.61,5,0,0,UPI,WITHDRAWAL,IN,0.049292146299416424,0
5190.94,56839.35,6,0,0,NET_BANKING,WITHDRAWAL,IN,0.03934957352926893,0
7012.43,62030.29,7,0,0,NET_BANKING,WITHDRAWAL,IN,0.039287048656286516,0
11410.06,69042.72,8,0,0,NET_BANKING,DEPOSIT,IN,0.053164518060569585,0
5201.81,80452.78,9,0,1,NET_BANKING,TRANSFER,IN,0.10957630615144112,0
11465.15,85654.59,10,1,1,NET_BANKING,DEPOSIT,IN,0.15537540695899774,0
7884.23,97119.74,11,0,1,NET_BANKING,DEPOSIT,IN,0.10241187147648165,0
8892.66,105003.97,12,1,1,NET_BANKING,WITHDRAWAL,IN,0.14183159448168672,0
5462.83,113896.63,13,0,1,UPI,DEPOSIT,IN,0.1043176274775464,0
6565.99,119359.46,14,0,1,NET_BANKING,TRANSFER,IN,0.0988497097557834,0
10965.87,125925.45,15,0,1,NET_BANKING,TRANSFER,IN,0.12585833934146895,0
12012.9,136891.32,16,0,0,NET_BANKING,WITHDRAWAL,US,0.11287652468719053,0
4256.9,148904.22,17,1,0,NET_BANKING,TRANSFER,IN,0.13872534421776328,0
9249.6,153161.12,18,0,0,NET_BANKING,DEPOSIT,IN,0.10545542112356514,0
6165.57,162410.72,19,0,0,NET_BANKING,WITHDRAWAL,IN,0.10590464363646432,0
3468.28,168576.29,20,0,0,NET_BANKING,WITHDRAWAL,IN,0.09758319823714186,0
7359.12,172044.57,21,1,0,NET_BANKING,WITHDRAWAL,IN,0.1364242051985916,0
9068.53,179403.69,22,0,0,CARD,TRANSFER,IN,0.09637749258469056,0
4631.07,188472.22,23,0,0,NET_BANKING,WITHDRAWAL,IN,0.09772778805212534,0
12084.21,193103.29,24,1,0,NET_BANKING,WITHDRAWAL,IN,0.1575383760412753,0
7523.59,205187.5,25,0,0,CARD,WITHDRAWAL,IN,0.09703439944355693,0
4681.0,212711.09,26,0,0,NET_BANKING,WITHDRAWAL,IN,0.09712300033521898,0
11662.63,193207.08999999997,24,0,0,NET_BANKING,TRANSFER,IN,0.11962261415109746,0
1134.1,0.0,0,1,0,UPI,TRANSFER,US,0.07893521391863176,0
4610.75,1134.1,1,1,0,CARD,WITHDRAWAL,IN,0.0748678110529096,0
4399.25,5744.85,2,0,0,UPI,DEPOSIT,SG,0.06008668566406978,0
2400.26,10144.1,3,1,0,UPI,TRANSFER,IN,0.07929012424242851,0
3264.15,12544.36,4,0,0,UPI,TRANSFER,IN,0.03176857070525425,0
1953.8,15808.51,5,0,0,UPI,DEPOSIT,IN,0.039103423333761364,0
1317.97,17762.31,6,0,1,UPI,DEPOSIT,AE,0.0578042792280873,0
4050.32,19080.28,7,0,1,UPI,TRANSFER,US,0.05082629026261595,0
3002.19,23130.6,8,0,1,UPI,TRANSFER,IN,0.05694465773737939,0
2835.32,26132.79,9,1,1,UPI,WITHDRAWAL,IN,0.11134543997018495,0
2456.47,28968.11,10,0,1,UPI,TRANSFER,IN,0.06731214367354257,0
3628.27,31424.58,11,0,1,UPI,DEPOSIT,IN,0.06624344729847881,0
3102.97,35052.85,12,0,0,UPI,DEPOSIT,IN,0.04732967313537555,0
3246.84,38155.82,13,0,0,UPI,DEPOSIT,IN,0.05178370780049865,0
2264.78,41402.66,14,0,0,UPI,DEPOSIT,IN,0.05343174636090427,0
2936.27,43667.44,15,0,0,NET_BANKING,TRANSFER,IN,0.04960652027435271,0
4521.67,46603.71,16,0,0,UPI,DEPOSIT,IN,0.07140149163960871,0
2168.15,51125.38,17,1,0,CARD,DEPOSIT,AE,0.11162046804750793,0
3440.45,53293.53,18,1,0,UPI,TRANSFER,IN,0.11289797722524265,0
4112.03,56733.98,19,0,0,UPI,TRANSFER,IN,0.07301095276088809,0
3991.59,60846.009999999995,20,1,0,UPI,DEPOSIT,IN,0.10809594857701631,0
4385.07,64837.59999999999,21,0,0,UPI,TRANSFER,IN,0.06538543504334979,0
2293.46,68088.56999999998,21,0,0,CARD,WITHDRAWAL,AE,0.06416966481410538,0
4220.44,65771.27999999998,21,0,0,UPI,WITHDRAWAL,IN,0.07083762770035709,0
3939.84,63192.20999999999,20,0,0,NET_BANKING,WITHDRAWAL,IN,0.06382329207195062,0
2070.25,61914.09999999999,19,0,0,UPI,WITHDRAWAL,IN,0.06285401918797498,0
3648.51,63984.34999999999,20,0,1,NET_BANKING,TRANSFER,SG,0.11362074639775988,0
3522.51,67632.85999999999,21,0,1,NET_BANKING,WITHDRAWAL,IN,0.09357880349857091,1
26297.68,0.0,0,1,0,CARD,WITHDRAWAL,US,0.11249944131576187,0
32017.26,26297.68,1,0,0,CARD,WITHDRAWAL,IN,0.06646743462073534,0
10146.78,58314.94,2,0,0,CARD,WITHDRAWAL,IN,0.053832185128817225,0
34127.12,68461.72,3,0,0,CARD,TRANSFER,IN,0.06260577766784498,0
14656.82,102588.84,4,0,0,CARD,DEPOSIT,IN,0.07937454198337182,0
42904.62,117245.66,5,1,0,CARD,WITHDRAWAL,IN,0.14309624052981057,1
36225.45,160150.28,6,0,0,UPI,DEPOSIT,IN,0.10305863387076415,0
34213.6,196375.73,7,0,1,CARD,TRANSFER,IN,0.12514666649090386,0
33261.76,230589.33,8,0,1,CARD,TRANSFER,IN,0.1155052439062765,0
11869.44,263851.08999999997,9,0,1,CARD,DEPOSIT,IN,0.1182820656580258,0
34067.46,275720.52999999997,10,0,1,CARD,WITHDRAWAL,IN,0.1328338480498556,0
40332.9,309787.99,11,0,1,CARD,TRANSFER,IN,0.13082853668435818,0
30425.71,350120.89,12,0,0,CARD,DEPOSIT,IN,0.110770193753413,1
16249.7,380546.6,13,0,0,CARD,WITHDRAWAL,IN,0.09625813101046084,0
12570.5,396796.3000000001,14,0,0,CARD,DEPOSIT,IN,0.09820298205580875,0
46699.18,409366.8000000001,15,0,0,CARD,DEPOSIT,US,0.11085980021394322,0
45166.49,456065.98,16,0,0,NET_BANKING,TRANSFER,IN,0.12617878942289545,1
10783.77,501232.47,17,0,0,CARD,DEPOSIT,IN,0.12178180600419461,0
18625.89,512016.2400000001,18,0,0,CARD,TRANSFER,IN,0.11421702146100339,0
25294.23,530642.13,19,0,0,CARD,WITHDRAWAL,IN,0.13212669708934363,0
30541.24,555936.36,20,0,0,CARD,TRANSFER,US,0.12861624092837204,0
24369.15,586477.6,21,0,0,CARD,TRANSFER,IN,0.1297729022429738,1
13225.56,584549.0700000001,21,0,0,CARD,TRANSFER,IN,0.12155692589924648,0
49170.72,597774.6300000001,22,0,0,NET_BANKING,DEPOSIT,IN,0.13440183151530408,0
22779.75,614928.0900000001,22,0,0,CARD,TRANSFER,IN,0.13021396084731493,0
19112.64,637707.8400000001,23,1,0,NET_BANKING,WITHDRAWAL,IN,0.15833974352005858,0
48193.99,656820.4800000001,24,0,0,CARD,DEPOSIT,IN,0.1333597813090757,0
14992.9,694867.6900000001,24,0,0,NET_BANKING,WITHDRAWAL,IN,0.1126037188124491,1
28279.66,661076.65,23,1,0,CARD,WITHDRAWAL,IN,0.17452301362871053,0
14288.86,689356.31,24,0,0,CARD,TRANSFER,SG,0.13426984489016613,0
22985.55,590301.5000000001,22,0,1,CARD,WITHDRAWAL,IN,0.14928764423403168,0
12352.41,580025.29,22,0,1,CARD,TRANSFER,IN,0.1391874679384476,0
25178.95,580508.2600000001,22,0,1,CARD,WITHDRAWAL,IN,0.14878694276444676,0
17430.19,571619.75,22,0,1,CARD,TRANSFER,IN,0.14069809205580697,0
36653.22,548717.0399999999,22,0,0,CARD,TRANSFER,IN,0.12691055035368798,0
14335.13,0.0,0,1,0,UPI,WITHDRAWAL,IN,0.08793669666048304,0
19314.12,14335.13,1,0,0,UPI,TRANSFER,IN,0.04889451431366121,0
8097.18,33649.25,2,0,0,UPI,DEPOSIT,IN,0.03079040257626736,0
18235.42401913888,41746.43,3,0,0,UPI,WITHDRAWAL,IN,0.056517163868621795,0
21388.06,59981.854019138875,4,0,0,UPI,WITHDRAWAL,IN,0.07032136706841843,0
20077.62085266065,81369.91401913887,5,0,0,UPI,TRANSFER,IN,0.09804271415264776,0
13864.18,101447.53487179952,6,1,1,UPI,WITHDRAWAL,AE,0.14007894400723991,0
10901.33,115311.71487179952,7,0,1,UPI,TRANSFER,IN,0.1054072614759745,0
14650.49,126213.04487179952,8,0,1,CARD,TRANSFER,IN,0.10015696964617424,0
5654.63,140863.53487179952,9,0,1,NET_BANKING,TRANSFER,IN,0.10147093325802138,0
15526.51,146518.16487179953,10,0,1,UPI,WITHDRAWAL,IN,0.11846349658027863,0
5555.29,162044.67487179954,11,1,0,NET_BANKING,DEPOSIT,IN,0.12261853008094184,0
59749.8691205745,167599.96487179954,12,0,0,NET_BANKING,TRANSFER,IN,0.11281030006695994,0
8009.02,227349.83399237404,13,0,0,UPI,TRANSFER,IN,0.08235010790484487,0
16016.91,235358.85399237403,14,0,0,UPI,WITHDRAWAL,US,0.0942145667043063,0
21817.51,251375.76399237404,15,0,0,UPI,DEPOSIT,IN,0.11980946449558476,0
6992.643655028374,0.0,0,1,0,UPI,WITHDRAWAL,IN,0.07663430027527227,0
3199.34,6992.643655028374,1,0,0,NET_BANKING,DEPOSIT,IN,0.03913384041787159,0
2736.05,10191.983655028374,2,0,0,CARD,DEPOSIT,IN,0.031063981924187797,0
4057.1,12928.033655028376,3,0,0,CARD,WITHDRAWAL,IN,0.03206660356649431,0
1612.42,16985.133655028374,4,1,0,NET_BANKING,TRANSFER,IN,0.07557820256519088,1
4612.87,18597.553655028372,5,0,1,NET_BANKING,WITHDRAWAL,IN,0.06104817180184868,0
2934.471626812672,23210.42365502837,6,0,1,NET_BANKING,DEPOSIT,SG,0.08059480006857458,0
2346.15,26144.895281841043,7,0,1,NET_BANKING,DEPOSIT,IN,0.0557586345489665,0
1675.72,28491.045281841045,8,0,1,NET_BANKING,TRANSFER,IN,0.061339756771019015,0
14370.39669295277,30166.76528184105,9,1,1,NET_BANKING,TRANSFER,SG,0.15714812177423648,0
1069.38,44537.16197479382,10,0,0,NET_BANKING,DEPOSIT,SG,0.07732699837077314,0
2494.91,45606.541974793814,11,0,0,NET_BANKING,WITHDRAWAL,IN,0.05110463909462467,0
1868.94,48101.45197479382,12,0,0,UPI,DEPOSIT,IN,0.0572679790510807,0
2868.46,49970.39197479382,13,1,0,UPI,WITHDRAWAL,US,0.09201769309096713,1
9065.937151221344,52838.85197479382,14,0,0,NET_BANKING,TRANSFER,IN,0.05189555283598794,0
2232.39,61904.78912601517,15,0,0,NET_BANKING,DEPOSIT,IN,0.054005073310165595,0
4444.7,64137.179126015166,16,0,0,NET_BANKING,WITHDRAWAL,IN,0.06406099707187751,0
3948.29,68581.87912601516,17,0,0,NET_BANKING,DEPOSIT,IN,0.06589853837542572,0
1093.61,72530.16912601516,18,0,0,NET_BANKING,TRANSFER,US,0.06843548392887877,0
10252.18,0.0,0,1,0,NET_BANKING,DEPOSIT,IN,0.09488322385756422,0
12174.61,10252.18,1,0,0,UPI,TRANSFER,IN,0.05065144992355711,0
5428.48,22426.79,2,0,0,UPI,DEPOSIT,IN,0.03246881703204654,0
6506.036354625702,27855.27,3,1,0,UPI,TRANSFER,IN,0.07901704967293349,0
7161.92,34361.3063546257,4,1,0,NET_BANKING,TRANSFER,IN,0.07209205210583003,0
5281.27,41523.2263546257,5,0,1,UPI,DEPOSIT,IN,0.060862934225321144,0
4714.12,46804.496354625706,6,1,1,UPI,DEPOSIT,IN,0.09435466216136107,0
8399.12,51518.61635462571,7,0,1,UPI,WITHDRAWAL,IN,0.05313426914173132,1
6599.57,59917.73635462571,8,0,1,UPI,DEPOSIT,SG,0.08458103927378832,0
3160.05,66517.3063546257,9,0,0,UPI,WITHDRAWAL,IN,0.05000321955370825,0
8511.14,69677.3563546257,10,0,0,UPI,WITHDRAWAL,IN,0.050669819757037056,0
7383.28,78188.4963546257,11,0,0,UPI,TRANSFER,IN,0.05138050936417651,0
2703.42,85571.7763546257,12,0,0,UPI,WITHDRAWAL,IN,0.08485281137029703,0
5418.06,88275.1963546257,13,1,0,CARD,TRANSFER,IN,0.11869657535293385,0
7033.27,93693.2563546257,14,0,0,UPI,WITHDRAWAL,IN,0.08308273937325789,0
10841.07,100726.5263546257,15,0,0,UPI,WITHDRAWAL,IN,0.10557499219202106,0
3345.63,111567.59635462573,16,0,0,UPI,DEPOSIT,IN,0.10046416970766349,0
17755.389675682396,114913.22635462572,17,0,0,UPI,TRANSFER,IN,0.1200194193400382,0
7024.109768444101,132668.61603030813,18,0,0,UPI,DEPOSIT,SG,0.12356596013848717,0
4316.27,139692.72579875222,19,0,0,UPI,WITHDRAWAL,IN,0.105731337855996,0
5204.21,144008.9957987522,20,1,0,NET_BANKING,TRANSFER,SG,0.16599835773388397,1
9355.07,138961.0257987522,20,0,0,UPI,WITHDRAWAL,US,0.10103515420870562,0
10487.614445996676,148316.0957987522,21,1,0,UPI,TRANSFER,IN,0.1574236852070122,0
9892.12,146629.1002447489,21,1,0,UPI,TRANSFER,IN,0.14436392411030086,0
8419.48,151092.7402447489,21,0,0,UPI,TRANSFER,IN,0.10092380102822811,0
12456.95,159512.2202447489,22,0,0,UPI,DEPOSIT,SG,0.14584878727607903,0
7278.06,165463.13389012322,22,0,0,UPI,TRANSFER,IN,0.10082676304425262,0
17645.43,0.0,0,1,0,CARD,TRANSFER,IN,0.09488835787941644,0
18349.46,17645.43,1,0,0,UPI,WITHDRAWAL,IN,0.05208869996352245,0
5889.09,35994.89,2,0,0,UPI,DEPOSIT,IN,0.03567407325840803,0
15566.33,41883.98,3,0,0,CARD,DEPOSIT,SG,0.07170331350084927,0
23006.89,57450.31,4,0,0,UPI,DEPOSIT,IN,0.06887112892914292,0
16398.46,80457.2,5,0,0,UPI,TRANSFER,IN,0.0894743084931538,0
23387.63,96855.66,6,0,0,CARD,TRANSFER,IN,0.09714279325536841,0
18600.69,120243.29,7,0,1,CARD,DEPOSIT,SG,0.12603669770432976,1
23252.99,138843.98,8,0,1,UPI,TRANSFER,IN,0.12569971017059056,0
10090.33,162096.97,9,0,1,UPI,WITHDRAWAL,IN,0.12479953115949961,0
20397.67,172187.3,10,0,1,NET_BANKING,TRANSFER,IN,0.1370212312907517,0
6654.85,192584.96999999997,11,1,0,CARD,WITHDRAWAL,IN,0.12016245878082445,0
18030.19,199239.82,12,1,0,UPI,TRANSFER,IN,0.1443361111302736,0
14486.44,217270.01,13,0,0,UPI,DEPOSIT,AE,0.10115571123796388,0
21508.45,231756.45,14,0,0,UPI,DEPOSIT,IN,0.1103248122394541,0
21273.62,253264.9,15,0,0,UPI,TRANSFER,IN,0.11347811139395696,0
8096.87,274538.52,16,0,0,UPI,WITHDRAWAL,IN,0.10424066124071286,0
8412.77,282635.39,17,0,0,UPI,WITHDRAWAL,IN,0.09428640507395332,0
6696.26,291048.16000000003,18,0,0,UPI,WITHDRAWAL,IN,0.10161755204749165,0
10881.38,297744.42000000004,19,1,0,UPI,WITHDRAWAL,US,0.16086183623384162,0
10367.74,308625.80000000005,20,0,0,UPI,WITHDRAWAL,IN,0.11435385377055138,0
17597.81,318993.54000000004,21,0,0,NET_BANKING,DEPOSIT,IN,0.11607519668599584,0
20354.43,336591.35000000003,22,1,0,UPI,TRANSFER,IN,0.17678008811112528,0
18795.9,356945.78,23,0,0,NET_BANKING,WITHDRAWAL,IN,0.11557501087596432,0
17699.73,358096.25000000006,23,0,0,UPI,DEPOSIT,IN,0.11458574414112371,0
20689.36,357446.52,23,0,0,UPI,WITHDRAWAL,IN,0.13309930056631858,0
20360.49,378135.88,24,0,0,UPI,WITHDRAWAL,IN,0.13024911941540046,1
14304.31,392607.28,24,0,0,UPI,WITHDRAWAL,AE,0.11738308480255273,0
12572.95,391345.26,24,0,0,UPI,WITHDRAWAL,IN,0.12054552428205871,0
20729.99,380911.32,24,0,0,UPI,WITHDRAWAL,IN,0.12754063931116863,0
11115.52,401641.31,25,0,0,NET_BANKING,DEPOSIT,IN,0.11280154917083074,0
22037.01,396358.37,25,0,0,UPI,WITHDRAWAL,IN,0.130249238312208,0
21784.8,395007.75,25,0,1,UPI,DEPOSIT,IN,0.14857247969128548,1
22727.03,398191.86,25,1,1,CARD,TRANSFER,IN,0.189480823806482,1
7062.27,420918.89,26,1,1,UPI,DEPOSIT,IN,0.15994710526977923,0
18522.48,404728.17,26,0,1,UPI,TRANSFER,IN,0.13444602763454772,1
22552.83,423250.65,27,0,1,NET_BANKING,DEPOSIT,IN,0.152035640317955,0
18339.2,435713.15,27,0,1,UPI,TRANSFER,IN,0.1357357412031917,0
11061.44,0.0,0,1,0,CARD,WITHDRAWAL,IN,0.09695952369865392,1
31892.24,11061.44,1,0,0,NET_BANKING,TRANSFER,IN,0.0662878527121962,0
128426.35160454546,42953.68,2,0,0,CARD,DEPOSIT,IN,0.06720192056981314,1
18076.91,171380.03160454545,3,0,0,CARD,WITHDRAWAL,IN,0.08198934548609435,0
13027.2,189456.94160454543,4,0,0,UPI,TRANSFER,US,0.08606807814895429,0
49697.07,202484.14160454547,5,1,0,UPI,WITHDRAWAL,IN,0.137792079898409,0
13827.23,252181.21160454547,6,0,1,CARD,DEPOSIT,IN,0.10470348356534233,0
17131.41,266008.44160454546,7,0,1,CARD,WITHDRAWAL,US,0.10022891181803523,0
29792.505902307275,283139.85160454543,8,1,1,CARD,DEPOSIT,IN,0.1617650814770079,0
36650.48078617175,312932.3575068527,9,0,1,CARD,DEPOSIT,IN,0.13430749219179663,0
14709.73,349582.83829302446,10,0,1,CARD,WITHDRAWAL,IN,0.12260473963988258,0
14866.48,364292.5682930245,11,0,0,CARD,TRANSFER,AE,0.0973738129380347,0
35143.24,379159.0482930244,12,0,0,CARD,DEPOSIT,IN,0.11651611621440669,0
84234.85836838279,414302.2882930244,13,1,0,UPI,WITHDRAWAL,IN,0.15138061017334475,0
11224.36,498537.1466614072,14,0,0,CARD,WITHDRAWAL,IN,0.09818709244688165,0
31639.39,509761.5066614072,15,0,0,NET_BANKING,WITHDRAWAL,IN,0.1213997708037061,0
12267.79,541400.8966614072,16,0,0,CARD,DEPOSIT,IN,0.12097972801392591,0
25647.42,553668.6866614072,17,1,0,CARD,WITHDRAWAL,AE,0.17654603247905995,0
17513.89,579316.1066614073,18,0,0,CARD,TRANSFER,IN,0.11639678920996885,0
23037.203219653547,596829.9966614073,19,1,0,CARD,DEPOSIT,IN,0.16727608057618187,0
19464.7,619867.1998810609,20,0,0,CARD,WITHDRAWAL,IN,0.11084571798396291,0
24786.38,639331.8998810608,21,0,0,CARD,WITHDRAWAL,IN,0.13015107517092717,0
20030.14,664118.2798810608,22,0,0,CARD,WITHDRAWAL,IN,0.13768740370410415,0
32067.96,684148.4198810608,23,0,0,CARD,WITHDRAWAL,SG,0.15049291091600456,0
34463.72,716216.3798810608,24,0,0,NET_BANKING,DEPOSIT,IN,0.13416537414099974,0
16720.35,707726.4198810607,23,0,0,NET_BANKING,TRANSFER,IN,0.11943150626058154,0
32745.05,596020.4182765153,23,0,0,CARD,DEPOSIT,IN,0.13240449609716834,0
47730.36,610688.5582765155,23,0,0,CARD,TRANSFER,IN,0.1322709664390473,0
80039.10378143497,645391.7182765154,23,0,0,UPI,DEPOSIT,IN,0.1317947870349574,0
15800.09,675733.7520579504,23,0,1,UPI,TRANSFER,IN,0.14044029529351856,0
24215.21,691533.8420579503,24,0,1,CARD,TRANSFER,IN,0.15484135130230534,0
42350.25,654997.906155643,22,1,1,CARD,WITHDRAWAL,AE,0.18760793948707077,0
40183.73,645987.9453694713,21,0,1,CARD,TRANSFER,IN,0.14715113954801962,0
62122.50302969998,636161.9553694712,20,1,0,CARD,DEPOSIT,IN,0.1740687014874795,0
44507.92,698284.4583991712,21,0,0,NET_BANKING,WITHDRAWAL,IN,0.13082189654860815,0
22625.18,658557.5200307885,21,0,0,CARD,TRANSFER,IN,0.13352522772081615,0
95348.8145977594,0.0,0,1,0,NET_BANKING,WITHDRAWAL,IN,0.11067733067267731,0
38529.49,95348.8145977594,1,1,0,CARD,DEPOSIT,IN,0.13746470339054462,0
29550.68,133878.3045977594,2,1,0,UPI,DEPOSIT,IN,0.1381196306140693,0
176798.55563752048,163428.98459775938,3,0,0,CARD,TRANSFER,IN,0.09749379182115246,0
42400.88204774872,340227.5402352798,4,0,0,NET_BANKING,WITHDRAWAL,IN,0.1030982621078932,0
12447.12,382628.42228302854,5,1,1,CARD,TRANSFER,US,0.14540110926280128,0
42297.55,395075.54228302854,6,0,1,CARD,WITHDRAWAL,IN,0.12129972439189693,0
38484.65,437373.0922830285,7,0,1,UPI,TRANSFER,IN,0.11653450609405334,0
39518.55,475857.74228302855,8,0,1,CARD,TRANSFER,IN,0.11777550375534006,1
37530.23,515376.29228302854,9,0,0,CARD,TRANSFER,IN,0.11992676770509467,0
20362.57,552906.5222830286,10,0,0,CARD,WITHDRAWAL,IN,0.11535427876561431,0
35883.58,573269.0922830285,11,0,0,CARD,TRANSFER,IN,0.12030396455872858,0
25978.91,609152.6722830285,12,1,0,CARD,WITHDRAWAL,IN,0.1576870530087965,0
129589.71130883793,635131.5822830285,13,0,0,CARD,TRANSFER,IN,0.12139978188484594,0
11075.36,764721.2935918665,14,1,0,CARD,WITHDRAWAL,IN,0.14327979375470962,1
35682.61,775796.6535918665,15,0,0,CARD,TRANSFER,IN,0.11148083324992861,0
34318.49350554466,811479.2635918665,16,0,0,CARD,TRANSFER,IN,0.12827915687486255,0
33775.31,845797.7570974111,17,0,0,CARD,TRANSFER,IN,0.13608785787287586,0
39836.85,879573.067097411,18,0,0,UPI,TRANSFER,IN,0.12676761110660756,0
99296.72074787754,919409.917097411,19,0,0,CARD,WITHDRAWAL,IN,0.12732918781040764,0
11916.17,1018706.6378452884,20,1,0,CARD,TRANSFER,IN,0.15625209429207748,0
12927.77,1030622.8078452884,21,0,0,CARD,WITHDRAWAL,SG,0.14083037918118718,1
38478.21,1043550.5778452886,22,0,0,CARD,WITHDRAWAL,IN,0.1267306737896991,1
16170.64,1082028.7878452886,23,1,0,CARD,DEPOSIT,IN,0.15015899689718676,0
33198.3,1098199.4278452883,24,1,0,CARD,DEPOSIT,IN,0.1741785869865109,1
34260.34,1036048.9132475292,24,1,0,UPI,TRANSFER,SG,0.20092962111202087,0
13808.09,1031779.7632475292,24,0,0,CARD,TRANSFER,IN,0.11161093498624214,0
49936.47,1045587.8532475292,25,0,0,UPI,WITHDRAWAL,IN,0.13665028855669198,0
18109.49,1065973.6432475292,25,0,0,CARD,TRANSFER,IN,0.12072547080054719,0
21826.45,907284.5776100088,25,0,0,CARD,TRANSFER,IN,0.12895106752743105,0
30010.47,874263.02556226,24,1,1,CARD,TRANSFER,IN,0.18960408710885637,0
2777.75,0.0,0,1,0,CARD,TRANSFER,IN,0.07100893430192284,0
4712.84,2777.75,1,1,0,NET_BANKING,TRANSFER,IN,0.07396203202032067,1
4672.69,7490.59,2,0,0,CARD,DEPOSIT,IN,0.032261748681457085,0
1134.04,12163.28,3,0,0,CARD,WITHDRAWAL,IN,0.030286190701006774,0
1208.56,13297.32,4,0,0,CARD,WITHDRAWAL,IN,0.03624175964830388,0
1000.86,14505.88,5,0,0,CARD,TRANSFER,IN,0.03019452886904235,0
4896.2,15506.74,6,0,0,CARD,DEPOSIT,IN,0.03429249834240426,0
3878.33,20402.94,7,0,0,NET_BANKING,TRANSFER,IN,0.039051083053459695,0
2307.78,24281.269999999997,8,0,0,CARD,TRANSFER,IN,0.03372452575771607,0
4201.06,26589.049999999996,9,0,0,CARD,TRANSFER,IN,0.04819715607011974,0
3223.09,30790.109999999997,10,0,1,CARD,WITHDRAWAL,IN,0.07559299805291775,0
4494.64,34013.2,11,0,1,CARD,DEPOSIT,IN,0.0667551944059826,0
4142.38,38507.84,12,1,1,CARD,DEPOSIT,IN,0.10740438217460709,0
2980.26,42650.219999999994,13,0,1,NET_BANKING,DEPOSIT,IN,0.07095621322015136,0
3408.11,45630.48,14,0,1,UPI,DEPOSIT,IN,0.07533174792764677,0
4622.92,49038.59,15,1,1,CARD,DEPOSIT,IN,0.1147078460024111,0
4654.55,53661.509999999995,16,0,0,CARD,TRANSFER,IN,0.06663089114608214,0
4995.37,58316.06,17,0,0,CARD,WITHDRAWAL,IN,0.06943708244746244,0
1852.57,63311.43,18,0,0,UPI,WITHDRAWAL,IN,0.0715932500490027,0
3436.46,65164.0,19,0,0,CARD,WITHDRAWAL,IN,0.0702801540681134,0
4499.57,68600.46,20,0,0,CARD,DEPOSIT,IN,0.0654511017457412,0
2815.13,73100.03,21,1,0,NET_BANKING,WITHDRAWAL,IN,0.10570939457514768,0
3965.16,75915.16,22,0,0,CARD,WITHDRAWAL,SG,0.09403582937219536,0
3527.06,79880.32,23,0,0,CARD,DEPOSIT,IN,0.07020888548403917,0
6972.72,0.0,0,1,0,CARD,TRANSFER,IN,0.07292485614501784,0
4081.67,6972.72,1,0,0,NET_BANKING,DEPOSIT,IN,0.04047219761861667,0
10566.36,11054.39,2,0,0,NET_BANKING,TRANSFER,IN,0.051319806020331135,0
9917.32,21620.75,3,0,0,UPI,DEPOSIT,IN,0.034142777190596205,0
13618.809424476834,31538.07,4,0,0,UPI,TRANSFER,IN,0.04768370221368112,0
6486.21,45156.87942447683,5,0,1,UPI,WITHDRAWAL,IN,0.05825062367783021,0
10602.73,51643.089424476835,6,1,1,UPI,DEPOSIT,IN,0.11711949435139532,1
8788.31,62245.81942447684,7,0,1,UPI,TRANSFER,IN,0.05149962444005892,0
19539.65398131617,71034.12942447684,8,0,1,UPI,TRANSFER,IN,0.0717576647337287,0
19362.578890208468,90573.783405793,9,0,1,NET_BANKING,DEPOSIT,IN,0.11855198088473226,0
6291.67,109936.36229600146,10,1,1,UPI,TRANSFER,IN,0.14566644981059587,0
2543.62,116228.03229600146,11,0,0,UPI,TRANSFER,IN,0.08970223603302194,0
12327.25942299861,118771.65229600146,12,0,0,CARD,DEPOSIT,IN,0.10013338836713882,0
7898.11,131098.91171900005,13,1,0,UPI,WITHDRAWAL,IN,0.1208209582915516,1
2607.76,138997.02171900004,14,0,0,UPI,TRANSFER,SG,0.10288793993763011,0
10784.05,141604.78171900005,15,0,0,UPI,WITHDRAWAL,IN,0.10366719135900228,0
5889.11,152388.83171900004,16,1,0,UPI,WITHDRAWAL,IN,0.14422917860670276,0
2503.86,0.0,0,1,0,UPI,DEPOSIT,IN,0.07584312513451699,0
1287.89,2503.86,1,1,0,CARD,DEPOSIT,IN,0.0733380657915784,0
3609.03,3791.75,2,0,0,UPI,DEPOSIT,IN,0.039366122229753296,0
5916.523470997487,7400.780000000001,3,0,0,CARD,WITHDRAWAL,IN,0.041182561354805816,0
3915.35,13317.303470997487,4,0,0,NET_BANKING,TRANSFER,IN,0.03786498367653305,0
1414.22,17232.653470997488,5,0,0,CARD,WITHDRAWAL,IN,0.03320683200328384,0
4601.5574387144625,18646.87347099749,6,1,0,NET_BANKING,TRANSFER,IN,0.08070391227591844,0
3157.4,23248.43090971195,7,0,1,CARD,DEPOSIT,US,0.05183718594005657,1
3602.6,26405.830909711953,8,0,1,CARD,TRANSFER,IN,0.051028806613988495,0
9494.659621090012,30008.43090971195,9,0,1,NET_BANKING,WITHDRAWAL,AE,0.07561101192542938,0
2443.44,39503.090530801965,10,0,1,CARD,WITHDRAWAL,US,0.07377753690245933,0
1126.81,41946.53053080197,11,0,0,NET_BANKING,WITHDRAWAL,IN,0.0508867599936277,0
1478.09,43073.340530801965,12,0,0,CARD,TRANSFER,IN,0.0464482409277438,0
4577.13,44551.43053080196,13,0,0,CARD,DEPOSIT,AE,0.05189829389698804,0
7840.404227187543,49128.56053080196,14,1,0,CARD,WITHDRAWAL,IN,0.0976544657862266,1
4881.02,56968.9647579895,15,0,0,CARD,TRANSFER,IN,0.056756103229335164,0
1991.53,61849.9847579895,16,0,0,CARD,WITHDRAWAL,IN,0.06786119885425307,0
5403.217137515898,63841.5147579895,17,0,0,UPI,WITHDRAWAL,IN,0.06210699982558794,0
1259.63,69244.73189550539,18,0,0,NET_BANKING,TRANSFER,AE,0.07265491031879903,0
6465.558763396221,70504.3618955054,19,0,0,CARD,WITHDRAWAL,IN,0.065700335638322,0
1977.59,76969.92065890162,20,0,0,UPI,TRANSFER,SG,0.09773035556012126,0
12003.306661591268,78947.51065890162,21,0,0,UPI,WITHDRAWAL,US,0.08706960107604282,1
9539.303041846351,88446.95732049289,21,1,0,CARD,TRANSFER,IN,0.13782090075623238,0
7992.17298976283,96698.37036233924,21,0,0,CARD,TRANSFER,IN,0.10029983083167893,0
1581.87,101081.51335210205,21,0,0,CARD,TRANSFER,IN,0.10501507298105131,0
3990.49,91417.28988110456,19,0,0,CARD,DEPOSIT,IN,0.10545225154389412,0
16785.12069993193,95407.77988110456,20,0,0,NET_BANKING,DEPOSIT,IN,0.11684289550410512,0
4703.83,112192.90058103648,21,0,0,CARD,DEPOSIT,IN,0.09857965449576345,0
1674.04,112295.17314232203,21,0,0,CARD,TRANSFER,IN,0.09605062390332232,0
1022.23,0.0,0,1,0,CARD,WITHDRAWAL,SG,0.10299897569095819,0
4722.92,1022.23,1,1,0,CARD,TRANSFER,IN,0.07055296182170284,0
4854.7,5745.15,2,1,0,NET_BANKING,TRANSFER,IN,0.08161956323745467,0
9310.530954429569,10599.85,3,0,0,CARD,TRANSFER,IN,0.033247607531842756,0
2704.63,19910.380954429565,4,0,1,CARD,TRANSFER,IN,0.05130531832690794,0
1166.38,22615.010954429566,5,0,1,CARD,TRANSFER,SG,0.08137400597895388,0
11218.771313396464,23781.390954429568,6,0,1,CARD,DEPOSIT,IN,0.0764867863277583,0
3434.93,35000.16226782603,7,1,1,CARD,WITHDRAWAL,IN,0.10171430522731868,0
3579.71,38435.09226782603,8,1,1,CARD,TRANSFER,IN,0.10127988517340315,0
3835.47,42014.80226782603,9,1,1,CARD,WITHDRAWAL,IN,0.11323408152741918,0
4439.96,45850.27226782603,10,0,0,CARD,TRANSFER,IN,0.047835117188699566,0
1383.94,50290.23226782603,11,0,0,CARD,WITHDRAWAL,IN,0.052149235190162097,0
2689.64,51674.172267826034,12,0,0,CARD,WITHDRAWAL,IN,0.05642969394707972,0
1278.91,54363.81226782603,13,0,0,NET_BANKING,DEPOSIT,IN,0.04632045822290795,0
3027.88,55642.72226782604,14,1,0,CARD,TRANSFER,SG,0.11462433593684858,0
35959.24,0.0,0,1,0,CARD,WITHDRAWAL,US,0.10444282313976676,0
37709.56,35959.24,1,0,0,UPI,DEPOSIT,IN,0.0731407289597849,0
49667.74,73668.79999999999,2,1,0,CARD,WITHDRAWAL,IN,0.11134869917573548,0
48995.99281052664,123336.53999999998,3,0,0,CARD,DEPOSIT,US,0.10480798292140552,0
46974.92,172332.5328105266,4,1,0,CARD,WITHDRAWAL,AE,0.14479717473042014,0
49617.97,219307.4528105266,5,0,1,CARD,WITHDRAWAL,IN,0.1219087336186858,1
19646.51,268925.42281052656,6,0,1,CARD,WITHDRAWAL,IN,0.10930412409401655,0
54856.45413014516,288571.9328105266,7,0,1,CARD,WITHDRAWAL,IN,0.11694521840458931,0
12424.21,343428.3869406717,8,0,1,CARD,DEPOSIT,IN,0.09911128023189526,0
32644.99,355852.59694067173,9,1,0,CARD,WITHDRAWAL,IN,0.1515883413630975,0
40434.98692900482,388497.5869406717,10,1,0,CARD,WITHDRAWAL,AE,0.15064265977166272,0
32736.8,428932.57386967656,11,0,0,CARD,TRANSFER,IN,0.11243797307148089,0
23489.97,461669.37386967655,12,0,0,CARD,WITHDRAWAL,IN,0.11158649370503,0
30397.19,485159.3438696766,13,0,0,CARD,TRANSFER,IN,0.1200860861912563,1
23177.4,515556.5338696766,14,0,0,CARD,DEPOSIT,IN,0.11973361769730724,0
33363.73,538733.9338696765,15,0,0,CARD,TRANSFER,IN,0.1138826923906675,0
5245.3,0.0,0,1,0,CARD,DEPOSIT,IN,0.07783223411472398,0
7491.32,5245.3,1,0,0,CARD,DEPOSIT,IN,0.040589251021216466,0
16628.73,12736.62,2,0,0,CARD,TRANSFER,IN,0.0530307893637059,0
8131.02,29365.35,3,0,0,CARD,WITHDRAWAL,SG,0.05602444885735734,0
6665.4,37496.369999999995,4,0,0,CARD,TRANSFER,IN,0.03501064905329297,0
10595.62,44161.77,5,1,1,NET_BANKING,WITHDRAWAL,IN,0.112963294702394,0
18566.5,54757.39,6,0,1,CARD,DEPOSIT,IN,0.07680360715508763,0
13424.99,73323.89,7,0,1,NET_BANKING,DEPOSIT,IN,0.06636853936145867,0
6163.32,86748.88,8,0,1,UPI,WITHDRAWAL,IN,0.08881801851685484,0
7959.26,92912.2,9,0,0,UPI,DEPOSIT,SG,0.1113317616051859,0
7571.96,100871.46,10,0,0,NET_BANKING,WITHDRAWAL,IN,0.08895470176406434,0
6264.08,108443.42,11,0,0,CARD,WITHDRAWAL,IN,0.08830286934889894,0
21580.22,114707.5,12,1,0,CARD,WITHDRAWAL,IN,0.15039751210799454,0
9401.64,136287.72000000003,13,0,0,CARD,TRANSFER,IN,0.08170554856035767,0
8941.78,145689.36000000004,14,0,0,CARD,TRANSFER,IN,0.08003987541458915,0
23279.51,154631.14000000004,15,0,0,CARD,WITHDRAWAL,IN,0.11893094458255891,0
13933.4,177910.65000000005,16,0,0,UPI,TRANSFER,IN,0.11500613097810836,0
15845.0,191844.05000000005,17,1,0,CARD,WITHDRAWAL,IN,0.15155948387182522,0
20320.62,207689.05000000005,18,0,0,CARD,TRANSFER,AE,0.12750299017350136,0
9683.98,228009.67000000004,19,0,0,CARD,DEPOSIT,IN,0.10105368891313116,0
18479.11,237693.65000000005,20,0,0,CARD,WITHDRAWAL,IN,0.11748270530947864,0
18164.9,250927.46,20,0,0,CARD,DEPOSIT,IN,0.11633244475169667,0
18786.15,261601.04,20,0,0,CARD,DEPOSIT,IN,0.11830512327379035,1
16807.92,280387.19,21,0,0,CARD,TRANSFER,IN,0.11066208306438487,0
14942.97,297195.11,22,0,0,CARD,WITHDRAWAL,IN,0.12038931463253763,0
12387.58,312138.07999999996,23,0,0,CARD,DEPOSIT,IN,0.1144768231602687,1
5981.83,324525.66,24,1,0,CARD,DEPOSIT,US,0.1451354979011294,0
17942.95,330507.49,25,0,0,NET_BANKING,TRANSFER,IN,0.1184519285484765,1
11188.69,323690.69,24,0,0,CARD,DEPOSIT,IN,0.11551062375535806,0
8679.47,328213.98,24,1,0,CARD,WITHDRAWAL,IN,0.14024401639532763,0
8487.79,336893.44999999995,25,0,0,CARD,TRANSFER,IN,0.09923459295809946,0
17494.93,334785.61999999994,25,0,1,UPI,DEPOSIT,IN,0.1418962538879149,0
11500.65,333714.04999999993,25,0,1,CARD,DEPOSIT,AE,0.14093163576773254,0
21340.95,345214.69999999995,26,0,1,UPI,WITHDRAWAL,IN,0.15630161964387623,0
16718.6,0.0,0,1,0,NET_BANKING,WITHDRAWAL,US,0.09531185449973473,0
12402.81,16718.6,1,1,0,NET_BANKING,WITHDRAWAL,US,0.086676464301251,0
24202.5,29121.409999999996,2,0,0,NET_BANKING,DEPOSIT,IN,0.06631288075344816,0
8995.49,53323.91,3,1,0,NET_BANKING,TRANSFER,SG,0.09596648635525366,0
16461.26,62319.399999999994,4,0,0,NET_BANKING,WITHDRAWAL,IN,0.050668985025580746,0
16242.71,78780.65999999999,5,0,0,NET_BANKING,TRANSFER,IN,0.049048653833548526,0
15784.36,95023.37,6,0,1,NET_BANKING,TRANSFER,IN,0.0981196872444738,1
19035.42,110807.73,7,0,1,NET_BANKING,WITHDRAWAL,IN,0.10134004222922231,0
12305.9,129843.15,8,0,1,NET_BANKING,TRANSFER,IN,0.10220837925037198,0
10423.85,142149.05,9,1,1,NET_BANKING,TRANSFER,IN,0.15524593423252203,0
15343.98,152572.9,10,0,1,NET_BANKING,WITHDRAWAL,IN,0.12257632781290115,0
21400.43,167916.88,11,1,0,NET_BANKING,DEPOSIT,IN,0.1541780324729511,1
22826.12,189317.31,12,0,0,NET_BANKING,TRANSFER,IN,0.1101248516708984,0
22853.78,212143.43,13,0,0,NET_BANKING,TRANSFER,IN,0.11590161288680598,0
21540.04,234997.21,14,1,0,NET_BANKING,WITHDRAWAL,IN,0.15293587491068172,0
15497.78,256537.25,15,0,0,NET_BANKING,DEPOSIT,IN,0.10592108842293815,0
14774.67,272035.03,16,0,0,NET_BANKING,TRANSFER,AE,0.1109395807015563,0
22186.36,286809.7,17,0,0,NET_BANKING,TRANSFER,IN,0.12851128210838886,1
18490.0,308996.06,18,0,0,NET_BANKING,WITHDRAWAL,IN,0.11494047777134517,0
14004.21,327486.06,19,1,0,UPI,TRANSFER,IN,0.1538731286934784,1
17352.36,341490.27,20,0,0,CARD,DEPOSIT,IN,0.11483975116696016,1
22247.16,358842.63,21,0,0,NET_BANKING,WITHDRAWAL,IN,0.12766860925513146,0
5372.9,381089.79,22,0,0,NET_BANKING,TRANSFER,IN,0.09818680910462406,0
21119.75,386462.69,23,0,0,NET_BANKING,TRANSFER,IN,0.13744043977625311,0
10601.01,390863.84,23,0,0,NET_BANKING,DEPOSIT,IN,0.11900071921976074,0
12273.53,389062.04,23,0,0,NET_BANKING,WITHDRAWAL,IN,0.11343328387562711,0
22948.49,401335.57000000007,24,0,0,UPI,DEPOSIT,IN,0.1330188220688209,0
24767.31,400081.56000000006,24,0,0,NET_BANKING,TRANSFER,IN,0.1311665796463216,1
23296.36,424848.87000000005,25,0,0,NET_BANKING,DEPOSIT,IN,0.13709664774342037,0
22251.76,448145.23,26,0,0,NET_BANKING,WITHDRAWAL,IN,0.13376917360481094,0
4285.72,0.0,0,1,0,NET_BANKING,WITHDRAWAL,IN,0.07916479103301108,0
4231.78,4285.72,1,0,0,NET_BANKING,TRANSFER,IN,0.030486676160745844,0
3400.47,8517.5,2,1,0,NET_BANKING,TRANSFER,IN,0.07753948823701218,0
3870.16,11917.97,3,1,0,NET_BANKING,TRANSFER,IN,0.08041325769000457,0
4207.77,15788.13,4,1,0,NET_BANKING,TRANSFER,IN,0.07008227392849553,0
4016.4,19995.9,5,1,0,NET_BANKING,DEPOSIT,IN,0.07472892547154494,0
1183.22,24012.300000000003,6,1,0,UPI,WITHDRAWAL,IN,0.07620075992229573,0
4946.99,25195.520000000004,7,0,1,NET_BANKING,WITHDRAWAL,IN,0.059364596057571564,0
4518.17,30142.51,8,0,1,NET_BANKING,TRANSFER,IN,0.05731533737291669,0
2120.42,34660.68,9,0,1,NET_BANKING,DEPOSIT,IN,0.07160407410732904,0
1315.86,36781.1,10,0,1,NET_BANKING,WITHDRAWAL,IN,0.06822664173912701,0
2935.76,38096.96,11,1,0,NET_BANKING,WITHDRAWAL,AE,0.0903457572552756,0
2326.06,41032.72,12,0,0,NET_BANKING,TRANSFER,IN,0.05563765699680295,0
1642.62,43358.78,13,1,0,NET_BANKING,WITHDRAWAL,IN,0.08904019945121455,0
4303.15,45001.4,14,0,0,NET_BANKING,DEPOSIT,IN,0.05537854910197253,0
4888.26,49304.55,15,0,0,UPI,WITHDRAWAL,IN,0.052915404268633594,0
2173.41,54192.810000000005,16,0,0,NET_BANKING,DEPOSIT,IN,0.06286526238687687,0
4955.11,56366.22,17,0,0,NET_BANKING,DEPOSIT,IN,0.07296802191689852,0
1204.16,61321.33,18,0,0,NET_BANKING,WITHDRAWAL,SG,0.09566557295924814,0
2554.75,62525.490000000005,19,1,0,NET_BANKING,TRANSFER,IN,0.10620688740034398,0
3606.96,65080.240000000005,20,0,0,NET_BANKING,WITHDRAWAL,US,0.06428740429150885,0
2569.47,68687.20000000001,21,0,0,NET_BANKING,WITHDRAWAL,IN,0.06925359981857424,0
1130.38,62739.170000000006,20,0,0,UPI,TRANSFER,IN,0.06725251946299976,0
2782.98,56598.92000000001,19,0,0,UPI,WITHDRAWAL,IN,0.07050179990886385,1
2376.72,59381.900000000016,20,0,0,NET_BANKING,WITHDRAWAL,IN,0.06548450340281772,1
16393.84,0.0,0,1,0,CARD,DEPOSIT,IN,0.08683040081175769,0
28809.49,16393.84,1,0,0,CARD,WITHDRAWAL,IN,0.0730075596885158,0
28463.58,45203.33,2,0,0,NET_BANKING,WITHDRAWAL,IN,0.0648303070142435,0
38084.27,73666.91,3,0,0,CARD,DEPOSIT,AE,0.0716763815346389,0
44762.58,111751.18,4,0,0,CARD,TRANSFER,IN,0.09893459894074558,0
10668.11,156513.76,5,1,0,CARD,DEPOSIT,IN,0.128985435736181,0
45217.61,167181.87,6,0,0,CARD,WITHDRAWAL,IN,0.09565166548926851,0
14278.73,212399.48,7,0,1,CARD,DEPOSIT,IN,0.10706508808481435,0
44518.99,226678.21,8,1,1,CARD,DEPOSIT,IN,0.15539879507807478,0
25266.02,271197.2,9,0,1,CARD,WITHDRAWAL,IN,0.14062185584781334,0
45614.98,296463.22000000003,10,1,1,CARD,WITHDRAWAL,IN,0.17778729758016626,0
33488.51,342078.2,11,0,0,NET_BANKING,WITHDRAWAL,IN,0.11904678243374558,0
47224.5,375566.71,12,0,0,CARD,TRANSFER,IN,0.11191964786119635,0
26386.41,422791.21,13,0,0,CARD,TRANSFER,IN,0.12076505175261851,1
27825.5,449177.62,14,1,0,CARD,TRANSFER,IN,0.15237916037556432,0
33427.55,477003.12,15,0,0,UPI,DEPOSIT,IN,0.1168494178316466,1
49151.67,510430.67,16,0,0,CARD,WITHDRAWAL,IN,0.12715172287384613,0
11485.9,559582.34,17,0,0,CARD,DEPOSIT,IN,0.11465030092416367,0
42435.83,571068.24,18,0,0,CARD,DEPOSIT,IN,0.13486116686381464,0
16534.65,613504.07,19,1,0,CARD,WITHDRAWAL,AE,0.15984708138952453,0
18693.6,630038.72,20,0,0,CARD,DEPOSIT,IN,0.1164473547887196,0
13992.63,648732.32,21,1,0,CARD,TRANSFER,IN,0.15374684427039198,0
23308.76,617521.6199999999,20,0,0,CARD,DEPOSIT,IN,0.13333768048662129,0
21594.57,640830.3799999999,21,0,0,CARD,DEPOSIT,IN,0.13716961268590816,0
35005.33,595877.1,20,0,0,CARD,TRANSFER,IN,0.13069287774519514,0
43009.84,575451.74,19,0,0,CARD,DEPOSIT,IN,0.1303460509461454,0
42278.07,573243.97,19,0,1,CARD,WITHDRAWAL,IN,0.15275675128887428,0
14141.76,556724.3200000001,18,0,1,CARD,TRANSFER,IN,0.13474792835457244,0
7544.95,0.0,0,1,0,CARD,WITHDRAWAL,IN,0.07248618751137331,0
5981.56,7544.95,1,0,0,NET_BANKING,WITHDRAWAL,IN,0.037061270809867,0
16432.564091278986,13526.51,2,0,0,UPI,TRANSFER,IN,0.04824121646767514,0
11665.78,29959.074091278984,3,0,0,NET_BANKING,TRANSFER,IN,0.04702196847991829,0
8232.9,41624.85409127898,4,0,0,UPI,WITHDRAWAL,IN,0.03162227609819285,0
10539.19,49857.754091278985,5,0,0,NET_BANKING,DEPOSIT,IN,0.04681240243351806,0
2509.67,60396.94409127899,6,0,0,UPI,WITHDRAWAL,IN,0.036009680400798064,0
4022.1,62906.614091278985,7,0,1,UPI,TRANSFER,IN,0.055919436955384816,1
19923.163592597502,66928.71409127899,8,1,1,UPI,DEPOSIT,US,0.11605918278592815,0
10287.3,86851.87768387649,9,1,1,UPI,WITHDRAWAL,IN,0.1610181733768617,0
11063.11,97139.17768387648,10,0,0,CARD,DEPOSIT,US,0.10510616536883813,0
12102.95,108202.2876838765,11,0,0,UPI,WITHDRAWAL,IN,0.09831338221224824,0
5828.39,120305.23768387648,12,0,0,CARD,TRANSFER,SG,0.10299926239503494,0
9080.8,126133.62768387648,13,0,0,UPI,WITHDRAWAL,IN,0.07843219831516293,0
5804.62,135214.42768387648,14,0,0,UPI,TRANSFER,IN,0.08655489042330006,0
11956.1,141019.04768387647,15,1,0,UPI,DEPOSIT,IN,0.14453351924675653,0
7293.27,152975.14768387648,16,0,0,UPI,DEPOSIT,IN,0.09747051187448115,0
37316.89498566423,160268.41768387647,17,0,0,UPI,WITHDRAWAL,IN,0.13754488214614619,0
6722.49,197585.3126695407,18,1,0,CARD,WITHDRAWAL,IN,0.13791620961510645,1
9434.8,204307.8026695407,19,0,0,NET_BANKING,DEPOSIT,US,0.10184488045685697,0
11876.29,213742.60266954068,20,0,0,UPI,TRANSFER,IN,0.11169483951522108,1
4101.83,225618.89266954068,21,0,0,UPI,WITHDRAWAL,IN,0.10239182724052695,0
5598.57,229720.72266954067,22,0,0,NET_BANKING,WITHDRAWAL,IN,0.1006871188687219,0
4604.33,235319.29266954068,23,0,0,NET_BANKING,WITHDRAWAL,IN,0.10050672107232808,0
10735.93,226397.1126695407,22,0,0,UPI,WITHDRAWAL,IN,0.11995834589958516,1
12127.55,220700.4785782617,22,0,0,UPI,DEPOSIT,IN,0.1149514664872513,0
23984.955739780795,202390.1585782617,20,1,0,UPI,TRANSFER,IN,0.16647083456726108,0
41060.62948182231,226375.1143180425,21,0,0,UPI,WITHDRAWAL,SG,0.15678037931570166,1
7593.29,267435.7437998648,22,0,0,UPI,WITHDRAWAL,IN,0.10292326018401883,0
8498.85,275029.03379986476,23,1,0,UPI,DEPOSIT,IN,0.14369484357842052,1
7173.1,281018.21379986475,23,0,0,UPI,TRANSFER,IN,0.10475821751678942,0
34036.86,0.0,0,1,0,UPI,TRANSFER,SG,0.12898718950399646,0
37013.28,34036.86,1,0,0,NET_BANKING,DEPOSIT,IN,0.06335163470996777,0
46697.56,71050.14,2,0,0,CARD,WITHDRAWAL,IN,0.07141588677130699,0
44337.33,117747.7,3,0,0,CARD,DEPOSIT,SG,0.12376716542222554,0
20733.61,162085.03,4,0,0,CARD,TRANSFER,IN,0.10447028526830852,0
36794.03,182818.64,5,0,0,CARD,WITHDRAWAL,IN,0.10578681818599775,0
27573.48,219612.67,6,0,0,CARD,WITHDRAWAL,US,0.09828693910271928,0
41387.22,247186.15,7,0,1,CARD,WITHDRAWAL,IN,0.11565513965090843,0
37215.39,288573.37,8,1,1,CARD,WITHDRAWAL,IN,0.16209569796966078,1
12317.42,325788.76,9,0,1,CARD,DEPOSIT,IN,0.12474539821556455,0
18615.08,338106.18,10,0,1,CARD,TRANSFER,IN,0.11476598693637477,0
11188.5,356721.26,11,1,1,CARD,DEPOSIT,IN,0.15468979832439644,0
45832.32,367909.76,12,1,0,CARD,WITHDRAWAL,IN,0.160848423719882,0
42606.88,413742.08,13,1,0,CARD,WITHDRAWAL,IN,0.1610054012602046,0
18251.04,456348.96,14,0,0,CARD,WITHDRAWAL,IN,0.10172563519762778,1
25523.93,474600.0,15,0,0,CARD,WITHDRAWAL,IN,0.1164615102296757,0
38711.38,500123.93,16,1,0,CARD,TRANSFER,IN,0.1694468292709994,0
38126.52,538835.3099999999,17,0,0,CARD,WITHDRAWAL,IN,0.12645721312106242,0
24757.04,576961.83,18,0,0,CARD,TRANSFER,IN,0.13728325277729025,0
40433.83,601718.87,19,0,0,CARD,WITHDRAWAL,IN,0.12888162013331855,0
21812.39,642152.7,20,1,0,CARD,TRANSFER,SG,0.19369818987509002,1
18846.22,663965.09,21,0,0,UPI,TRANSFER,IN,0.11408985479660103,0
33068.04,682811.3099999999,22,0,0,CARD,DEPOSIT,SG,0.1580128844777058,0
14265.26,0.0,0,1,0,UPI,TRANSFER,IN,0.08756741998972103,0
19632.09,14265.26,1,1,0,CARD,TRANSFER,IN,0.09070505437625531,0
13368.82,33897.35,2,1,0,CARD,DEPOSIT,IN,0.09739988838636034,0
11855.85,47266.17,3,0,0,CARD,WITHDRAWAL,IN,0.04883107524112358,0
18681.45,59122.02,4,0,0,CARD,WITHDRAWAL,IN,0.056199801715516196,0
43095.67,77803.47,5,1,1,CARD,DEPOSIT,IN,0.13257931068325807,0
11779.55,120899.14,6,0,1,CARD,WITHDRAWAL,IN,0.10920457803694611,0
13696.64,132678.69,7,0,1,CARD,WITHDRAWAL,IN,0.09987256130649881,0
27819.47,146375.33000000002,8,0,1,CARD,DEPOSIT,SG,0.14545180030176982,0
39817.07,174194.80000000002,9,0,1,CARD,TRANSFER,IN,0.13362624456842667,0
13976.99,214011.87,10,0,0,CARD,WITHDRAWAL,IN,0.09591079918982666,0
18466.55,227988.86,11,0,0,CARD,TRANSFER,IN,0.10242759576840273,0
49482.28,246455.41,12,0,0,CARD,WITHDRAWAL,IN,0.11260745736239972,0
45719.37,295937.69,13,0,0,CARD,WITHDRAWAL,IN,0.11647602282225429,0
21856.32,341657.06,14,0,0,UPI,DEPOSIT,IN,0.1174445327878437,0
48069.48,363513.38,15,1,0,CARD,TRANSFER,IN,0.15735228455316813,0
44473.63,411582.86,16,0,0,CARD,DEPOSIT,IN,0.1327065059360887,0
16068.17,456056.49,17,1,0,CARD,DEPOSIT,IN,0.16105971920812173,0
14873.76,472124.66,18,0,0,CARD,WITHDRAWAL,IN,0.11713534945397439,0
11888.1,486998.42,19,0,0,CARD,TRANSFER,IN,0.11768025516296919,1
31580.6,484621.2599999999,19,1,0,NET_BANKING,TRANSFER,IN,0.16712689062967484,0
37572.86,496569.77,19,0,0,CARD,TRANSFER,IN,0.1355001608885601,0
34628.7,520773.80999999994,19,0,0,CARD,DEPOSIT,US,0.13047370414463585,0
27054.5,555402.5099999999,20,0,0,UPI,DEPOSIT,SG,0.1587050186339514,0
37807.25,570601.1599999999,20,0,0,CARD,DEPOSIT,SG,0.15429034454137666,0
46367.43,589726.9599999998,20,0,0,CARD,DEPOSIT,IN,0.126749208912926,0
37311.77,592998.7200000001,20,1,1,CARD,WITHDRAWAL,IN,0.18880277301892814,1
24915.33,577014.83,18,1,1,CARD,WITHDRAWAL,SG,0.21904623262567155,0
31843.87,601930.1599999999,19,1,1,UPI,DEPOSIT,IN,0.1946673509421113,0
44605.66,593956.96,19,1,0,CARD,TRANSFER,IN,0.17717689953452626,1
35273.4,556636.8,17,0,0,CARD,DEPOSIT,SG,0.15348214606509364,0
19015.41,591910.2000000001,18,1,0,CARD,DEPOSIT,SG,0.17949998960622984,1
42901.15,565206.2400000001,18,1,0,CARD,DEPOSIT,AE,0.17152699016775938,0
4900.24,0.0,0,1,0,CARD,DEPOSIT,IN,0.08079439500310781,0
2034.09,4900.24,1,1,0,UPI,TRANSFER,IN,0.07798691811243086,0
3477.67,6934.33,2,1,0,CARD,DEPOSIT,IN,0.0758653175299516,0
4595.33,10412.0,3,0,0,CARD,DEPOSIT,IN,0.030777378009431876,0
1141.01,15007.33,4,0,0,CARD,TRANSFER,IN,0.034928233282760277,0
1155.04,16148.34,5,0,0,CARD,DEPOSIT,AE,0.03616757422827099,0
1700.18,17303.38,6,1,0,CARD,WITHDRAWAL,IN,0.07710589586178684,0
3298.98,19003.56,7,0,0,UPI,DEPOSIT,IN,0.04044793203830979,0
3494.13,22302.54,8,1,1,CARD,TRANSFER,IN,0.0916411217611954,0
2318.05,25796.67,9,0,1,CARD,WITHDRAWAL,IN,0.0750150645732095,0
1069.58,28114.72,10,0,1,CARD,TRANSFER,AE,0.07664948858172055,0
1464.02,29184.300000000003,11,0,1,CARD,WITHDRAWAL,IN,0.06609262631200111,0
3807.38,30648.320000000003,12,0,0,NET_BANKING,DEPOSIT,IN,0.04753017830312187,0
3187.73,34455.700000000004,13,0,0,CARD,WITHDRAWAL,IN,0.051903790164613314,0
2774.09,37643.43000000001,14,0,0,CARD,DEPOSIT,IN,0.05357263729082699,0
2130.16,40417.52,15,0,0,CARD,TRANSFER,IN,0.050093965386687575,0
8828.752977360251,42547.68000000001,16,0,0,CARD,DEPOSIT,IN,0.06299569726779938,0
4260.64,51376.43297736026,17,0,0,CARD,DEPOSIT,IN,0.06213056384204029,0
3437.39,55637.07297736026,18,0,0,CARD,DEPOSIT,IN,0.07399426470044992,1
2478.56,59074.46297736026,19,1,0,CARD,DEPOSIT,IN,0.10857278033743367,0
3336.67475551233,61553.022977360255,20,0,0,CARD,WITHDRAWAL,IN,0.0736088455982789,0
1617.37,59989.45773287258,20,1,0,CARD,DEPOSIT,IN,0.11031657868491156,0
3898.46,61606.82773287258,21,0,0,CARD,WITHDRAWAL,IN,0.06706497475095081,0
1598.6,0.0,0,1,0,CARD,DEPOSIT,IN,0.07910908728124064,0
4103.55,1598.6,1,0,0,CARD,WITHDRAWAL,IN,0.03475529635522826,0
2741.87,5702.15,2,1,0,CARD,DEPOSIT,IN,0.08077060926953095,0
3528.55,8444.02,3,1,0,UPI,TRANSFER,IN,0.07358222197009151,0
4112.91,11972.57,4,1,0,CARD,DEPOSIT,IN,0.07066019371563548,0
4504.16,16085.48,5,0,0,CARD,WITHDRAWAL,IN,0.03557192912612154,0
2549.48,20589.64,6,0,1,CARD,TRANSFER,IN,0.05544524377428052,0
2303.67,23139.12,7,0,1,NET_BANKING,DEPOSIT,IN,0.0583181008618115,0
2585.53,25442.79,8,0,1,CARD,TRANSFER,SG,0.07847212608449902,0
1440.84,28028.32,9,0,0,UPI,TRANSFER,US,0.04675097371319409,0
3819.27,29469.16,10,0,0,CARD,DEPOSIT,IN,0.05433375411109982,1
2882.58,33288.43,11,0,0,CARD,DEPOSIT,IN,0.0464032304026232,0
3780.68,36171.01,12,1,0,CARD,DEPOSIT,IN,0.09728174967992495,0
1997.43,39951.69,13,0,0,CARD,DEPOSIT,IN,0.0532256399865773,0
2599.25,41949.12,14,0,0,CARD,WITHDRAWAL,IN,0.05162178443375294,0
1357.99,44548.37,15,0,0,CARD,WITHDRAWAL,IN,0.04615145139202061,0
4789.73,45906.36,16,0,0,CARD,TRANSFER,IN,0.07003703869901232,0
1585.78,50696.09,17,0,0,UPI,DEPOSIT,SG,0.09002823169838296,0
6730.62,0.0,0,1,0,UPI,WITHDRAWAL,IN,0.0702486717553032,0
4721.49,6730.62,1,1,0,UPI,WITHDRAWAL,IN,0.07509579594768374,0
2948.15,11452.11,2,0,0,UPI,TRANSFER,IN,0.038908273664107665,0
8389.17,14400.26,3,0,0,UPI,TRANSFER,IN,0.04159614678500718,0
4077.01,22789.43,4,0,0,UPI,TRANSFER,SG,0.06420567971995982,0
11456.54,26866.44,5,0,0,UPI,DEPOSIT,IN,0.05583689355323039,0
11778.7,38322.98,6,0,1,UPI,TRANSFER,IN,0.06655088060508596,0
3491.89,50101.68000000001,7,0,1,CARD,TRANSFER,IN,0.05081460712535806,0
11893.15,53593.57000000001,8,0,1,UPI,WITHDRAWAL,IN,0.0668461971750709,0
11042.33,65486.72000000001,9,0,1,UPI,DEPOSIT,IN,0.08529732739010354,0
8370.23,76529.05,10,0,0,UPI,DEPOSIT,IN,0.05222315073404367,0
8576.9,84899.28,11,0,0,UPI,TRANSFER,US,0.08087904576517768,0
7370.76,93476.18,12,1,0,UPI,DEPOSIT,IN,0.1283366560996517,0
7656.74,100846.94,13,0,0,UPI,DEPOSIT,IN,0.08808440278619423,0
9838.78,108503.68,14,0,0,UPI,WITHDRAWAL,IN,0.08832586603202186,0
3497.21,118342.46,15,0,0,UPI,WITHDRAWAL,IN,0.08560152224968808,0
6126.18,121839.67,16,0,0,UPI,TRANSFER,IN,0.09472317539450638,0
10925.6,127965.85,17,0,0,UPI,TRANSFER,IN,0.11075365536720484,0
6200.17,138891.45,18,0,0,UPI,DEPOSIT,SG,0.12828212251363452,0
7929.92,145091.62000000002,19,1,0,UPI,TRANSFER,IN,0.1362367329951837,0
9557.91,153021.54000000004,20,0,0,UPI,WITHDRAWAL,IN,0.10288354293789316,0
5626.12,162579.45000000004,21,0,0,UPI,TRANSFER,IN,0.10132716749683597,0
3844.77,156753.46000000005,20,0,0,UPI,WITHDRAWAL,IN,0.10178083641398646,0
3115.23,149260.91,19,0,0,UPI,DEPOSIT,AE,0.0999549031032929,1
5917.57,152376.14,20,0,0,UPI,TRANSFER,IN,0.10525508153695404,0
10764.16,154216.7,20,0,0,UPI,DEPOSIT,SG,0.14521912923685226,0
2500.26,153524.32000000004,20,0,0,NET_BANKING,WITHDRAWAL,IN,0.09559600732795437,0
3448.54,144245.88000000003,20,0,1,UPI,TRANSFER,IN,0.11955080799396503,0
2587.55,144202.53000000003,20,0,1,UPI,TRANSFER,IN,0.11986590626260375,1
5506.85,146790.08000000002,21,0,1,UPI,WITHDRAWAL,IN,0.11546878904923784,0
5402.78,152296.93000000002,22,0,1,UPI,DEPOSIT,IN,0.12365403599532215,0
2735.34,145806.55999999997,22,1,1,NET_BANKING,DEPOSIT,IN,0.15870207639857187,0
3456.09,137499.57,22,1,1,UPI,DEPOSIT,IN,0.15791251590129127,0
11375.7,140955.66,23,0,0,UPI,TRANSFER,IN,0.11777335130577034,0
7775.01,143961.13,23,0,0,UPI,TRANSFER,IN,0.0962989311538655,0
6653.24,143159.24,23,0,0,UPI,WITHDRAWAL,IN,0.0956543060233145,0
9893.67,0.0,0,1,0,CARD,TRANSFER,IN,0.07705709450909431,1
18893.38,9893.67,1,1,0,UPI,WITHDRAWAL,IN,0.08714081015483308,0
16213.97,28787.050000000003,2,1,0,CARD,WITHDRAWAL,IN,0.09559240145534185,0
14082.7,45001.02,3,0,0,CARD,DEPOSIT,IN,0.05295978923105146,0
19528.68,59083.72,4,1,0,CARD,DEPOSIT,IN,0.09389317133322185,0
8422.27,78612.4,5,0,0,NET_BANKING,WITHDRAWAL,IN,0.03879074417702871,1
15520.7,87034.67,6,0,0,CARD,WITHDRAWAL,IN,0.08887771756958901,0
5881.63,102555.37,7,0,1,CARD,TRANSFER,SG,0.1165728720486346,0
24004.89,108437.0,8,0,1,NET_BANKING,TRANSFER,US,0.12154943080270238,0
12628.12,132441.89,9,0,1,CARD,DEPOSIT,IN,0.12081404710799104,0
22933.0,145070.01,10,0,0,CARD,DEPOSIT,IN,0.11057265964371302,0
13335.02,168003.01,11,0,0,NET_BANKING,DEPOSIT,IN,0.10592819140156143,0
17747.6,181338.03,12,0,0,CARD,TRANSFER,IN,0.10201467776556802,0
24443.31,199085.63,13,1,0,CARD,TRANSFER,IN,0.16026149342568846,0
23329.11,223528.94,14,0,0,CARD,TRANSFER,IN,0.12089557341264616,0
5729.23,0.0,0,1,0,UPI,WITHDRAWAL,IN,0.07190645566825178,1
6421.32,5729.23,1,0,0,NET_BANKING,TRANSFER,IN,0.04142102395778882,0
6967.88,12150.55,2,0,0,NET_BANKING,DEPOSIT,IN,0.03365342848703138,0
11579.95,19118.43,3,0,0,UPI,DEPOSIT,IN,0.04764842926179483,0
12082.45,30698.38,4,1,0,NET_BANKING,WITHDRAWAL,IN,0.08972352972379055,0
11999.06,42780.83,5,0,0,UPI,TRANSFER,SG,0.07481549671130819,0
3620.57,54779.89,6,1,0,UPI,WITHDRAWAL,IN,0.07034553944578312,0
7111.67,58400.46,7,1,0,UPI,WITHDRAWAL,IN,0.07977606468454185,0
5306.42,65512.13,8,0,1,UPI,DEPOSIT,IN,0.058340234495308896,0
6193.04,70818.55,9,0,1,UPI,WITHDRAWAL,IN,0.06750873665820295,0
8881.77,77011.59,10,0,1,UPI,WITHDRAWAL,SG,0.0971051758088415,0
4270.01,85893.36,11,0,1,UPI,TRANSFER,IN,0.10267210081629514,0
5045.0,90163.37,12,0,1,CARD,WITHDRAWAL,IN,0.10970663063922848,1
9323.25,95208.37,13,0,0,UPI,WITHDRAWAL,IN,0.08899469157910932,0
5016.53,104531.62,14,1,0,UPI,TRANSFER,IN,0.1183526946985681,1
12489.48,109548.15,15,0,0,UPI,WITHDRAWAL,IN,0.10118888470435224,0
5326.41,122037.63,16,0,0,NET_BANKING,WITHDRAWAL,IN,0.10172167479113801,0
10696.23,127364.04,17,0,0,UPI,TRANSFER,IN,0.12098519257031651,0
7162.17,138060.27,18,0,0,UPI,TRANSFER,IN,0.10411338981867486,0
6495.97,145222.44,19,0,0,UPI,DEPOSIT,SG,0.11952373244235087,0
8939.73,151718.41,20,0,0,UPI,DEPOSIT,US,0.09790892715338213,0
11496.68,160658.14,21,1,0,NET_BANKING,TRANSFER,AE,0.1562071853107298,0
9229.22,172154.82,22,0,0,UPI,DEPOSIT,US,0.09688037591646984,0
5376.64,169233.49,21,0,0,UPI,WITHDRAWAL,IN,0.1013567213907074,0
8765.65,167642.25,21,0,0,UPI,WITHDRAWAL,IN,0.10277858736656106,1
3660.83,176407.9,22,0,0,UPI,TRANSFER,SG,0.12495758398434832,0
11397.91,156406.33,21,0,0,UPI,WITHDRAWAL,IN,0.11885300180145025,1
9079.21,152184.61,20,0,0,UPI,WITHDRAWAL,US,0.10311532974057981,1
4388.51,154152.15,20,1,0,UPI,WITHDRAWAL,AE,0.14054698288017498,0
7505.83,158540.66,21,0,0,UPI,WITHDRAWAL,IN,0.09490915584841995,0
8295.73,154547.02999999997,20,0,1,NET_BANKING,TRANSFER,IN,0.12398033140911599,1
8615.36,153960.99,20,0,1,UPI,DEPOSIT,IN,0.11783895330636308,0
2654.63,162576.34999999998,21,0,1,UPI,WITHDRAWAL,IN,0.12084728788403251,0
11333.61,155915.96999999997,20,0,1,CARD,TRANSFER,IN,0.1352603128214582,0
2602.78,157926.32999999996,20,0,0,UPI,TRANSFER,AE,0.10099865914202642,0
11316.75,143023.1,19,0,0,NET_BANKING,DEPOSIT,IN,0.11690652974699481,0
12159.57,154339.85,20,0,0,NET_BANKING,WITHDRAWAL,AE,0.11512699880163804,0
4276.92,150476.78000000003,19,0,0,UPI,DEPOSIT,IN,0.10419478642285665,0
4167.22,147591.53,19,1,0,UPI,DEPOSIT,IN,0.14044026156597245,0
2910.86,151758.75,20,0,0,UPI,DEPOSIT,IN,0.09476933663820128,0
6971.589278416137,0.0,0,1,0,CARD,DEPOSIT,IN,0.08112414431110487,0
11975.29,6971.589278416137,1,0,0,CARD,TRANSFER,IN,0.04818467373373625,0
10152.21,18946.879278416134,2,0,0,CARD,TRANSFER,IN,0.053713019099503115,0
20821.548525566403,29099.089278416137,3,0,0,CARD,DEPOSIT,IN,0.07088812753454947,0
5049.02,49920.637803982536,4,1,0,CARD,TRANSFER,IN,0.07330278210458449,0
11309.92,54969.65780398254,5,0,0,CARD,WITHDRAWAL,SG,0.08019483439953988,0
11840.42,66279.57780398254,6,0,1,CARD,TRANSFER,IN,0.07417329888884328,1
8787.35,78119.99780398254,7,0,1,CARD,DEPOSIT,AE,0.05197814037424266,0
32363.942420458097,86907.34780398254,8,0,1,CARD,DEPOSIT,IN,0.11460726583514984,0
6178.16,119271.29022444064,9,1,1,CARD,TRANSFER,IN,0.1485133633763886,0
6174.31,125449.45022444065,10,0,0,CARD,WITHDRAWAL,IN,0.08031741597456207,0
8612.26,131623.76022444063,11,0,0,CARD,WITHDRAWAL,IN,0.08273849361673158,0
8877.88,140236.02022444064,12,0,0,CARD,DEPOSIT,IN,0.07801036043644302,0
8662.9,149113.90022444064,13,1,0,CARD,WITHDRAWAL,IN,0.12673577833305985,1
8485.62,157776.80022444064,14,0,0,CARD,TRANSFER,IN,0.08350057426083135,0
4189.55,166262.42022444063,15,1,0,UPI,DEPOSIT,SG,0.14827149938658515,0
8542.46,170451.97022444062,16,0,0,CARD,WITHDRAWAL,IN,0.10196671177775438,0
7688.84,178994.4302244406,17,0,0,CARD,DEPOSIT,IN,0.10359371814678146,0
12297.21,186683.2702244406,18,0,0,CARD,WITHDRAWAL,IN,0.12181266371147742,0
32365.072835731033,198980.4802244406,19,0,0,CARD,TRANSFER,IN,0.12973046195476193,0
6554.41,231345.55306017163,20,0,0,CARD,WITHDRAWAL,IN,0.10136663506938777,0
11744.42,237899.96306017163,21,0,0,CARD,TRANSFER,IN,0.12192005271007011,0
9846.52,249644.38306017165,22,0,0,CARD,TRANSFER,IN,0.09477481538582332,0
8109.22,240544.0237817555,21,0,0,CARD,DEPOSIT,IN,0.09493195622960089,0
27421.197319167648,0.0,0,1,0,UPI,WITHDRAWAL,IN,0.10872570329064762,0
30745.491823505607,27421.197319167648,1,0,0,UPI,WITHDRAWAL,SG,0.09119856133154777,0
13252.69,58166.689142673255,2,0,0,CARD,WITHDRAWAL,IN,0.046325324036065235,0
20287.81,71419.37914267325,3,0,0,CARD,DEPOSIT,IN,0.068993578111671,0
18182.73,91707.18914267325,4,1,0,UPI,TRANSFER,IN,0.12229499482921632,1
81681.0749008525,109889.91914267324,5,1,0,UPI,TRANSFER,IN,0.1381783843557265,0
61559.97671186912,191570.99404352577,6,0,1,NET_BANKING,TRANSFER,IN,0.11561044996742957,1
21896.31,253130.97075539487,7,0,1,UPI,TRANSFER,IN,0.12047530327794079,0
14208.36,275027.2807553949,8,0,1,UPI,TRANSFER,IN,0.10947826474754956,0
12278.79,289235.6407553949,9,0,0,UPI,TRANSFER,IN,0.09916664750607392,0
25296.241257361507,301514.43075539486,10,0,0,UPI,WITHDRAWAL,IN,0.1200769414482185,0
17098.18,326810.67201275635,11,0,0,UPI,TRANSFER,IN,0.09717651730191454,0
10277.54,343908.85201275634,12,0,0,UPI,DEPOSIT,IN,0.09890646383873089,0
5380.07,354186.3920127563,13,0,0,UPI,WITHDRAWAL,IN,0.08839876942912389,0
17147.53,359566.4620127563,14,1,0,UPI,DEPOSIT,IN,0.1355183314904501,0
19169.53,376713.9920127563,15,0,0,UPI,DEPOSIT,IN,0.09959570646131456,0
18232.28,395883.5220127563,16,1,0,UPI,TRANSFER,IN,0.1597311521774516,1
11136.72,414115.8020127563,17,0,0,UPI,WITHDRAWAL,IN,0.11550577828540207,0
5760.55,397831.32469358866,17,0,0,UPI,DEPOSIT,IN,0.09535332281368837,0
19597.67,372846.3828700831,17,0,0,UPI,TRANSFER,IN,0.11994874532490342,0
7635.42,379191.3628700831,17,0,0,UPI,TRANSFER,AE,0.0964886345841536,0
74479.8405953889,386826.78287008306,18,0,0,UPI,DEPOSIT,IN,0.12912483970392225,0
11493.56,441018.813465472,18,0,0,UPI,TRANSFER,IN,0.11166333173199933,0
24286.91,452512.373465472,19,0,0,UPI,DEPOSIT,IN,0.13171442730597163,0
8258.84,376935.4785646195,18,0,1,CARD,DEPOSIT,AE,0.11601412583296869,0
22651.34,323634.34185275045,18,0,1,UPI,WITHDRAWAL,IN,0.14991973311639867,0
23027.89,346285.6818527505,19,0,1,UPI,TRANSFER,IN,0.1541347511635654,1
14031.56,333208.90185275045,18,0,1,NET_BANKING,TRANSFER,SG,0.1587264358105866,0
6276.1,334961.67185275047,18,0,0,NET_BANKING,DEPOSIT,IN,0.10199255764117691,0
19894.94,341237.77185275045,19,0,0,UPI,DEPOSIT,AE,0.11211373096621689,1
7902.12,318738.29059538885,18,1,0,UPI,DEPOSIT,AE,0.14360450901084879,0
45041.8873778922,326640.41059538885,19,0,0,UPI,DEPOSIT,IN,0.13330265125123503,1
43708.038944267595,361404.7579732811,19,0,0,CARD,TRANSFER,IN,0.12873197379883153,0
20487.35,399732.7269175487,19,0,0,UPI,WITHDRAWAL,US,0.13065241105110245,0
14633.16,420220.07691754866,20,0,0,UPI,DEPOSIT,IN,0.11722414209699117,0
18069.54675833239,417705.7069175486,20,0,0,UPI,DEPOSIT,IN,0.11587412583157497,0
17476.3,435775.253675881,21,1,0,UPI,DEPOSIT,IN,0.16199432861812396,0
23780.21,0.0,0,1,0,UPI,WITHDRAWAL,IN,0.10547089609227157,0
14444.26,23780.21,1,1,0,UPI,DEPOSIT,IN,0.08671346410268913,0
23467.87,38224.47,2,1,0,UPI,DEPOSIT,IN,0.11330808362466509,1
21092.78,61692.34,3,0,0,UPI,TRANSFER,IN,0.06644237306885192,0
5648.52,82785.12,4,1,0,UPI,TRANSFER,IN,0.1043670413486537,0
24046.39,88433.64,5,0,0,NET_BANKING,TRANSFER,IN,0.09609345575657915,0
9274.24,112480.03,6,0,0,UPI,WITHDRAWAL,US,0.06212244052262621,0
6754.1,121754.27,7,0,0,UPI,WITHDRAWAL,IN,0.06564564254238132,0
22403.04,128508.37,8,0,0,UPI,WITHDRAWAL,IN,0.09867020832044542,0
16409.07,150911.41,9,1,1,UPI,DEPOSIT,IN,0.1611778602177075,0
21767.31,167320.48,10,1,1,UPI,DEPOSIT,IN,0.17127398864489515,0
10118.4,189087.79,11,0,1,UPI,TRANSFER,IN,0.1211611953615178,0
11655.86,199206.19,12,1,1,UPI,DEPOSIT,IN,0.15907983152894561,0
13661.32,210862.05,13,1,1,UPI,DEPOSIT,IN,0.1636565606726521,0
22167.9,224523.37,14,0,0,UPI,DEPOSIT,US,0.1134112732180735,0
7518.59,246691.27,15,1,0,NET_BANKING,WITHDRAWAL,IN,0.11935671310348359,0
13269.18,254209.86,16,0,0,UPI,DEPOSIT,AE,0.1195546155414674,1
14142.26,267479.04,17,0,0,UPI,DEPOSIT,IN,0.1140526251132998,0
21645.37,281621.3,18,0,0,UPI,TRANSFER,IN,0.12847042866863229,0
8519.87,303266.67,19,0,0,CARD,DEPOSIT,IN,0.09428609359674328,0
14790.0,311786.54,20,0,0,UPI,TRANSFER,IN,0.11281635405383704,0
20063.54,326576.54,21,0,0,UPI,DEPOSIT,SG,0.1608665444547467,1
10724.65,346640.07999999996,22,0,0,UPI,DEPOSIT,IN,0.11191028318979863,0
13166.3,357364.73,23,0,0,UPI,TRANSFER,IN,0.11899550001269572,0
12720.04,0.0,0,1,0,NET_BANKING,TRANSFER,IN,0.0891284116590853,0
40979.77,12720.04,1,0,0,NET_BANKING,DEPOSIT,IN,0.06408240092262556,0
24658.64,53699.81,2,0,0,CARD,DEPOSIT,IN,0.06930223283335034,0
14504.23,78358.45,3,1,0,CARD,TRANSFER,IN,0.09327842707566497,0
21456.09,92862.68,4,0,0,UPI,DEPOSIT,IN,0.10589789464976825,0
40742.5,114318.77,5,0,0,NET_BANKING,WITHDRAWAL,IN,0.09966315781323874,0
36771.0,155061.27,6,0,1,CARD,WITHDRAWAL,IN,0.11866363660758807,0
42180.8605442518,191832.27,7,0,1,NET_BANKING,WITHDRAWAL,IN,0.12144377023267444,0
31410.35945314254,234013.1305442518,8,1,1,NET_BANKING,TRANSFER,IN,0.1568028520145241,0
31090.67436876872,265423.4899973943,9,1,0,NET_BANKING,DEPOSIT,IN,0.15181296498122332,0
14402.16,296514.164366163,10,0,0,NET_BANKING,TRANSFER,IN,0.09778822904902598,0
23129.4,310916.324366163,11,0,0,NET_BANKING,WITHDRAWAL,IN,0.12017566715758315,0
94610.87565915487,334045.724366163,12,0,0,NET_BANKING,DEPOSIT,US,0.12107274458692702,1
43427.52,428656.6000253179,13,1,0,NET_BANKING,TRANSFER,IN,0.15647250969907772,0
38720.92,472084.12002531794,14,1,0,NET_BANKING,DEPOSIT,IN,0.16019211041310863,0
47399.2,510805.0400253179,15,0,0,NET_BANKING,WITHDRAWAL,IN,0.11514489613420617,0
44313.22,558204.2400253179,16,0,0,NET_BANKING,TRANSFER,IN,0.13248196420509034,0
24257.69,602517.4600253179,17,0,0,NET_BANKING,DEPOSIT,IN,0.12616184352236154,0
64895.76604282245,626775.1500253178,18,0,0,NET_BANKING,WITHDRAWAL,IN,0.1332803619132994,0
29739.21,691670.9160681402,19,0,0,NET_BANKING,DEPOSIT,IN,0.12862524647995038,0
34227.0,721410.1260681401,20,1,0,NET_BANKING,WITHDRAWAL,IN,0.1775420740656521,0
49464.82,677278.6760681404,18,1,0,NET_BANKING,DEPOSIT,IN,0.16914995151397524,0
14897.15,726743.4960681404,19,1,0,NET_BANKING,DEPOSIT,IN,0.161172302628155,0
31779.42,741640.6460681404,20,0,0,NET_BANKING,TRANSFER,IN,0.12674807483261735,0
38421.33,737459.7460681404,19,0,0,NET_BANKING,DEPOSIT,IN,0.13192414919250736,1
38667.16,735138.5760681403,19,0,0,NET_BANKING,DEPOSIT,IN,0.13529448566173216,0
145995.85104851224,773805.7360681404,20,0,1,NET_BANKING,TRANSFER,IN,0.15447406496982347,0
53478.19131609264,883030.5871166526,20,0,1,NET_BANKING,DEPOSIT,IN,0.14603796091445825,0
18313.97,936508.7784327453,21,0,1,NET_BANKING,TRANSFER,SG,0.15683608644680333,0
42551.94,912641.8878884936,21,0,1,NET_BANKING,WITHDRAWAL,IN,0.15645475362680725,0
48576.36,955193.8278884935,22,0,1,NET_BANKING,TRANSFER,IN,0.15551961127363303,0
34920.61,972359.828435351,22,0,1,NET_BANKING,DEPOSIT,IN,0.15680181908302224,0
27121.15,1007280.438435351,23,0,1,CARD,TRANSFER,IN,0.15527673305164397,0
16229.83,1034401.588435351,24,0,1,NET_BANKING,DEPOSIT,IN,0.140029424764803,0
69591.33302372239,1019540.7440665824,24,1,0,NET_BANKING,WITHDRAWAL,AE,0.1688753736834594,0
24228.69,1074729.9170903044,24,0,0,NET_BANKING,TRANSFER,IN,0.12822113221883544,0
39664.3,1098958.6070903044,25,1,0,NET_BANKING,TRANSFER,IN,0.17123514123994601,0
33047.4,0.0,0,1,0,UPI,WITHDRAWAL,AE,0.11189087167970038,0
48434.67,33047.4,1,0,0,UPI,WITHDRAWAL,SG,0.08655014967440809,0
24315.81,81482.07,2,1,0,UPI,TRANSFER,IN,0.1433597626415399,0
10235.28,105797.88,3,0,0,UPI,TRANSFER,IN,0.07888658927532421,0
43820.01,116033.16,4,0,0,UPI,TRANSFER,IN,0.0961938669913925,0
19332.53,159853.17,5,0,0,UPI,TRANSFER,AE,0.08294604131484268,0
25870.98,179185.7,6,0,1,UPI,WITHDRAWAL,IN,0.1209855917409576,0
12047.45,205056.68,7,1,1,UPI,WITHDRAWAL,IN,0.14081778706518316,0
15675.28,217104.13000000003,8,0,1,UPI,TRANSFER,IN,0.10924983376397375,0
25007.21,232779.41000000003,9,0,1,CARD,WITHDRAWAL,US,0.13681123664279993,0
29802.97,257786.62,10,0,1,UPI,TRANSFER,IN,0.14172728684641034,1
26604.1,287589.59,11,0,1,CARD,TRANSFER,IN,0.1336438381050412,0
22714.54,314193.69,12,0,0,UPI,DEPOSIT,SG,0.14491141420140902,0
30762.57,336908.23,13,0,0,UPI,TRANSFER,IN,0.11951697421434519,1
46282.43,367670.8,14,0,0,UPI,WITHDRAWAL,IN,0.11514286975035597,0
33608.29,413953.23,15,0,0,UPI,WITHDRAWAL,IN,0.11020031368459257,1
48484.66,447561.52,16,0,0,UPI,DEPOSIT,IN,0.12715902168868398,0
15546.12,496046.17999999993,17,0,0,NET_BANKING,TRANSFER,AE,0.12000030325964814,0
11290.79,511592.29999999993,18,0,0,UPI,WITHDRAWAL,IN,0.11444199941552183,0
37940.78,522883.0899999999,19,0,0,UPI,DEPOSIT,IN,0.12895104542036376,0
27762.3,560823.8699999999,20,1,0,UPI,TRANSFER,IN,0.17443169195462288,0
45611.82,588586.1699999999,21,1,0,UPI,WITHDRAWAL,IN,0.17577171857703366,0
10185.9,0.0,0,1,0,UPI,DEPOSIT,IN,0.09322502010382845,0
20062.91,10185.9,1,0,0,UPI,TRANSFER,IN,0.07115766109708863,0
22409.75,30248.81,2,0,0,UPI,DEPOSIT,IN,0.07279562149926283,0
25386.594157338455,52658.56,3,0,0,UPI,WITHDRAWAL,IN,0.0655589146409982,0
8416.17,78045.15415733846,4,1,0,NET_BANKING,TRANSFER,IN,0.07486774132690963,0
21814.02,86461.32415733846,5,0,0,UPI,DEPOSIT,IN,0.10313817513423547,0
7989.5,108275.34415733846,6,0,0,CARD,WITHDRAWAL,IN,0.06856550214634839,0
9768.47,116264.84415733846,7,0,0,UPI,WITHDRAWAL,IN,0.06411139520574699,0
20752.58,126033.31415733846,8,0,0,UPI,DEPOSIT,IN,0.09663851173977957,0
24861.62,146785.89415733848,9,1,1,UPI,WITHDRAWAL,IN,0.18180705302899963,0
15656.61,171647.51415733848,10,0,1,UPI,TRANSFER,IN,0.1166051300060256,0
7469.45,187304.1241573385,11,0,1,UPI,DEPOSIT,IN,0.09992991592302869,0
17128.47,194773.57415733847,12,0,1,UPI,WITHDRAWAL,IN,0.12554967017531257,1
15041.81,211902.04415733847,13,1,1,UPI,DEPOSIT,IN,0.15400612114796605,1
23675.73,226943.85415733847,14,0,0,UPI,WITHDRAWAL,IN,0.12135299760626231,0
23108.75,250619.58415733848,15,1,0,UPI,DEPOSIT,SG,0.18439063071182102,0
17567.25,273728.3341573385,16,1,0,UPI,WITHDRAWAL,US,0.15101106370803277,1
11421.6,291295.5841573385,17,0,0,UPI,DEPOSIT,IN,0.11415461621472385,1
11939.36,302717.18415733846,18,0,0,UPI,DEPOSIT,IN,0.11766827686900383,0
13863.42,314656.54415733845,19,0,0,UPI,DEPOSIT,IN,0.11619790920014278,0
1927.05,0.0,0,1,0,CARD,DEPOSIT,IN,0.07151363810437339,0
3988.57,1927.05,1,0,0,CARD,DEPOSIT,IN,0.0330128714630907,0
1402.73,5915.62,2,0,0,CARD,WITHDRAWAL,IN,0.033042816077722484,1
1245.18,7318.35,3,0,0,NET_BANKING,WITHDRAWAL,SG,0.0593179396871006,0
4278.52,8563.53,4,0,0,CARD,TRANSFER,IN,0.03275659510075257,1
4023.2,12842.05,5,0,0,CARD,WITHDRAWAL,AE,0.04023588656895167,0
3530.24,16865.25,6,0,0,UPI,TRANSFER,IN,0.03446437435963967,0
3598.99,20395.49,7,0,0,CARD,DEPOSIT,IN,0.04005762697431878,0
4202.1,23994.479999999996,8,0,1,UPI,TRANSFER,IN,0.058175596909402244,0
1063.73,28196.57999999999,9,0,1,CARD,WITHDRAWAL,IN,0.07509264046221172,0
1781.36,29260.30999999999,10,1,1,CARD,WITHDRAWAL,IN,0.10693693706705461,0
3363.5,31041.669999999995,11,0,1,CARD,DEPOSIT,IN,0.06710222897707255,0
1120.26,34405.17,12,0,1,CARD,WITHDRAWAL,IN,0.07488199963753726,0
1464.58,35525.43,13,0,0,CARD,TRANSFER,IN,0.053722015991340605,0
2524.68,36990.01,14,0,0,CARD,WITHDRAWAL,AE,0.05662191613533744,0
1144.56,39514.69,15,1,0,CARD,DEPOSIT,IN,0.09391756776970452,0
3134.9,40659.25,16,0,0,CARD,DEPOSIT,IN,0.07236370846329007,0
4637.0,43794.15,17,1,0,UPI,WITHDRAWAL,IN,0.10384793512098751,0
2522.18,48431.15,18,0,0,CARD,WITHDRAWAL,IN,0.06898834258430733,0
4595.38,50953.33,19,0,0,CARD,DEPOSIT,IN,0.06672458123811742,0
3868.86,55548.71,20,0,0,CARD,WITHDRAWAL,IN,0.0655644058987821,0
4253.46,59417.57,21,0,0,NET_BANKING,DEPOSIT,US,0.06717042250192598,0
2940.5,63671.03,22,0,0,CARD,DEPOSIT,SG,0.09191543041215561,0
3500.65,60695.91,21,0,0,CARD,WITHDRAWAL,IN,0.06270435377828046,0
2824.9,62793.83,21,1,0,CARD,WITHDRAWAL,IN,0.10358377372408857,0
3435.32,65618.73,22,0,0,CARD,TRANSFER,IN,0.06786127506804826,0
4226.9,69054.05,23,0,0,CARD,DEPOSIT,IN,0.0623425193627361,0
2662.02,72035.77,23,0,0,CARD,TRANSFER,IN,0.06819118810465567,0
1208.98,62865.83,21,1,0,CARD,TRANSFER,IN,0.11145571890889952,1
4626.15,53428.630000000005,18,0,1,CARD,WITHDRAWAL,IN,0.0929439375356001,0
2442.04,58054.780000000006,19,0,1,CARD,DEPOSIT,IN,0.09086850170602223,0
3584.83,60496.82000000001,20,0,1,NET_BANKING,DEPOSIT,SG,0.10992840005997442,0
2283.3,64081.65000000001,21,0,1,CARD,WITHDRAWAL,IN,0.08980117910587193,0
7793.17,0.0,0,1,0,UPI,WITHDRAWAL,IN,0.0754919690671955,0
14311.45,7793.17,1,0,0,UPI,WITHDRAWAL,AE,0.05588168417679237,1
11219.3,22104.620000000003,2,0,0,UPI,WITHDRAWAL,IN,0.04933566580498517,0
22948.98,33323.92,3,0,0,UPI,TRANSFER,SG,0.08847454033372285,0
9335.4,56272.899999999994,4,0,0,UPI,WITHDRAWAL,IN,0.04118172258901166,0
6586.89,65608.29999999999,5,0,0,NET_BANKING,TRANSFER,IN,0.040343559315925856,0
10242.46,72195.18999999999,6,0,1,CARD,WITHDRAWAL,IN,0.0772483521672927,0
12954.88,82437.65,7,0,1,UPI,WITHDRAWAL,IN,0.10361874158373396,1
10142.38,95392.53,8,0,1,UPI,TRANSFER,IN,0.09877328168137106,0
23576.05,105534.91,9,0,1,NET_BANKING,TRANSFER,IN,0.13636751730792673,1
10576.03,129110.96,10,0,1,UPI,TRANSFER,IN,0.1178970400145174,0
19029.39,139686.99000000002,11,0,0,UPI,TRANSFER,SG,0.11849417914275079,0
8822.69,158716.38,12,0,0,UPI,TRANSFER,IN,0.08282533692496866,0
24556.74,167539.07,13,0,0,UPI,TRANSFER,IN,0.11272699393900457,0
24886.34,192095.81,14,0,0,UPI,DEPOSIT,IN,0.11073717961572119,0
18983.62,216982.15,15,0,0,UPI,TRANSFER,IN,0.09782064182221423,0
10858.85,235965.77,16,0,0,UPI,TRANSFER,IN,0.11028625451691032,0
22024.51,246824.62,17,0,0,NET_BANKING,TRANSFER,IN,0.1280326344876233,0
20604.15,268849.13,18,0,0,NET_BANKING,DEPOSIT,IN,0.13508433928997493,0
13785.91,289453.28,19,0,0,UPI,WITHDRAWAL,IN,0.11314367317317937,0
8286.7,303239.19,20,1,0,UPI,DEPOSIT,IN,0.13963722293825392,0
23946.82,311525.89,21,0,0,UPI,TRANSFER,IN,0.13727557149616623,1
7896.13,313368.09,20,1,0,UPI,TRANSFER,IN,0.1376841519837183,0
13784.72,310044.92,20,0,0,UPI,WITHDRAWAL,IN,0.12047030965140912,0
13640.67,300880.66,20,0,0,UPI,DEPOSIT,IN,0.11711684233800951,1
5432.47,0.0,0,1,0,CARD,WITHDRAWAL,SG,0.10418139104481791,0
8375.41,5432.47,1,1,0,CARD,WITHDRAWAL,IN,0.08091970274527666,0
17399.96,13807.88,2,0,0,CARD,TRANSFER,IN,0.04842693652970785,0
21279.13,31207.84,3,0,0,CARD,TRANSFER,IN,0.06558953349496265,0
9657.2,52486.97,4,0,0,CARD,WITHDRAWAL,IN,0.039159589904848364,0
21689.67,62144.17,5,0,0,CARD,WITHDRAWAL,IN,0.06991898579881833,0
9732.68,83833.84,6,0,0,NET_BANKING,WITHDRAWAL,US,0.06820907513040536,0
11862.11,93566.52,7,0,1,CARD,TRANSFER,IN,0.10539970056578762,0
8081.57,105428.63,8,1,1,CARD,WITHDRAWAL,IN,0.12412277844819096,0
21732.65,113510.19999999998,9,0,1,CARD,DEPOSIT,IN,0.1393449743081881,0
16463.81,135242.84999999998,10,1,1,CARD,TRANSFER,IN,0.16163792423182163,0
12159.85,151706.65999999997,11,0,0,UPI,TRANSFER,IN,0.09578602655967533,0
15051.53,163866.50999999998,12,1,0,CARD,DEPOSIT,IN,0.13623379938858143,1
17021.34,178918.03999999998,13,0,0,CARD,TRANSFER,IN,0.09720063882833781,0
5869.2,195939.38,14,1,0,CARD,DEPOSIT,IN,0.12294504589697722,0
5598.58,201808.58,15,0,0,CARD,WITHDRAWAL,IN,0.08565773470708576,0
18674.94,207407.15999999997,16,0,0,CARD,TRANSFER,IN,0.12127530110893926,0
8034.52,226082.1,17,0,0,CARD,DEPOSIT,IN,0.09908533829965833,1
16769.73,234116.61999999997,18,0,0,NET_BANKING,DEPOSIT,IN,0.11178772103913186,0
13602.78,250886.35,19,0,0,CARD,WITHDRAWAL,IN,0.11585004388127794,0
5679.92,264489.13,20,0,0,CARD,WITHDRAWAL,IN,0.10312270300744798,0
21420.01,270169.05,21,0,0,CARD,WITHDRAWAL,IN,0.1347783049017989,1
14760.71,286156.58999999997,21,0,0,CARD,TRANSFER,IN,0.1165840075247117,0
16895.61,253862.8,19,1,0,CARD,WITHDRAWAL,IN,0.15059429924981618,0
21310.1,261101.21,19,0,0,CARD,TRANSFER,AE,0.1320686808073265,0
11890.44,282411.31,20,1,0,CARD,WITHDRAWAL,IN,0.15688719270611928,0
8659.23,294301.75,21,1,0,CARD,TRANSFER,IN,0.13739355880353443,0
20378.99,281271.31,21,0,0,CARD,WITHDRAWAL,IN,0.13268768323536226,0
23476.14,291917.61999999994,21,1,0,CARD,TRANSFER,IN,0.17014840657934052,0
6508.13,303531.65,21,0,1,CARD,TRANSFER,IN,0.1235332366070224,1
21363.76,301958.2100000001,21,1,1,CARD,TRANSFER,IN,0.1970799084132066,0
13081.84,301589.32000000007,21,0,1,CARD,TRANSFER,IN,0.13622291571572237,0
10759.45,314671.1600000001,22,0,1,CARD,WITHDRAWAL,IN,0.13558793986199572,0
18980.12,308966.80000000005,22,0,0,NET_BANKING,DEPOSIT,IN,0.11687449105619116,0
5280.21,315787.07000000007,22,0,0,UPI,DEPOSIT,IN,0.10566557348214069,0
15489.58,306015.75000000006,22,0,0,CARD,TRANSFER,IN,0.11469704151537248,0
23064.53,298614.7900000001,21,0,0,CARD,DEPOSIT,SG,0.16096909570973653,0
6872.27,316080.7400000001,21,0,0,CARD,WITHDRAWAL,IN,0.09958944964235882,0
6443.2,304278.07000000007,21,1,0,CARD,TRANSFER,IN,0.14406387651693858,0
21869.47,0.0,0,1,0,CARD,TRANSFER,IN,0.10623620538226597,0
17179.02,21869.47,1,0,0,CARD,TRANSFER,IN,0.0526157476419902,0
19738.58,39048.490000000005,2,0,0,CARD,WITHDRAWAL,IN,0.05352476600637748,0
13653.23,58787.07000000001,3,1,0,NET_BANKING,TRANSFER,IN,0.08919650171646917,0
22003.42,72440.3,4,0,0,CARD,WITHDRAWAL,IN,0.0678622859226214,1
9633.91,94443.72,5,0,0,CARD,WITHDRAWAL,US,0.07063054257462412,0
10111.08,104077.63,6,0,0,UPI,TRANSFER,IN,0.0788872238064311,1
15680.16,114188.71,7,1,1,UPI,TRANSFER,IN,0.14525887243735341,0
5889.36,129868.87,8,1,1,CARD,TRANSFER,IN,0.13295998096629666,1
5134.87,135758.23,9,0,1,CARD,DEPOSIT,IN,0.09935420145433228,1
17934.12,140893.1,10,0,1,CARD,TRANSFER,AE,0.11616391522952696,0
16439.64,158827.22,11,0,1,CARD,DEPOSIT,AE,0.12126808296957574,0
11459.7,175266.86,12,1,0,CARD,TRANSFER,IN,0.13534991253846823,0
19484.18,186726.56,13,0,0,NET_BANKING,TRANSFER,IN,0.09545446999705302,1
18808.64,206210.74,14,0,0,UPI,DEPOSIT,IN,0.10520239358549327,0
13571.88,225019.38,15,0,0,CARD,TRANSFER,US,0.09949748067733545,0
16603.13,238591.26,16,0,0,CARD,DEPOSIT,IN,0.11573999629450894,0
22097.4,255194.39,17,0,0,CARD,TRANSFER,IN,0.12854204766503619,0
22032.16,277291.79000000004,18,0,0,NET_BANKING,TRANSFER,IN,0.12634860018188399,0
23731.45,299323.95,19,1,0,NET_BANKING,TRANSFER,IN,0.1707558476717978,0
20595.82,323055.4,20,0,0,CARD,WITHDRAWAL,IN,0.12867777258287477,0
22576.8,321781.75000000006,20,0,0,NET_BANKING,WITHDRAWAL,AE,0.1352505209244648,0
12024.42,327179.53,20,0,0,CARD,TRANSFER,IN,0.1180466630296589,0
7017.48,305812.13999999996,19,0,0,UPI,TRANSFER,IN,0.09548735425146623,0
17051.92,312829.61999999994,20,0,0,CARD,TRANSFER,IN,0.11918717652489377,0
13698.9,288133.12999999995,18,0,0,CARD,TRANSFER,IN,0.11281469493224487,0
15120.51,301832.02999999997,19,0,1,CARD,DEPOSIT,AE,0.1324786549768444,0
21409.79,301272.38000000006,19,0,1,CARD,WITHDRAWAL,IN,0.14668454684906768,0
42938.04,0.0,0,1,0,CARD,TRANSFER,IN,0.10925591264566757,1
38419.1,42938.04,1,1,0,CARD,DEPOSIT,IN,0.10411282137245272,0
47317.27,81357.14,2,0,0,CARD,DEPOSIT,IN,0.10467991036251993,0
39069.41,128674.41,3,0,0,NET_BANKING,WITHDRAWAL,AE,0.0970366626645458,0
11946.55,167743.82,4,1,0,NET_BANKING,WITHDRAWAL,IN,0.11842948332750489,0
41280.94,179690.37,5,0,0,NET_BANKING,WITHDRAWAL,IN,0.09763134341548131,0
38372.02,220971.31,6,0,1,CARD,WITHDRAWAL,SG,0.14705066829192992,0
21033.3,259343.33,7,0,1,CARD,WITHDRAWAL,IN,0.117042428892247,0
24838.56,280376.63,8,0,1,NET_BANKING,TRANSFER,IN,0.11527020187634719,0
103076.80978263408,305215.19,9,0,1,CARD,WITHDRAWAL,US,0.13773865465165835,0
11960.59,408291.9997826341,10,0,0,CARD,DEPOSIT,IN,0.10053338425588815,0
90524.23363266492,420252.5897826341,11,0,0,CARD,TRANSFER,IN,0.11724305196241572,0
18887.09,510776.82341529906,12,0,0,CARD,TRANSFER,IN,0.10086239117180755,0
26267.66,529663.913415299,13,0,0,CARD,DEPOSIT,IN,0.119108707219313,0
45491.51,555931.5734152991,14,1,0,CARD,WITHDRAWAL,IN,0.15394989979265833,0
19474.01,601423.0834152991,15,0,0,CARD,TRANSFER,IN,0.09705737642587169,0
18841.04,620897.0934152991,16,0,0,UPI,WITHDRAWAL,IN,0.11250790642486233,0
11298.05,639738.1334152991,17,0,0,CARD,DEPOSIT,IN,0.11147579185247247,0
30251.02,651036.1834152992,18,0,0,UPI,TRANSFER,IN,0.12625367369395615,0
44403.89,681287.2034152992,19,0,0,NET_BANKING,DEPOSIT,IN,0.128504830560929,0
10858.74,725691.0934152992,20,0,0,CARD,WITHDRAWAL,IN,0.11782149937040212,0
29384.05,736549.8334152992,21,1,0,CARD,WITHDRAWAL,IN,0.16937911069784678,0
13205.77,684576.7434152991,20,0,0,CARD,TRANSFER,IN,0.11973379637636113,0
42453.11,650465.2434152991,20,0,0,CARD,TRANSFER,SG,0.15708307652570633,0
44815.0,692918.3534152991,21,0,0,CARD,TRANSFER,IN,0.1294643703317661,0
78289.09995388071,737733.3534152991,22,0,0,CARD,DEPOSIT,IN,0.12685719009715157,1
20989.35,816022.4533691797,23,0,0,CARD,DEPOSIT,IN,0.13212691033183063,0
17769.91,785995.8433691798,22,1,0,CARD,TRANSFER,SG,0.17986756570924484,0
42141.61,803765.7533691798,23,0,0,CARD,TRANSFER,IN,0.13315343125554344,0
37732.86,804626.4233691798,23,1,1,CARD,DEPOSIT,IN,0.18926367384028872,0
47287.11,803987.2633691798,23,0,1,CARD,WITHDRAWAL,IN,0.14768259805185152,0
25092.31,830241.0733691797,23,1,1,CARD,DEPOSIT,IN,0.19640589462202904,0
11337.52,0.0,0,1,0,CARD,WITHDRAWAL,US,0.08856651426537496,0
8214.98,11337.52,1,1,0,CARD,DEPOSIT,IN,0.07135737824289645,0
13102.03,19552.5,2,0,0,UPI,TRANSFER,IN,0.04634844391469494,0
6968.67,32654.53,3,0,0,UPI,WITHDRAWAL,SG,0.055643094869655865,0
11905.05,39623.2,4,0,0,NET_BANKING,TRANSFER,IN,0.04975653286402473,0
24774.52,51528.25,5,0,0,CARD,TRANSFER,IN,0.06759370086312469,0
11417.77,76302.77,6,0,1,CARD,WITHDRAWAL,IN,0.07699296469054628,0
11956.1,87720.54000000001,7,0,1,NET_BANKING,DEPOSIT,IN,0.09924887763766711,0
11544.38,99676.64,8,1,1,CARD,DEPOSIT,IN,0.14593081062811286,1
14261.62,111221.02000000002,9,0,1,NET_BANKING,WITHDRAWAL,IN,0.12404530826979651,0
12860.8,125482.64,10,0,0,CARD,TRANSFER,IN,0.09560918737486156,0
20148.07,138343.44,11,1,0,CARD,TRANSFER,IN,0.15238703418214403,1
11007.74,158491.51,12,0,0,CARD,TRANSFER,IN,0.0940545557881693,0
11159.21,169499.25,13,0,0,CARD,TRANSFER,IN,0.09606828061662016,0
10437.78,180658.46,14,1,0,CARD,DEPOSIT,IN,0.14107586159119603,0
18458.73,191096.24,15,0,0,CARD,DEPOSIT,IN,0.09769097878878258,0
21010.4,209554.97,16,1,0,UPI,DEPOSIT,IN,0.17762937115580252,0
16556.67,230565.37,17,0,0,CARD,TRANSFER,IN,0.12009759959847392,0
22914.81,247122.04,18,0,0,CARD,DEPOSIT,IN,0.13670811794360982,0
9794.8,270036.85,19,1,0,CARD,TRANSFER,IN,0.13807108055596568,0
11108.77,279831.64999999997,20,0,0,UPI,WITHDRAWAL,IN,0.11915127979501931,0
22800.42,290940.42,21,0,0,CARD,TRANSFER,SG,0.15653206182901,1
12537.18,294188.33999999997,20,0,0,CARD,DEPOSIT,IN,0.1136274040343973,0
9985.631907004225,0.0,0,1,0,CARD,TRANSFER,US,0.07386187793918499,0
8351.147821366423,9985.631907004225,1,1,0,NET_BANKING,TRANSFER,IN,0.08156574303311803,0
4052.01,18336.77972837065,2,0,0,NET_BANKING,TRANSFER,IN,0.032640835126465303,0
1562.04,22388.789728370648,3,0,0,UPI,DEPOSIT,IN,0.03931886175976648,0
3638.75,23950.82972837065,4,0,0,NET_BANKING,DEPOSIT,IN,0.03600502842634909,0
5017.602087121486,27589.57972837065,5,1,0,NET_BANKING,DEPOSIT,AE,0.07723259510762502,1
3625.7,32607.181815492135,6,1,0,NET_BANKING,DEPOSIT,IN,0.07188881778773676,0
4424.23,36232.88181549213,7,0,1,NET_BANKING,DEPOSIT,IN,0.05363091880305866,0
1599.03,40657.11181549213,8,1,1,NET_BANKING,WITHDRAWAL,IN,0.10109178922357705,0
4392.05,42256.14181549213,9,0,1,UPI,DEPOSIT,IN,0.07355271311983236,0
3906.7609242315943,46648.19181549213,10,0,1,NET_BANKING,TRANSFER,IN,0.06981385261456385,0
3709.58,50554.952739723725,11,1,0,NET_BANKING,TRANSFER,IN,0.09537109470569251,0
13887.38514296663,54264.53273972373,12,0,0,CARD,WITHDRAWAL,IN,0.06756464245292587,0
4619.24,68151.91788269035,13,0,0,NET_BANKING,TRANSFER,IN,0.04696558169699143,0
1528.85,72771.15788269036,14,0,0,NET_BANKING,DEPOSIT,IN,0.046800371765549506,0
20171.65,0.0,0,1,0,UPI,TRANSFER,IN,0.10929588968867934,0
16258.8,20171.65,1,0,0,UPI,DEPOSIT,IN,0.05104429527937259,0
8170.7,36430.45,2,0,0,UPI,DEPOSIT,IN,0.03595256327634794,0
13617.72,44601.149999999994,3,1,0,UPI,DEPOSIT,IN,0.09360163502862064,0
23970.79,58218.869999999995,4,0,1,UPI,WITHDRAWAL,IN,0.08706677874116142,0
6055.85,82189.66,5,1,1,UPI,TRANSFER,SG,0.14779796766647985,0
7831.51,88245.51000000001,6,1,1,CARD,DEPOSIT,IN,0.130726774914601,0
7626.57,96077.02,7,0,1,UPI,TRANSFER,IN,0.09310074094361695,0
18700.9,103703.59,8,0,0,UPI,DEPOSIT,IN,0.08857236787070136,0
22383.96,122404.49,9,0,0,CARD,WITHDRAWAL,IN,0.11919851673256557,0
8290.7,144788.44999999998,10,0,0,UPI,DEPOSIT,IN,0.08623970359770225,0
9994.79,153079.15,11,0,0,UPI,TRANSFER,IN,0.08502474368183693,0
8640.95,163073.94,12,0,0,UPI,WITHDRAWAL,IN,0.08089625583900995,0
12322.07,171714.89,13,1,0,UPI,WITHDRAWAL,IN,0.1431437282257237,1
10058.08,184036.96,14,0,0,CARD,TRANSFER,IN,0.1001499921131378,0
9033.67,0.0,0,1,0,UPI,WITHDRAWAL,IN,0.08096837030899356,0
23033.384336417937,9033.67,1,0,0,UPI,DEPOSIT,IN,0.06340373085815901,0
6628.91,32067.05433641794,2,0,0,UPI,DEPOSIT,IN,0.03242667386115529,0
25374.903134114873,38695.964336417936,3,0,0,UPI,DEPOSIT,IN,0.0731078531256393,0
6109.83,64070.86747053281,4,0,0,UPI,DEPOSIT,IN,0.03474064614194774,0
5897.31,70180.6974705328,5,1,0,UPI,WITHDRAWAL,IN,0.07441953913906964,0
10291.83,76078.0074705328,6,0,0,UPI,WITHDRAWAL,IN,0.05482498650106436,0
5758.65,86369.8374705328,7,0,0,UPI,DEPOSIT,IN,0.06252795056300861,0
4956.69,92128.4874705328,8,0,1,UPI,TRANSFER,IN,0.08733222486739771,0
9723.91,97085.1774705328,9,0,1,UPI,DEPOSIT,US,0.10262305642061575,0
6758.87,106809.0874705328,10,0,1,UPI,TRANSFER,IN,0.10595815734688459,1
27848.956333249414,113567.9574705328,11,0,1,UPI,DEPOSIT,IN,0.1399327159028561,0
7078.22,141416.91380378223,12,0,1,CARD,WITHDRAWAL,IN,0.100900376834346,0
11211.05,148495.13380378223,13,1,1,CARD,DEPOSIT,IN,0.16026742586847822,0
6108.94,159706.18380378222,14,0,0,UPI,DEPOSIT,IN,0.08121596946214607,0
7237.87,165815.12380378222,15,0,0,CARD,WITHDRAWAL,IN,0.08236801002934854,0
3020.29,173052.9938037822,16,0,0,CARD,TRANSFER,IN,0.09719221011525447,0
22319.87224802338,176073.28380378222,17,0,0,UPI,DEPOSIT,IN,0.12819843822696703,0
7628.46,198393.1560518056,18,0,0,UPI,DEPOSIT,IN,0.09552176946377659,0
7744.97,206021.6160518056,19,0,0,UPI,DEPOSIT,IN,0.10028772159960174,0
7774.86,213766.5860518056,20,0,0,NET_BANKING,DEPOSIT,IN,0.10118149981784218,0
2965.74,221541.44605180557,21,1,0,NET_BANKING,DEPOSIT,IN,0.14521501288862226,0
33555.19541756975,224507.18605180556,22,0,0,CARD,DEPOSIT,IN,0.1345827361666333,0
11088.9,258062.3814693753,23,1,0,UPI,TRANSFER,IN,0.15320654562077518,0
4972.77,269151.2814693753,24,0,0,UPI,WITHDRAWAL,IN,0.09614104183660653,0
