transaction_id,user_id,amount,channel,transaction_type,country,device_id,transaction_time,total_amount_last_24h,txn_count_last_24h
0f9a7b61-d604-4de5-a661-b257f7c92051,1,5747.75,UPI,WITHDRAWAL,IN,KNOWN-1,2026-05-25T18:38:26.443712,0,0
80fd245b-9130-425d-ba1b-b495f756963a,1,3471.69,UPI,TRANSFER,IN,KNOWN-1,2026-05-25T20:23:26.443712,5747.75,1
b818f586-dd5a-4157-8679-21e73f610aa7,1,6431.61,NET_BANKING,TRANSFER,IN,KNOWN-1,2026-05-25T21:05:26.443712,9219.44,2
68844656-28bb-485b-81bc-68a8a4af6202,1,8051.75,UPI,TRANSFER,IN,KNOWN-1,2026-05-25T21:39:26.443712,15651.05,3
abed1418-91e0-4d0f-8ab0-47519ac52d2e,1,8182.8,NET_BANKING,TRANSFER,IN,KNOWN-1,2026-05-25T22:08:26.443712,23702.8,4
52808834-3300-47f4-b2a7-667e5870ba45,1,10239.07,UPI,TRANSFER,IN,KNOWN-1,2026-05-25T23:11:26.443712,31885.6,5
e203a92c-3382-445c-90d5-1768cc010b75,1,3967.82,UPI,TRANSFER,IN,DEV-6f9549,2026-05-25T23:30:26.443712,42124.67,6
53543083-56ec-475b-8e02-ff6e55123d20,1,4086.73,UPI,WITHDRAWAL,IN,KNOWN-1,2026-05-26T00:02:26.443712,46092.49,7
f8a53d9a-4a4e-4abd-a6f0-9cfe8f1fac56,1,9664.67,UPI,TRANSFER,IN,KNOWN-1,2026-05-26T01:19:26.443712,50179.22,8
689a63e4-4171-4838-9c57-741e269f9375,1,3599.52,UPI,WITHDRAWAL,IN,DEV-313aeb,2026-05-26T02:19:26.443712,59843.89,9
da415a43-1f9b-4059-b067-674daa966965,1,3998.12,UPI,TRANSFER,IN,KNOWN-1,2026-05-26T02:45:26.443712,63443.409999999996,10
7c04e26c-b076-41a2-8bd9-a4783e6db3ee,1,7690.4,UPI,WITHDRAWAL,IN,KNOWN-1,2026-05-26T03:46:26.443712,67441.53,11
f430b46f-d1dc-4ce2-b9ea-dd5ed7a350d9,1,10191.75,UPI,DEPOSIT,IN,KNOWN-1,2026-05-26T04:54:26.443712,75131.93,12
3a3c5ab2-794d-4422-be67-71c1cee035b5,1,10284.16,UPI,TRANSFER,IN,KNOWN-1,2026-05-26T05:14:26.443712,85323.68,13
9a62e875-623e-48af-aed1-56dc3aac979f,1,10588.63,NET_BANKING,WITHDRAWAL,IN,KNOWN-1,2026-05-26T05:20:26.443712,95607.84,14
c90c5dbb-73aa-4a66-964a-7b03e9a12584,1,8860.29,UPI,WITHDRAWAL,IN,KNOWN-1,2026-05-26T06:59:26.443712,106196.47,15
2b8b442b-e6a7-4eaf-aa03-70127d3355ca,1,8386.67,UPI,TRANSFER,IN,DEV-09db13,2026-05-26T08:24:26.443712,115056.76000000001,16
b432e557-6536-46c8-bb01-a6906a4903c3,1,9514.23,CARD,DEPOSIT,IN,KNOWN-1,2026-05-26T08:40:26.443712,123443.43000000001,17
4b3942aa-4c2e-4270-a49a-c8775e809040,1,6618.86,CARD,WITHDRAWAL,IN,KNOWN-1,2026-05-26T09:51:26.443712,132957.66,18
c0db5b5b-536b-40f5-9132-c86f5a479e21,1,2554.67,UPI,WITHDRAWAL,IN,KNOWN-1,2026-05-26T11:01:26.443712,139576.52,19
5e87d77e-9124-4bcd-8e36-39ae7db7b0a5,2,8512.42,CARD,TRANSFER,IN,DEV-accd02,2026-05-25T18:07:26.444001,0,0
db16fd16-57b8-4bc6-8496-1eac5dad5732,2,3110.48,CARD,TRANSFER,IN,DEV-d97397,2026-05-25T19:15:26.444001,8512.42,1
9b2c27af-c811-47c7-b7c6-3a160ccaa6b2,2,11555.48,UPI,DEPOSIT,US,KNOWN-2,2026-05-25T20:32:26.444001,11622.9,2
02c8711a-5b9b-4222-b11c-f6c39028a634,2,11069.96,CARD,WITHDRAWAL,IN,KNOWN-2,2026-05-25T21:07:26.444001,23178.379999999997,3
4f713e16-85cd-4f16-9a3b-ef1b26a3a72e,2,6635.94,CARD,DEPOSIT,IN,KNOWN-2,2026-05-25T22:35:26.444001,34248.34,4
6b9ddb13-0520-419d-90d1-8cc45a0db570,2,7641.84,CARD,TRANSFER,IN,KNOWN-2,2026-05-25T23:01:26.444001,40884.28,5
d26ed9b0-1cd6-40ca-9398-7a69cb6da026,2,3605.69,CARD,DEPOSIT,IN,KNOWN-2,2026-05-26T00:34:26.444001,48526.119999999995,6
ed98f029-74c0-4003-a0be-a6bb809ced3b,2,6124.41,CARD,WITHDRAWAL,IN,DEV-e352e3,2026-05-26T01:20:26.444001,52131.81,7
8e8d09a7-ca17-4ad4-8566-0519e746e38d,2,10100.28,CARD,DEPOSIT,IN,KNOWN-2,2026-05-26T01:50:26.444001,58256.22,8
725448fb-ad8a-4660-b68d-3aa31d61e561,2,11659.95,CARD,TRANSFER,IN,DEV-f7dc90,2026-05-26T03:25:26.444001,68356.5,9
eb2e724a-d6fe-45e4-8fa9-a64d3d9e8fed,2,12233.67,UPI,WITHDRAWAL,IN,KNOWN-2,2026-05-26T05:24:26.444001,80016.45,10
936e25e5-f9b8-40eb-b44f-9048bf1633cc,2,11111.72,CARD,DEPOSIT,IN,KNOWN-2,2026-05-26T06:30:26.444001,92250.12,11
581b358a-be8b-4336-b1b0-9a34909659e5,2,4088.85,CARD,WITHDRAWAL,SG,KNOWN-2,2026-05-26T08:30:26.444001,103361.84,12
a688813d-ba0c-496c-9c5b-83bc59791351,2,5079.63,CARD,DEPOSIT,IN,KNOWN-2,2026-05-26T09:48:26.444001,107450.69,13
8bf3804f-7fb4-45ef-bb75-30d311831dbd,2,10916.27,CARD,TRANSFER,IN,KNOWN-2,2026-05-26T10:45:26.444001,112530.32,14
cf0f5cde-7cb0-42aa-b7e8-1a687d27b8ae,2,11124.1,CARD,WITHDRAWAL,IN,KNOWN-2,2026-05-26T12:02:26.444001,123446.59000000001,15
51083681-dba5-4550-967d-d6cd6c6de61e,2,11080.09,CARD,TRANSFER,US,KNOWN-2,2026-05-26T13:04:26.444001,134570.69,16
6f543255-ff81-4f39-9cce-99a469bcf865,2,11123.92,CARD,DEPOSIT,IN,KNOWN-2,2026-05-26T14:22:26.444001,145650.78,17
8eed98a3-c846-4793-974e-95e216db1cc6,2,5677.88,CARD,DEPOSIT,IN,KNOWN-2,2026-05-26T15:07:26.444001,156774.7,18
dd808a53-ecc5-49cd-ab73-547ffb6a0d19,2,8975.91,CARD,DEPOSIT,IN,KNOWN-2,2026-05-26T16:34:26.444001,162452.58000000002,19
1742ecb5-f97c-4a41-9784-4c781a881845,2,6342.3,CARD,WITHDRAWAL,IN,KNOWN-2,2026-05-26T17:40:26.444001,171428.49000000002,20
350e30b0-dad2-4e1c-b303-93193fe2ab26,2,5723.65,CARD,TRANSFER,IN,KNOWN-2,2026-05-26T18:06:26.444001,177770.79,21
212d2b93-e162-428b-a9c6-8965e6c48835,2,7293.9,CARD,WITHDRAWAL,IN,KNOWN-2,2026-05-26T18:15:26.444001,174982.02000000002,21
0d5a0826-8e69-4557-b19f-bd482f5e46da,2,3422.08,CARD,TRANSFER,IN,KNOWN-2,2026-05-26T19:22:26.444001,179165.44000000003,21
f8262255-5fc3-4340-be79-db170d97a001,2,8857.28,CARD,TRANSFER,IN,KNOWN-2,2026-05-26T19:44:26.444001,182587.52000000002,22
646182d7-13cc-4091-8b0a-9eba72f13202,2,3667.61,NET_BANKING,WITHDRAWAL,US,DEV-a6d96e,2026-05-26T19:53:26.444001,191444.80000000002,23
6e5b59b6-34ba-4bfd-9771-aa90afe7c2f9,2,7202.47,CARD,TRANSFER,IN,KNOWN-2,2026-05-26T21:18:26.444001,172486.96999999997,22
0e3dec77-0698-47ea-820a-4a0fb411eca2,2,5616.59,NET_BANKING,WITHDRAWAL,IN,KNOWN-2,2026-05-26T22:47:26.444001,173053.49999999997,22
e3a6d4d9-c86d-4f5f-bb31-65f3fc6073ce,2,8458.03,CARD,DEPOSIT,IN,KNOWN-2,2026-05-26T23:28:26.444001,171028.24999999997,22
c19607c8-484d-4504-8c5e-c7d68264a3c2,2,4378.83,CARD,DEPOSIT,IN,DEV-4c5fde,2026-05-27T00:22:26.444001,179486.27999999997,23
30105e11-8624-4027-b7e8-c1fe7777b704,2,8328.79,CARD,WITHDRAWAL,IN,KNOWN-2,2026-05-27T00:46:26.444001,180259.41999999995,23
b7a4e16b-344b-4c1e-82da-5eed3ef46fdd,2,10984.47,CARD,TRANSFER,IN,DEV-7caef8,2026-05-27T01:01:26.444001,188588.20999999996,24
8f777bf4-be89-4c71-85a7-2b073f23a5ee,2,10535.8,UPI,TRANSFER,IN,KNOWN-2,2026-05-27T02:50:26.444001,183347.99,23
273f6442-ce86-4dee-95ae-74c28ebdf143,2,4345.97,CARD,DEPOSIT,IN,KNOWN-2,2026-05-27T03:43:26.444001,182223.83999999997,23
83e5430f-c989-4d4b-b0fa-444d888c28a1,2,5614.91,UPI,TRANSFER,IN,DEV-39fae0,2026-05-27T05:14:26.444001,186569.80999999997,24
71e1ab34-0f62-48da-b9a1-a2f7785d5376,2,10014.84,UPI,DEPOSIT,IN,DEV-236ab7,2026-05-27T05:38:26.444001,179951.05,24
daa21588-1a34-4af9-8d9d-b94e70b29b3e,2,8322.75,CARD,WITHDRAWAL,IN,KNOWN-2,2026-05-27T06:20:26.444001,189965.88999999998,25
8368e682-2a8d-4ba9-84eb-cc3f5ee08ec3,2,2752.23,NET_BANKING,TRANSFER,IN,DEV-b4842a,2026-05-27T08:17:26.444001,187176.91999999998,25
b96a3ed4-eaa2-4dcf-abdd-835469ec3ede,3,22814.9,NET_BANKING,TRANSFER,IN,KNOWN-3,2026-05-25T18:58:26.444283,0,0
e2de0c26-8fb3-4b62-b0c0-f66357245384,3,10939.38,CARD,WITHDRAWAL,IN,KNOWN-3,2026-05-25T20:41:26.444283,22814.9,1
9845ca42-f4af-4ae4-a611-e423cab93cfe,3,9566.15,CARD,TRANSFER,IN,DEV-e11d47,2026-05-25T21:26:26.444283,33754.28,2
7a6bab60-5c81-4d9d-bb1f-a6d655c54e83,3,15234.98,CARD,TRANSFER,SG,DEV-2a929f,2026-05-25T22:43:26.444283,43320.43,3
d7bd2b11-dfc2-4718-930c-3e84a64942a4,3,7463.53,CARD,WITHDRAWAL,IN,DEV-d16307,2026-05-26T00:09:26.444283,58555.41,4
299ed644-aa96-414c-8b37-618f9d216401,3,20977.35,CARD,DEPOSIT,IN,KNOWN-3,2026-05-26T00:42:26.444283,66018.94,5
ff87c7cc-3b4c-4555-ab83-c61417a0c3b8,3,11759.5,CARD,WITHDRAWAL,IN,KNOWN-3,2026-05-26T01:56:26.444283,86996.29000000001,6
4832065e-80cc-41ad-ba19-78be154d5efb,3,6976.93,NET_BANKING,TRANSFER,IN,KNOWN-3,2026-05-26T02:23:26.444283,98755.79000000001,7
5a94ee9f-7f1c-455c-9b9f-d247368fb6e3,3,22267.64,CARD,TRANSFER,IN,KNOWN-3,2026-05-26T03:59:26.444283,105732.72,8
a34ceedd-0d10-46a2-bf5e-a867fd68f52f,3,18424.88,CARD,WITHDRAWAL,IN,KNOWN-3,2026-05-26T05:13:26.444283,128000.36,9
cf768393-928b-4d61-a953-3d04ab2c8642,3,24103.81,CARD,DEPOSIT,IN,DEV-9f8bae,2026-05-26T07:07:26.444283,146425.24,10
b306f08b-f687-4929-82b4-14aaa99df5ad,3,8134.17,UPI,WITHDRAWAL,IN,KNOWN-3,2026-05-26T07:37:26.444283,170529.05,11
77e87dea-51a9-4f68-8e5b-5a0c09ffd1b9,3,17398.61,CARD,TRANSFER,IN,DEV-051d33,2026-05-26T08:53:26.444283,178663.22,12
19145287-e337-429d-84fe-9e3180234483,3,22561.06,CARD,DEPOSIT,US,KNOWN-3,2026-05-26T10:37:26.444283,196061.83000000002,13
e2bee927-cf36-480b-bac2-c0eaaadab1e4,3,6434.84,CARD,TRANSFER,IN,DEV-64d113,2026-05-26T10:46:26.444283,218622.89,14
08b83a91-bbb6-4a7b-9d8a-cec9ffed005a,3,24062.04,CARD,TRANSFER,IN,DEV-c8a768,2026-05-26T11:25:26.444283,225057.73,15
643c72db-fa75-4368-ba3a-2af5e96f0f66,3,5008.0,CARD,WITHDRAWAL,IN,KNOWN-3,2026-05-26T13:09:26.444283,249119.77000000002,16
6da460f7-6c01-4c61-b022-9aa182d1c54a,3,22304.53,CARD,WITHDRAWAL,IN,KNOWN-3,2026-05-26T15:07:26.444283,254127.77000000002,17
5f0ae978-ab3a-473c-bc4a-1f2aa3477bfd,3,8891.47,NET_BANKING,TRANSFER,IN,KNOWN-3,2026-05-26T15:17:26.444283,276432.30000000005,18
db3c069d-70db-46df-b99a-2c832cf8168f,3,13967.3,CARD,TRANSFER,IN,KNOWN-3,2026-05-26T16:59:26.444283,285323.77,19
d65e7075-0b25-43a8-ae49-8cccb298f861,3,8318.72,CARD,WITHDRAWAL,IN,KNOWN-3,2026-05-26T18:44:26.444283,299291.07,20
530e4b9d-95d5-413b-a2cb-9778ee984cd1,3,17436.79,CARD,WITHDRAWAL,IN,KNOWN-3,2026-05-26T19:16:26.444283,284794.88999999996,20
17003177-6e0e-4a2f-98b2-b5fb0b983ae6,3,22715.66,CARD,TRANSFER,IN,DEV-5b7e0e,2026-05-26T19:46:26.444283,302231.67999999993,21
416913f0-060b-4b7a-8dbf-6f782fc938a9,3,14053.22,UPI,WITHDRAWAL,IN,KNOWN-3,2026-05-26T21:19:26.444283,314007.95999999996,21
48431018-93bf-4846-bcb1-fbf6b9d4e565,3,19620.29,CARD,TRANSFER,IN,KNOWN-3,2026-05-26T23:15:26.444283,303260.04999999993,20
9528a2b1-ec7a-447e-9d61-c9e0aefbe9d1,3,18749.65,CARD,WITHDRAWAL,IN,KNOWN-3,2026-05-26T23:33:26.444283,322880.3399999999,21
47645b63-d8a3-4f25-b63e-a8d092706a95,3,11368.47,CARD,TRANSFER,IN,KNOWN-3,2026-05-27T01:04:26.444283,313189.11,20
a209fd1a-5ec5-4dc5-853d-0c94c09b5a12,3,6160.35,CARD,WITHDRAWAL,IN,KNOWN-3,2026-05-27T02:50:26.444283,305821.14999999997,19
907ae224-a7ea-4f1e-92ad-4ee142b18fbe,3,7532.43,CARD,WITHDRAWAL,IN,DEV-bf7844,2026-05-27T03:38:26.444283,311981.49999999994,20
4f31916a-f903-423e-8b6c-bc0a66c17e14,3,10778.69,CARD,WITHDRAWAL,IN,KNOWN-3,2026-05-27T04:01:26.444283,297246.29,20
4a31f5f5-7ac2-489e-9d26-58be88a485da,3,24791.12,CARD,DEPOSIT,SG,KNOWN-3,2026-05-27T04:28:26.444283,308024.98,21
4e11a2b5-d763-4e1d-83c1-1e00252bcea8,3,5494.34,CARD,WITHDRAWAL,IN,KNOWN-3,2026-05-27T06:15:26.444283,314391.22,21
755e4cc7-ddd6-49d8-a681-280cdaefb333,3,19997.1,CARD,WITHDRAWAL,IN,DEV-7b03e6,2026-05-27T07:05:26.444283,319885.56,22
03bee4a9-e284-4b63-b7ee-87c8802a2242,3,20896.61,CARD,WITHDRAWAL,IN,KNOWN-3,2026-05-27T08:20:26.444283,307644.68,21
bd7f8e9c-dc47-4925-8cf9-9bc7139d9e65,3,20227.87,CARD,WITHDRAWAL,IN,KNOWN-3,2026-05-27T09:19:26.444283,311142.68,21
7f3ad8f9-129f-4c01-8628-c0e7e492e20d,3,10688.66,UPI,WITHDRAWAL,IN,KNOWN-3,2026-05-27T10:05:26.444283,331370.55,22
2f42aa7e-9d0c-4a3a-9352-d6d65305131c,3,20217.7,CARD,TRANSFER,IN,KNOWN-3,2026-05-27T11:46:26.444283,289001.26999999996,20
3c972acc-1a8c-4f82-969f-1f6088ed24db,4,4407.06,CARD,WITHDRAWAL,SG,KNOWN-4,2026-05-25T18:29:26.444526,0,0
e067c457-7e1e-4239-bb63-e0cd672cce3f,4,1726.34,CARD,WITHDRAWAL,IN,KNOWN-4,2026-05-25T19:50:26.444526,4407.06,1
3a24c18e-22a3-431a-82f9-ae8cef64424c,4,3192.51,CARD,WITHDRAWAL,IN,DEV-5d805c,2026-05-25T21:08:26.444526,6133.400000000001,2
9ec0bed3-fa1d-4400-bd71-0afb17782ec3,4,4563.92,CARD,WITHDRAWAL,IN,KNOWN-4,2026-05-25T22:43:26.444526,9325.91,3
1be56188-822b-4a68-abc3-46b851aa8efd,4,2409.44,CARD,WITHDRAWAL,IN,KNOWN-4,2026-05-25T23:31:26.444526,13889.83,4
423c6d51-2b8e-4555-8dfc-734bd0e545e4,4,4829.99,NET_BANKING,WITHDRAWAL,IN,KNOWN-4,2026-05-25T23:42:26.444526,16299.27,5
c467f693-51fb-4c1e-8247-6fc8d045bb76,4,3663.95,UPI,TRANSFER,IN,KNOWN-4,2026-05-26T00:48:26.444526,21129.260000000002,6
78a38fa1-3f18-4e5c-9710-a9761e7502a5,4,3544.9,CARD,TRANSFER,SG,KNOWN-4,2026-05-26T02:07:26.444526,24793.210000000003,7
2314316f-b8d5-43bd-9c67-5109503f0458,4,4790.16,CARD,WITHDRAWAL,IN,KNOWN-4,2026-05-26T03:28:26.444526,28338.110000000004,8
5158522d-e688-43d1-81eb-0a28f8dcc6c8,4,1769.58,CARD,DEPOSIT,IN,KNOWN-4,2026-05-26T04:35:26.444526,33128.270000000004,9
fa9baa03-7f70-4fd0-9ca2-1cdcc3076602,4,1214.11,CARD,WITHDRAWAL,IN,KNOWN-4,2026-05-26T05:05:26.444526,34897.850000000006,10
ed63d34d-0ace-459e-9afe-1783f98ae0c4,4,1422.63,CARD,WITHDRAWAL,IN,KNOWN-4,2026-05-26T05:32:26.444526,36111.96000000001,11
fad6fc51-d921-4466-8e3d-b67258f5a476,4,2095.49,CARD,TRANSFER,SG,KNOWN-4,2026-05-26T07:16:26.444526,37534.590000000004,12
05556bcb-0c03-47e5-a6d7-aebd3e4b491f,4,2416.85,CARD,DEPOSIT,IN,KNOWN-4,2026-05-26T07:21:26.444526,39630.08,13
51d11308-5fca-4651-97f2-3eec9ebbea35,4,1285.22,CARD,WITHDRAWAL,IN,KNOWN-4,2026-05-26T09:20:26.444526,42046.93,14
75c7b768-3475-4707-a423-a6ca5b793657,4,2627.57,NET_BANKING,TRANSFER,IN,KNOWN-4,2026-05-26T10:46:26.444526,43332.15,15
7298d1f0-f02f-4863-bbcb-13b26e5cbd2c,4,2657.51,CARD,TRANSFER,IN,KNOWN-4,2026-05-26T11:24:26.444526,45959.72,16
eaa84d14-3b1f-49a2-a5a4-d5e1ca7a077a,4,2925.87,CARD,TRANSFER,IN,KNOWN-4,2026-05-26T12:02:26.444526,48617.23,17
d99cdbcd-66ee-42e2-bc8e-40231cc3be94,4,2997.39,CARD,DEPOSIT,IN,KNOWN-4,2026-05-26T13:38:26.444526,51543.100000000006,18
2ac3fbdc-58e0-4f04-8ed2-689fdb94e009,4,2196.61,CARD,TRANSFER,IN,DEV-94e0db,2026-05-26T14:41:26.444526,54540.490000000005,19
2126146a-96ec-4296-9aa6-afdb0cc71f95,5,27921.75,CARD,WITHDRAWAL,IN,KNOWN-5,2026-05-25T17:22:26.444643,0,0
fd78c564-2162-46cf-8f9f-e1faf65f9d52,5,23419.19,UPI,TRANSFER,IN,KNOWN-5,2026-05-25T17:56:26.444643,27921.75,1
f2c57f27-c761-4ecc-8277-e41d98044ccd,5,10812.28,NET_BANKING,DEPOSIT,IN,DEV-aa05a2,2026-05-25T18:25:26.444643,51340.94,2
bc1cb957-e1dd-427e-8a1c-6c8f823faf23,5,30131.56,CARD,DEPOSIT,SG,DEV-1c79ee,2026-05-25T19:39:26.444643,62153.22,3
761ca211-b20d-45e2-b67f-36afb4012bfd,5,13606.51,CARD,WITHDRAWAL,IN,KNOWN-5,2026-05-25T21:05:26.444643,92284.78,4
e45e5a5a-8514-4138-8c1f-2976846f4ca7,5,32393.58,CARD,TRANSFER,IN,DEV-92f1e7,2026-05-25T22:29:26.444643,105891.29,5
e50fbdbd-00cd-4c77-afad-2356101ac837,5,47596.73,CARD,TRANSFER,IN,KNOWN-5,2026-05-25T23:27:26.444643,138284.87,6
78a6418b-3ec6-48dd-83ea-597992248848,5,21421.05,CARD,WITHDRAWAL,IN,KNOWN-5,2026-05-26T01:00:26.444643,185881.6,7
bd5a2994-7133-41e2-b0c5-206e67e7a23e,5,39564.22,CARD,TRANSFER,IN,KNOWN-5,2026-05-26T01:29:26.444643,207302.65,8
98328b4e-4819-453f-bb0f-c41113374e48,5,20108.31,CARD,DEPOSIT,IN,KNOWN-5,2026-05-26T01:59:26.444643,246866.87,9
7448b8dd-61a3-4f11-bbf3-c6d340502d20,5,33490.96,CARD,WITHDRAWAL,US,KNOWN-5,2026-05-26T02:38:26.444643,266975.18,10
7b4cc475-9327-4e90-bc1a-648602103946,5,39519.19,CARD,WITHDRAWAL,IN,KNOWN-5,2026-05-26T03:56:26.444643,300466.14,11
b0e09337-55a0-4cc0-8904-ab0fcd137c42,5,47175.93,CARD,WITHDRAWAL,IN,KNOWN-5,2026-05-26T05:42:26.444643,339985.33,12
a065239e-e420-40ae-9205-4724939fd30b,5,40370.19,CARD,WITHDRAWAL,IN,KNOWN-5,2026-05-26T07:08:26.444643,387161.26,13
de7809fe-0b36-46a2-a4ad-f040df92ebfa,5,38639.93,CARD,WITHDRAWAL,IN,KNOWN-5,2026-05-26T07:59:26.444643,427531.45,14
fe6bc313-4ab0-4ee8-8ed8-f05de88a0521,5,11386.44,CARD,WITHDRAWAL,IN,KNOWN-5,2026-05-26T08:56:26.444643,466171.38,15
9d74fcdd-0b07-4071-90a8-a8c2d6faff1f,5,10884.67,CARD,WITHDRAWAL,IN,KNOWN-5,2026-05-26T10:03:26.444643,477557.82,16
b12b6e70-cca5-4203-89a6-63ffb347bfce,5,20203.2,CARD,WITHDRAWAL,IN,DEV-2e9d94,2026-05-26T10:27:26.444643,488442.49,17
bf5efdfe-9b34-4338-ad90-78a661d3faa5,5,18401.58,NET_BANKING,DEPOSIT,IN,KNOWN-5,2026-05-26T10:38:26.444643,508645.69,18
93891969-72c2-4407-abbd-a91ecb6e2999,5,44262.24,NET_BANKING,WITHDRAWAL,IN,KNOWN-5,2026-05-26T11:18:26.444643,527047.27,19
6a7838fb-2d3b-4a96-b0d6-82a3012fdb64,5,16107.33,CARD,WITHDRAWAL,IN,KNOWN-5,2026-05-26T12:36:26.444643,571309.51,20
9ccaa42a-8be3-4d0e-9685-cafd813c590c,5,31263.11,NET_BANKING,WITHDRAWAL,IN,KNOWN-5,2026-05-26T14:31:26.444643,587416.84,21
1c41fb81-96e4-47a9-94d5-4f8a4e2555cb,5,42523.13,CARD,TRANSFER,IN,KNOWN-5,2026-05-26T15:05:26.444643,618679.95,22
b4fc1d6f-2386-4635-bf04-82e7cc473bd8,5,47959.2,CARD,TRANSFER,IN,KNOWN-5,2026-05-26T16:42:26.444643,661203.08,23
7754b83b-7e14-43aa-97c8-05e8d4df139d,5,35998.51,UPI,DEPOSIT,IN,KNOWN-5,2026-05-26T18:39:26.444643,647009.0599999999,21
d4f6bda4-5d8b-409a-8863-e088cffa4a02,5,48137.42,CARD,WITHDRAWAL,IN,KNOWN-5,2026-05-26T19:34:26.444643,683007.57,22
e032c76d-427f-4aae-bbd8-78a7e3b83a30,5,31802.22,UPI,TRANSFER,AE,KNOWN-5,2026-05-26T20:25:26.444643,701013.43,22
4d02ad05-f686-499c-b253-cc7e250debb1,5,15796.74,CARD,WITHDRAWAL,IN,DEV-873f98,2026-05-26T20:48:26.444643,732815.65,23
4edeb1d2-54f6-447a-8ff9-8cd739a534d0,5,14936.91,CARD,WITHDRAWAL,IN,KNOWN-5,2026-05-26T21:51:26.444643,735005.88,23
daf0f9d7-33d1-4c99-83d7-b3b7d6c4e746,5,19958.63,CARD,WITHDRAWAL,IN,KNOWN-5,2026-05-26T23:12:26.444643,717549.21,23
f6d24e63-f0d3-400e-9cfc-2d3a1fd7aa5e,5,22825.12,UPI,TRANSFER,IN,KNOWN-5,2026-05-26T23:30:26.444643,689911.1100000001,23
606a7eb3-a685-49f2-a19c-b9b2854c83ae,5,39304.5,CARD,DEPOSIT,IN,DEV-d2b419,2026-05-27T00:19:26.444643,712736.2300000001,24
7d743661-c287-4f3a-b418-6289b6a28036,5,36357.13,CARD,TRANSFER,SG,KNOWN-5,2026-05-27T01:54:26.444643,691055.4600000001,23
312a4fa9-f8b7-438f-bba8-233c434b96cb,5,34990.07,CARD,TRANSFER,IN,KNOWN-5,2026-05-27T03:04:26.444643,673813.3200000001,22
730c4898-0ba3-4566-b70b-7f26fcfe30ea,5,39659.31,CARD,TRANSFER,SG,KNOWN-5,2026-05-27T03:55:26.444643,708803.39,23
082b83ce-7970-4d4c-85d7-823e4cdacb79,6,6042.31,NET_BANKING,TRANSFER,IN,DEV-2edfd7,2026-05-25T18:34:26.444873,0,0
27267791-3c2a-430d-8cba-795a336e197e,6,20741.66,UPI,DEPOSIT,IN,DEV-625d51,2026-05-25T19:36:26.444873,6042.31,1
a286af99-57b1-4446-9bb8-871f0f1385f9,6,10152.21,UPI,TRANSFER,IN,KNOWN-6,2026-05-25T20:07:26.444873,26783.97,2
5bce04e8-b278-4263-a819-5bedb177497f,6,18981.52,UPI,DEPOSIT,IN,DEV-c54778,2026-05-25T21:28:26.444873,36936.18,3
6b69be0c-f670-4269-9028-5adc265bd376,6,20010.08,UPI,DEPOSIT,IN,KNOWN-6,2026-05-25T23:21:26.444873,55917.7,4
2be49efb-261f-4f73-b730-0649ed3395aa,6,24306.54,NET_BANKING,TRANSFER,IN,KNOWN-6,2026-05-25T23:33:26.444873,75927.78,5
85c0c748-db7f-4a0d-88c9-37a6d8dede03,6,22613.89,UPI,WITHDRAWAL,IN,DEV-217c8c,2026-05-26T01:11:26.444873,100234.32,6
5cc51ad4-1f27-4a73-bfcf-d5b65229140c,6,16996.85,UPI,DEPOSIT,US,KNOWN-6,2026-05-26T01:33:26.444873,122848.21,7
f7bfadd2-9453-4426-91ab-5b2c4a47ae33,6,5907.51,UPI,WITHDRAWAL,IN,KNOWN-6,2026-05-26T01:56:26.444873,139845.06,8
d241f28d-b032-42a3-bc5b-0e1fda789c44,6,19060.4,UPI,DEPOSIT,US,KNOWN-6,2026-05-26T02:40:26.444873,145752.57,9
f04af470-2c4e-47c7-82d8-67b21f82947f,6,5791.95,UPI,WITHDRAWAL,IN,KNOWN-6,2026-05-26T04:06:26.444873,164812.97,10
3bfb071e-bc02-46cd-b920-5002d745da83,6,6033.97,CARD,TRANSFER,IN,KNOWN-6,2026-05-26T05:59:26.444873,170604.92,11
513c42da-3bf2-4d65-b800-5c71c61549a9,6,20866.34,NET_BANKING,DEPOSIT,US,KNOWN-6,2026-05-26T06:49:26.444873,176638.89,12
da69503f-ba5a-48ab-9972-086caf00ed3e,6,19479.88,UPI,DEPOSIT,IN,KNOWN-6,2026-05-26T07:25:26.444873,197505.23,13
02d2e647-c105-47d9-a23d-d231c78828a6,6,7710.19,UPI,TRANSFER,IN,DEV-383b14,2026-05-26T07:47:26.444873,216985.11000000002,14
a0b08870-2fb3-4e23-a27e-b6ee95faddd5,6,22744.24,UPI,DEPOSIT,IN,KNOWN-6,2026-05-26T08:06:26.444873,224695.30000000002,15
32cd8f5c-09ad-4a42-9c6f-7ac9b32dec77,6,20072.25,CARD,DEPOSIT,IN,KNOWN-6,2026-05-26T09:16:26.444873,247439.54,16
45589e8d-8155-468d-a8ae-e516c2c6b8b3,6,15982.65,UPI,WITHDRAWAL,IN,KNOWN-6,2026-05-26T11:07:26.444873,267511.79000000004,17
74d977c4-5b9f-4a3c-85d6-6a60eb4a5b45,6,12224.66,UPI,TRANSFER,SG,DEV-833768,2026-05-26T12:52:26.444873,283494.44000000006,18
d6fc35a9-c5fd-440d-8c03-b0e52107cca7,6,19281.91,UPI,DEPOSIT,IN,KNOWN-6,2026-05-26T14:42:26.444873,295719.10000000003,19
dd5dd8c4-ab80-40a2-8dc5-fdeb8fe6f481,6,13300.84,UPI,DEPOSIT,IN,DEV-7e6b65,2026-05-26T14:58:26.444873,315001.01,20
5680e8e7-043d-4568-b9cb-617e8406ec53,6,11615.23,UPI,TRANSFER,IN,DEV-3c2c07,2026-05-26T15:44:26.444873,328301.85000000003,21
1d3071e1-799d-477b-9700-926f9c83e017,6,18582.74,NET_BANKING,WITHDRAWAL,IN,KNOWN-6,2026-05-26T15:58:26.444873,339917.08,22
a9c6128d-0437-4f1a-b53d-43d42731e947,6,19395.08,UPI,TRANSFER,IN,DEV-87d375,2026-05-26T17:54:26.444873,358499.82,23
aa23a1f7-518a-4287-91ec-9364cde6e59c,6,16008.79,UPI,TRANSFER,IN,KNOWN-6,2026-05-26T18:14:26.444873,377894.9,24
cdf48c16-6648-4afb-bb14-3362eb6c5133,6,7837.03,UPI,TRANSFER,IN,KNOWN-6,2026-05-26T19:14:26.444873,387861.37999999995,24
743940cd-0ef5-4aee-a802-529002a2eccb,6,5685.44,NET_BANKING,WITHDRAWAL,SG,DEV-409365,2026-05-26T21:03:26.444873,364804.54000000004,23
cc87537d-0260-4469-b5ab-48033da3da6b,6,20786.01,UPI,TRANSFER,IN,DEV-fab85b,2026-05-26T22:04:26.444873,351508.46,23
1b58e0d7-07a7-482a-aa53-b4111a429f0d,7,9220.62,UPI,TRANSFER,IN,KNOWN-7,2026-05-25T18:00:26.445084,0,0
a866bd4f-7494-4e90-bc9b-843df3a652a5,7,13167.91,CARD,WITHDRAWAL,IN,DEV-65c4c4,2026-05-25T18:59:26.445084,9220.62,1
5f6d8f98-f657-40ff-8e9c-2b48e90e727a,7,7515.31,UPI,WITHDRAWAL,IN,KNOWN-7,2026-05-25T19:34:26.445084,22388.53,2
39845dfd-b798-461f-8fca-0653a8574b59,7,24799.98,UPI,WITHDRAWAL,AE,KNOWN-7,2026-05-25T21:14:26.445084,29903.84,3
aa9913b3-13c5-4794-9047-7be15ced3910,7,9375.17,UPI,DEPOSIT,SG,KNOWN-7,2026-05-25T22:37:26.445084,54703.82,4
d3e70c7a-7d80-4308-9f27-877aa8ff9ed7,7,18791.81,UPI,DEPOSIT,IN,DEV-fb2c94,2026-05-25T23:05:26.445084,64078.99,5
17bff157-368a-47d3-b665-5c0aa0e99ea4,7,23899.32,UPI,WITHDRAWAL,IN,KNOWN-7,2026-05-26T01:02:26.445084,82870.8,6
9bcdbdf3-f27f-4e3b-a06c-f7149825924e,7,8459.18,UPI,DEPOSIT,IN,KNOWN-7,2026-05-26T01:30:26.445084,106770.12,7
50b48454-7828-44d4-85a4-8594dec38da7,7,23487.14,NET_BANKING,DEPOSIT,IN,KNOWN-7,2026-05-26T02:50:26.445084,115229.29999999999,8
9a1b39b3-28b8-4150-b2ac-07ff48feefe6,7,24838.22,UPI,WITHDRAWAL,IN,KNOWN-7,2026-05-26T04:24:26.445084,138716.44,9
4d5995e5-e276-47b7-8e79-1905146cab3c,7,13368.61,CARD,DEPOSIT,IN,KNOWN-7,2026-05-26T05:43:26.445084,163554.66,10
601c81d0-2ade-4b5e-a0d6-c38b75177d2c,7,17043.89,UPI,DEPOSIT,IN,KNOWN-7,2026-05-26T07:14:26.445084,176923.27000000002,11
7411e1de-315a-4bad-83fe-72e847f92596,7,23644.68,UPI,DEPOSIT,IN,KNOWN-7,2026-05-26T08:20:26.445084,193967.16000000003,12
ef8a6320-fa7a-474d-b192-94760078d242,7,12214.13,UPI,DEPOSIT,IN,DEV-611cbd,2026-05-26T09:39:26.445084,217611.84000000003,13
6ee600e3-c413-4159-b41f-ab8b87b2409c,7,6509.3,UPI,DEPOSIT,IN,KNOWN-7,2026-05-26T10:54:26.445084,229825.97000000003,14
5249485f-7300-4880-98c3-8090c439a588,7,11206.98,CARD,WITHDRAWAL,IN,KNOWN-7,2026-05-26T12:20:26.445084,236335.27000000002,15
80a3fb71-33ad-4633-848f-71067047d837,7,10898.77,NET_BANKING,DEPOSIT,IN,KNOWN-7,2026-05-26T12:42:26.445084,247542.25000000003,16
b12eaaae-ea48-4fa3-b616-41457a535ea1,7,20497.93,UPI,TRANSFER,IN,DEV-3a6b9d,2026-05-26T13:03:26.445084,258441.02000000002,17
c236ca67-41bd-4768-a177-1d10dca2408d,7,14767.47,UPI,TRANSFER,IN,KNOWN-7,2026-05-26T14:59:26.445084,278938.95,18
3d303d9c-177a-4e56-9af8-e01896b1634e,7,15955.89,UPI,WITHDRAWAL,IN,KNOWN-7,2026-05-26T15:11:26.445084,293706.42,19
793a6ff3-2905-4bf9-95c4-cf0de3b75e2d,7,16846.7,UPI,WITHDRAWAL,IN,DEV-3f0aa2,2026-05-26T17:05:26.445084,309662.31,20
bde19b3c-3d53-4240-820e-90cce8f0bb2b,7,9457.53,UPI,WITHDRAWAL,SG,KNOWN-7,2026-05-26T18:24:26.445084,317288.38999999996,20
3bba80b6-4773-4e38-867d-4d28a729bbd6,7,14775.73,UPI,DEPOSIT,IN,KNOWN-7,2026-05-26T20:09:26.445084,306062.7,19
c6bbf4ba-a2bf-4620-bc5f-b12aebdecfac,7,21673.91,NET_BANKING,TRANSFER,IN,KNOWN-7,2026-05-26T21:19:26.445084,296038.45,19
dbcdcb32-0e6b-44e1-968f-e385709141ff,7,14236.61,UPI,DEPOSIT,IN,KNOWN-7,2026-05-26T21:24:26.445084,317712.36,20
c38f7fb3-0261-4754-a769-38c0b5bc3402,7,15765.94,UPI,DEPOSIT,IN,KNOWN-7,2026-05-26T22:34:26.445084,331948.97,21
985229df-1170-4ac3-a0c2-15ba83006538,7,23443.24,UPI,DEPOSIT,IN,KNOWN-7,2026-05-26T23:22:26.445084,319547.93,20
025ab515-45ab-434d-90a5-c343217ca836,7,20115.15,UPI,WITHDRAWAL,IN,DEV-19977d,2026-05-27T01:20:26.445084,319091.85,20
a1e9b760-1b1c-430b-99e6-1fce4024e06c,7,8468.44,UPI,DEPOSIT,IN,KNOWN-7,2026-05-27T03:03:26.445084,307260.68000000005,19
3baa9d4d-84df-4280-9dfc-3762c9b5a2ed,7,18767.06,UPI,DEPOSIT,IN,KNOWN-7,2026-05-27T04:20:26.445084,315729.12000000005,20
c1969428-ea21-48e4-9ab5-8b5c1be42825,7,8793.08,UPI,TRANSFER,IN,KNOWN-7,2026-05-27T05:25:26.445084,309657.9600000001,20
b446915d-cbb5-426b-85f0-dea156d0b5b2,7,12064.18,UPI,TRANSFER,IN,KNOWN-7,2026-05-27T05:54:26.445084,305082.43000000005,20
a75e83fb-53c8-472f-b561-cfcc00ea3d2c,7,13560.7,UPI,WITHDRAWAL,IN,DEV-3204ad,2026-05-27T06:41:26.445084,317146.61000000004,21
08b1b500-510b-475e-9119-1626965c3e0b,7,9876.56,UPI,WITHDRAWAL,IN,KNOWN-7,2026-05-27T07:51:26.445084,313663.42000000004,21
4b0fade3-40ef-43ed-a8a3-104f14dd2403,7,18706.39,NET_BANKING,DEPOSIT,IN,KNOWN-7,2026-05-27T09:03:26.445084,299895.3,21
10eac7db-a565-459e-ac97-70fc0554996a,7,16578.7,UPI,TRANSFER,IN,KNOWN-7,2026-05-27T09:52:26.445084,306387.56,21
d793811f-727e-43b0-a7f5-41ab0e7e58e1,8,21150.06,CARD,TRANSFER,IN,KNOWN-8,2026-05-25T17:45:26.445335,0,0
e09db91f-612f-449c-85b6-2830e831abf1,8,11307.98,CARD,WITHDRAWAL,IN,DEV-b881bc,2026-05-25T18:30:26.445335,21150.06,1
9eb8adf7-d360-4493-b659-7b8421c6bc3f,8,11450.12,NET_BANKING,TRANSFER,US,KNOWN-8,2026-05-25T18:55:26.445335,32458.04,2
579ce346-6ada-4784-80d9-1695c562d551,8,15748.54,CARD,TRANSFER,IN,KNOWN-8,2026-05-25T19:07:26.445335,43908.16,3
51a492ab-ca56-40fd-b88a-ebaea32fae44,8,13645.05,CARD,DEPOSIT,IN,KNOWN-8,2026-05-25T20:50:26.445335,59656.700000000004,4
9d0026e6-1b08-4d8e-9769-6a1395516dbc,8,6248.87,NET_BANKING,DEPOSIT,IN,KNOWN-8,2026-05-25T22:36:26.445335,73301.75,5
9bda78c3-f433-4129-9db2-073f1b242eb7,8,20410.31,CARD,TRANSFER,IN,KNOWN-8,2026-05-25T23:18:26.445335,79550.62,6
04d18360-6a0e-4607-aa0b-144a3e96a02a,8,18574.85,CARD,WITHDRAWAL,IN,KNOWN-8,2026-05-25T23:25:26.445335,99960.93,7
b63d109a-b6b2-433d-ba94-d11549b830b2,8,19093.61,CARD,WITHDRAWAL,IN,KNOWN-8,2026-05-25T23:42:26.445335,118535.78,8
c463bc75-1003-4045-98f1-ded1783cd5a7,8,24148.88,CARD,TRANSFER,IN,KNOWN-8,2026-05-25T23:49:26.445335,137629.39,9
c25c1a32-ceeb-40bf-bb60-8e491a8baa46,8,23233.32,CARD,WITHDRAWAL,IN,KNOWN-8,2026-05-26T01:25:26.445335,161778.27000000002,10
351930b9-73d9-4f64-ab98-ac746a8dc09c,8,8484.42,CARD,TRANSFER,IN,KNOWN-8,2026-05-26T03:25:26.445335,185011.59000000003,11
cea41851-b3a0-4cdf-b457-8925360d5c5c,8,13795.08,CARD,WITHDRAWAL,IN,KNOWN-8,2026-05-26T04:54:26.445335,193496.01000000004,12
373871a4-4525-4eb4-b980-782b5e268047,8,10210.54,CARD,DEPOSIT,IN,KNOWN-8,2026-05-26T06:09:26.445335,207291.09000000003,13
7ddc913a-4876-4a6f-a778-a2ba4692f456,8,12565.95,CARD,TRANSFER,IN,KNOWN-8,2026-05-26T06:17:26.445335,217501.63000000003,14
a0b51c5f-fd8b-470b-a796-047c591dabe0,8,7829.92,CARD,TRANSFER,IN,DEV-3c3871,2026-05-26T07:44:26.445335,230067.58000000005,15
c5bd5cfe-7f88-4915-82e9-35b298746989,8,11400.69,CARD,DEPOSIT,IN,DEV-047580,2026-05-26T08:16:26.445335,237897.50000000006,16
e455650f-a753-40ec-a246-e239ffe8c36d,8,14013.39,CARD,WITHDRAWAL,IN,KNOWN-8,2026-05-26T09:16:26.445335,249298.19000000006,17
88788cb2-ee6b-4527-a22b-eebd3cc06352,8,6528.51,CARD,TRANSFER,IN,KNOWN-8,2026-05-26T10:09:26.445335,263311.5800000001,18
3be40c5a-22c6-44db-80c6-0a4111382239,8,8080.31,CARD,DEPOSIT,IN,KNOWN-8,2026-05-26T10:19:26.445335,269840.0900000001,19
c13dc2d3-ffb2-4fa4-849a-b09ef40a5118,8,11094.11,NET_BANKING,TRANSFER,IN,DEV-d9176c,2026-05-26T12:10:26.445335,277920.4000000001,20
f0d7e1ba-571d-4688-9466-dbeaa3142696,8,15922.39,CARD,WITHDRAWAL,IN,KNOWN-8,2026-05-26T12:44:26.445335,289014.51000000007,21
e1f83417-2425-42ad-b8ff-4b7032c952ac,8,21589.35,CARD,TRANSFER,IN,KNOWN-8,2026-05-26T13:31:26.445335,304936.9000000001,22
f422d3b0-92dd-47b5-986b-fd2b6c0ac6da,8,9255.39,CARD,DEPOSIT,IN,KNOWN-8,2026-05-26T13:39:26.445335,326526.25000000006,23
491fbe94-2dda-421f-9da0-96e13501f417,8,22725.85,NET_BANKING,TRANSFER,IN,KNOWN-8,2026-05-26T14:30:26.445335,335781.6400000001,24
9a6ceff8-1581-4af5-b5b4-2ffaee4fa861,8,17741.06,CARD,WITHDRAWAL,IN,KNOWN-8,2026-05-26T15:25:26.445335,358507.49000000005,25
0d365830-9100-4d54-83e8-8cbbbc5a2fdf,8,20101.29,CARD,DEPOSIT,IN,KNOWN-8,2026-05-26T16:06:26.445335,376248.55000000005,26
efb1037a-0d88-4963-b0bb-18d2de2bbe22,8,18993.75,NET_BANKING,DEPOSIT,IN,KNOWN-8,2026-05-26T16:43:26.445335,396349.84,27
67de3247-10af-4374-bf95-f7c777c65d59,8,18084.42,CARD,TRANSFER,IN,DEV-d95d9a,2026-05-26T18:32:26.445335,382885.55,26
ef032bcc-6b98-446f-9f27-81066c5a0747,8,11207.61,CARD,DEPOSIT,IN,KNOWN-8,2026-05-26T19:51:26.445335,373771.31,25
9c17a02f-3669-41be-88d1-a40d89ed99bb,8,7882.98,CARD,DEPOSIT,IN,KNOWN-8,2026-05-26T21:29:26.445335,371333.86999999994,25
6dee971d-2174-4c0e-8102-cb4450486054,8,18645.1,CARD,DEPOSIT,IN,KNOWN-8,2026-05-26T21:47:26.445335,379216.8499999999,26
17826df5-f05b-474a-879f-ee467c06c9be,8,13948.89,CARD,DEPOSIT,IN,DEV-025475,2026-05-26T22:41:26.445335,391613.0799999999,26
c87ba815-9ad0-4ba4-8b90-f1aff127510e,8,5088.47,CARD,TRANSFER,AE,KNOWN-8,2026-05-26T23:56:26.445335,323334.31999999995,23
8019eb6b-408a-46f6-b00c-8961cd6fb8bb,8,18300.34,CARD,WITHDRAWAL,IN,DEV-1dac4c,2026-05-27T01:40:26.445335,305189.4699999999,23
bfd3531a-ee7b-4ad6-9988-658cb014133f,8,16611.37,CARD,DEPOSIT,IN,KNOWN-8,2026-05-27T02:26:26.445335,323489.80999999994,24
d1e77715-b34f-494b-9e9f-34d67eb6d94f,8,10927.08,UPI,DEPOSIT,IN,KNOWN-8,2026-05-27T02:36:26.445335,340101.17999999993,25
3eff16f9-4e45-4c56-a287-222693cfa652,8,22009.64,CARD,WITHDRAWAL,IN,KNOWN-8,2026-05-27T03:07:26.445335,351028.25999999995,26
c65a6fb4-7e45-44fe-9e03-e6ee9776b3ff,8,5801.3,CARD,DEPOSIT,IN,KNOWN-8,2026-05-27T03:52:26.445335,364553.48000000004,26
2bf0872f-96b5-4821-aaee-5eed8d753aae,9,2658.16,UPI,TRANSFER,IN,DEV-f40bc3,2026-05-25T17:57:26.445585,0,0
7a81f7ad-05c3-4fd6-84e9-855c9ea0799d,9,4646.6,UPI,TRANSFER,IN,KNOWN-9,2026-05-25T18:18:26.445585,2658.16,1
060cadfd-e228-445d-9a7f-6d8db436f35e,9,1949.48,NET_BANKING,WITHDRAWAL,IN,KNOWN-9,2026-05-25T19:13:26.445585,7304.76,2
a46d34e1-d61f-4364-8ae4-a91f89cf5a48,9,3563.79,UPI,WITHDRAWAL,SG,DEV-0f36ea,2026-05-25T20:16:26.445585,9254.24,3
7fa91328-3e5d-4cb1-82bc-bd48d1100c2b,9,4563.64,NET_BANKING,DEPOSIT,IN,KNOWN-9,2026-05-25T22:05:26.445585,12818.029999999999,4
b16f99b2-99cd-429b-ba74-9bb57cff7b2f,9,1944.64,UPI,TRANSFER,IN,KNOWN-9,2026-05-25T23:09:26.445585,17381.67,5
48e98d67-d9f3-4035-b1f7-a8de44359c68,9,2077.31,UPI,DEPOSIT,IN,KNOWN-9,2026-05-26T00:40:26.445585,19326.309999999998,6
1556b0c6-7f6e-4330-a494-09183346aef7,9,4542.48,NET_BANKING,DEPOSIT,IN,KNOWN-9,2026-05-26T02:07:26.445585,21403.62,7
97ff66ee-30b7-4eab-9fd7-da849f0daa03,9,2522.63,UPI,TRANSFER,IN,DEV-69a546,2026-05-26T04:01:26.445585,25946.1,8
f819f1e4-b53e-436a-8253-6b93cc20f1e5,9,4383.37,UPI,WITHDRAWAL,IN,KNOWN-9,2026-05-26T05:05:26.445585,28468.73,9
8f1bad41-db9a-49fb-aac7-231a9c1a1501,9,4465.1,CARD,TRANSFER,IN,KNOWN-9,2026-05-26T06:34:26.445585,32852.1,10
9ae97916-e37d-407d-bc7a-cc7e291ac16a,9,4321.73,UPI,DEPOSIT,US,DEV-714584,2026-05-26T07:59:26.445585,37317.2,11
7fc2518e-11ad-4451-a765-00316f6c9491,9,3574.61,UPI,DEPOSIT,IN,KNOWN-9,2026-05-26T09:19:26.445585,41638.92999999999,12
01be667d-2bc4-4a95-890e-57d05df5e6c4,9,3133.01,UPI,TRANSFER,IN,KNOWN-9,2026-05-26T10:52:26.445585,45213.53999999999,13
acc5374b-60fb-4f80-aca8-a5b5276022f0,9,3356.09,UPI,DEPOSIT,IN,KNOWN-9,2026-05-26T11:37:26.445585,48346.549999999996,14
09d7c13e-08c2-49ca-9bcf-3273820834de,9,4522.74,CARD,TRANSFER,IN,KNOWN-9,2026-05-26T12:20:26.445585,51702.64,15
f55479e5-1116-40f2-8ea7-55a72ae06d00,9,1041.42,UPI,WITHDRAWAL,IN,KNOWN-9,2026-05-26T14:15:26.445585,56225.38,16
8d94ea61-b1d9-4601-a7e3-af54c9955050,9,4664.49,UPI,TRANSFER,IN,KNOWN-9,2026-05-26T14:23:26.445585,57266.799999999996,17
3fb6e1cc-caf2-4cdf-94cb-df2ec2fc6a5d,9,3617.94,NET_BANKING,WITHDRAWAL,IN,KNOWN-9,2026-05-26T15:40:26.445585,61931.28999999999,18
803db6c0-565d-46a1-9fd8-d910237a0993,9,2079.75,UPI,WITHDRAWAL,IN,KNOWN-9,2026-05-26T16:22:26.445585,65549.23,19
91bce035-8d3c-410d-aa5c-157baf4a930f,9,2201.67,UPI,DEPOSIT,IN,KNOWN-9,2026-05-26T18:22:26.445585,60324.22,18
fbd0b4b3-747b-4e96-b882-79c82474b574,9,4171.84,CARD,WITHDRAWAL,IN,KNOWN-9,2026-05-26T19:02:26.445585,62525.89,19
6676bdf7-a9da-4c46-a171-83a5b69a6df7,9,3854.63,UPI,WITHDRAWAL,IN,KNOWN-9,2026-05-26T19:27:26.445585,64748.249999999985,19
b3483de3-0f2b-41ab-90b0-a1855acefe18,9,1706.74,UPI,WITHDRAWAL,SG,KNOWN-9,2026-05-26T20:20:26.445585,65039.08999999999,19
f4a4550b-0ee2-46eb-a4b1-4c5ac2be9d6d,9,4427.42,UPI,TRANSFER,SG,KNOWN-9,2026-05-26T20:51:26.445585,66745.82999999999,20
98810c8b-553e-491b-a7d6-bfcc235505b3,9,2200.93,CARD,DEPOSIT,IN,KNOWN-9,2026-05-26T22:01:26.445585,71173.24999999999,21
80050032-ccc8-4036-88b6-c57309d2e6e1,9,2729.0,CARD,WITHDRAWAL,IN,KNOWN-9,2026-05-26T23:30:26.445585,66865.89999999998,20
47bd7e45-ac28-4991-aa3a-cffca5705c56,9,4210.17,NET_BANKING,TRANSFER,AE,KNOWN-9,2026-05-27T00:04:26.445585,69594.89999999998,21
99e56e20-0f87-48e8-a579-01e3b3396ee1,9,2693.07,UPI,TRANSFER,US,KNOWN-9,2026-05-27T01:12:26.445585,71727.76,21
e4d4208b-0eef-405e-ba33-9fb69aff10e5,9,4221.85,UPI,WITHDRAWAL,IN,DEV-e7a800,2026-05-27T02:24:26.445585,69878.35,21
96de4bc2-5e2f-4b17-ae6a-e3e4b4939613,9,3954.83,UPI,WITHDRAWAL,IN,KNOWN-9,2026-05-27T03:32:26.445585,74100.20000000001,22
4f6ffbbe-7381-402f-ad9d-b26a81dc39ec,9,3195.8,CARD,WITHDRAWAL,IN,KNOWN-9,2026-05-27T03:43:26.445585,78055.03000000001,23
db26e765-fb97-4304-accb-6c29dcce8a06,9,2428.42,UPI,WITHDRAWAL,IN,DEV-1dae61,2026-05-27T04:45:26.445585,78728.2,23
f72d22fd-bfde-4d89-b38c-e125baf99d79,9,3631.07,UPI,WITHDRAWAL,IN,KNOWN-9,2026-05-27T05:22:26.445585,76773.24999999999,23
90dd0501-01a1-4a2f-a4d1-41e42fb742c1,10,10447.65,CARD,WITHDRAWAL,IN,KNOWN-10,2026-05-25T18:35:26.445795,0,0
54826555-7f9e-450f-a1e1-46d1bbdfc13d,10,75875.4653982554,NET_BANKING,WITHDRAWAL,IN,KNOWN-10,2026-05-25T19:17:26.445795,10447.65,1
98262fa1-6975-4040-ac0a-c8c499fe9624,10,23941.36,NET_BANKING,DEPOSIT,IN,DEV-6a964c,2026-05-25T21:10:26.445795,86323.1153982554,2
b408dbd1-9cc2-45a0-9365-aac41ce5d3ff,10,37901.67418225048,NET_BANKING,DEPOSIT,IN,KNOWN-10,2026-05-25T22:59:26.445795,110264.4753982554,3
00751c96-3612-4eb1-aedc-11ec6dc7461b,10,8230.5,NET_BANKING,WITHDRAWAL,IN,KNOWN-10,2026-05-25T23:13:26.445795,148166.14958050588,4
8831dae2-3d52-4923-8c13-f2e2766e6618,10,16814.24,NET_BANKING,DEPOSIT,SG,KNOWN-10,2026-05-25T23:54:26.445795,156396.64958050588,5
7aef4824-ac9a-4704-9f4f-49fa8597b166,10,23829.85,NET_BANKING,WITHDRAWAL,IN,KNOWN-10,2026-05-26T01:51:26.445795,173210.88958050587,6
984f5f6c-9c7b-4285-9bad-70fd90dd7c4a,10,58911.17113801985,NET_BANKING,WITHDRAWAL,IN,KNOWN-10,2026-05-26T02:29:26.445795,197040.73958050588,7
9d6af32b-ff70-4988-aff5-1c992a27e845,10,19496.49,NET_BANKING,TRANSFER,IN,KNOWN-10,2026-05-26T04:13:26.445795,255951.91071852573,8
aae9bd9b-ecde-400b-9254-d678c76515e4,10,15717.62,NET_BANKING,DEPOSIT,SG,KNOWN-10,2026-05-26T05:57:26.445795,275448.40071852575,9
5803cc37-2d7f-4f70-bdbf-78414aa49ad5,10,39801.56950200678,NET_BANKING,WITHDRAWAL,IN,KNOWN-10,2026-05-26T07:48:26.445795,291166.02071852575,10
0ad966c3-ff5e-4042-967c-fa9aeab2f046,10,5425.24,NET_BANKING,DEPOSIT,IN,KNOWN-10,2026-05-26T09:28:26.445795,330967.5902205325,11
79db3e8c-07e0-42e1-b807-33ec4fc2b6c4,10,8748.63,NET_BANKING,WITHDRAWAL,IN,KNOWN-10,2026-05-26T10:34:26.445795,336392.8302205325,12
807fa3a7-0dde-477a-ad6e-8f90ff23be23,10,53318.62133055839,CARD,DEPOSIT,IN,KNOWN-10,2026-05-26T12:27:26.445795,345141.4602205325,13
f2f03596-c7dc-46b2-a98c-455adba3c0c2,10,20852.48,NET_BANKING,TRANSFER,IN,KNOWN-10,2026-05-26T14:23:26.445795,398460.0815510909,14
d9f4acd7-415e-484a-b1a7-044e80c915c6,10,11347.28,NET_BANKING,WITHDRAWAL,SG,DEV-c2857d,2026-05-26T15:15:26.445795,419312.56155109085,15
ea5a67dc-e185-4a10-9976-8cba72ff8e14,10,17383.83,CARD,WITHDRAWAL,IN,KNOWN-10,2026-05-26T17:14:26.445795,430659.8415510909,16
062ff241-85a0-404f-b558-fdd300bf5218,10,11294.17,NET_BANKING,DEPOSIT,IN,KNOWN-10,2026-05-26T18:23:26.445795,448043.6715510909,17
41c1002a-7950-4974-b7ec-95b1875c4efb,10,5891.29,NET_BANKING,TRANSFER,IN,KNOWN-10,2026-05-26T19:01:26.445795,448890.19155109086,17
4ebcffec-2798-464f-bc98-3c104e955d00,10,17028.3,UPI,WITHDRAWAL,IN,KNOWN-10,2026-05-26T19:31:26.445795,378906.01615283545,17
e6266818-36da-4c9d-9e20-06ae9e1014ef,10,12537.72,NET_BANKING,WITHDRAWAL,IN,KNOWN-10,2026-05-26T20:25:26.445795,395934.31615283544,18
0a91dd5a-044d-444a-b0e7-bee5302a4b3e,10,19902.93,CARD,DEPOSIT,IN,KNOWN-10,2026-05-26T21:05:26.445795,408472.0361528354,19
62f86334-61f2-4adf-8dba-6df8923951ac,10,19529.91,NET_BANKING,TRANSFER,IN,DEV-fd357e,2026-05-26T21:33:26.445795,404433.6061528354,19
6fb7dc91-db9c-43f6-807e-039517e34f53,10,24997.92,CARD,DEPOSIT,IN,KNOWN-10,2026-05-26T23:18:26.445795,377831.34197058494,18
2e63c607-9aae-4cee-9fb3-1121287cfb4d,11,3617.29,CARD,WITHDRAWAL,IN,DEV-8be6e9,2026-05-25T17:41:26.445941,0,0
e31f6966-e238-4550-9e37-8903d34baba3,11,9187.05,NET_BANKING,WITHDRAWAL,IN,KNOWN-11,2026-05-25T19:27:26.445941,3617.29,1
05f1a190-63a3-43e1-be55-2d4ff7c49f27,11,6458.58,NET_BANKING,WITHDRAWAL,IN,KNOWN-11,2026-05-25T20:18:26.445941,12804.34,2
949cc66d-054b-4410-bf39-083b30ff4bfa,11,11882.45,CARD,TRANSFER,IN,KNOWN-11,2026-05-25T22:15:26.445941,19262.92,3
c64e4117-1bca-468c-bb84-e793b33ab2a2,11,3208.22,NET_BANKING,WITHDRAWAL,IN,KNOWN-11,2026-05-26T00:10:26.445941,31145.37,4
e669c0ae-41e3-4371-a95e-0fa32bcf8450,11,9347.34,NET_BANKING,TRANSFER,IN,KNOWN-11,2026-05-26T01:12:26.445941,34353.59,5
61058809-5a98-4fd0-b3c6-8210ff9debe0,11,3808.08,CARD,TRANSFER,AE,KNOWN-11,2026-05-26T02:45:26.445941,43700.92999999999,6
f4c56452-681f-48aa-aeba-10b635867fab,11,2584.1,NET_BANKING,WITHDRAWAL,IN,KNOWN-11,2026-05-26T04:38:26.445941,47509.009999999995,7
8fa9f19c-be12-427a-9a9a-20d949729f7e,11,11910.8,CARD,DEPOSIT,IN,KNOWN-11,2026-05-26T05:48:26.445941,50093.10999999999,8
0e989807-879c-4b72-b6f5-350046457d59,11,9751.36,NET_BANKING,WITHDRAWAL,SG,KNOWN-11,2026-05-26T07:11:26.445941,62003.90999999999,9
ddd9752a-8173-4d86-be30-adc7ac1af422,11,9971.37863714372,NET_BANKING,TRANSFER,IN,DEV-66de61,2026-05-26T08:40:26.445941,71755.26999999999,10
7320623c-3ab9-4869-bebe-ec07274eaba1,11,5843.44,NET_BANKING,WITHDRAWAL,US,KNOWN-11,2026-05-26T09:36:26.445941,81726.6486371437,11
2d8df2b4-9638-4218-91ba-5218e6ce0939,11,4613.47,NET_BANKING,WITHDRAWAL,AE,KNOWN-11,2026-05-26T11:11:26.445941,87570.08863714371,12
a13fb184-9ae5-4b76-a24c-3ae1d7300243,11,4706.9,NET_BANKING,TRANSFER,AE,DEV-a82975,2026-05-26T11:55:26.445941,92183.55863714371,13
1675166b-1448-4f37-b8ac-4ca22bff63eb,11,37733.813201638,NET_BANKING,WITHDRAWAL,IN,KNOWN-11,2026-05-26T12:47:26.445941,96890.4586371437,14
9d3ab242-74fb-4f6d-9127-49f8c65c9983,11,4801.16,NET_BANKING,WITHDRAWAL,IN,DEV-476813,2026-05-26T14:15:26.445941,134624.27183878171,15
d47a20c9-6049-42b2-b89f-3fd711cea7bf,11,18183.769587330116,NET_BANKING,DEPOSIT,IN,KNOWN-11,2026-05-26T15:20:26.445941,139425.43183878172,16
92eec70a-9743-411e-8207-300c7424d0bd,11,5427.34,NET_BANKING,TRANSFER,SG,KNOWN-11,2026-05-26T16:54:26.445941,157609.20142611183,17
f846f712-f271-46dd-a1a4-fa75d1644d0e,11,11392.05,CARD,DEPOSIT,IN,KNOWN-11,2026-05-26T17:18:26.445941,163036.54142611183,18
36bfb7a8-9df4-44d6-b5e8-bb6e42a92fc4,11,9833.08,NET_BANKING,TRANSFER,IN,KNOWN-11,2026-05-26T17:33:26.445941,174428.59142611182,19
f2f4d533-e31e-4c0c-8526-fec018724856,11,6928.0,CARD,WITHDRAWAL,IN,DEV-292f1d,2026-05-26T17:48:26.445941,180644.3814261118,19
121e44b9-aedd-4679-b3bc-e391ceacbed6,11,10614.49,UPI,DEPOSIT,IN,KNOWN-11,2026-05-26T18:51:26.445941,187572.3814261118,20
d9f9cf81-9caa-4834-8200-deac6b40f4f7,11,8770.28,CARD,WITHDRAWAL,IN,DEV-c30457,2026-05-26T20:41:26.445941,182541.2414261118,19
cda59980-c53c-4dfb-9226-177868b894fc,11,7325.54,NET_BANKING,WITHDRAWAL,AE,KNOWN-11,2026-05-26T22:26:26.445941,179429.0714261118,19
a2f69540-6142-4014-8e0f-e496fb0a1a1e,11,8337.76,NET_BANKING,TRANSFER,IN,KNOWN-11,2026-05-26T23:20:26.445941,186754.6114261118,20
eed05815-5334-42bf-bb63-1a9ffe0ecd97,11,11911.08,NET_BANKING,WITHDRAWAL,IN,KNOWN-11,2026-05-27T00:01:26.445941,195092.37142611181,21
46dc600d-bcc5-42c1-903c-a35053f7e2a2,11,11421.59,NET_BANKING,DEPOSIT,IN,KNOWN-11,2026-05-27T00:25:26.445941,203795.2314261118,21
d4ff5d27-e5af-4b49-871f-b712b57f24e5,11,10458.15,CARD,TRANSFER,IN,KNOWN-11,2026-05-27T02:25:26.445941,205869.48142611183,21
edd24d12-4de9-482c-a35d-1d7f3f5dd5b3,11,2633.33,UPI,WITHDRAWAL,IN,KNOWN-11,2026-05-27T02:54:26.445941,212519.55142611184,21
e2e82c3e-d14c-48a2-a109-1ecae290d1d9,11,8512.71,NET_BANKING,TRANSFER,IN,KNOWN-11,2026-05-27T03:55:26.445941,215152.88142611182,22
89389b2a-ec89-44f0-b6c3-ea0acef17ae7,11,10207.324918078471,NET_BANKING,WITHDRAWAL,IN,KNOWN-11,2026-05-27T04:46:26.445941,221081.4914261118,22
19438d50-be7b-417e-931b-92dcb378df15,11,8144.01,CARD,TRANSFER,IN,KNOWN-11,2026-05-27T05:12:26.445941,231288.81634419027,23
61c8104b-eeb4-4051-af3f-550d95240220,11,12027.18,NET_BANKING,TRANSFER,IN,KNOWN-11,2026-05-27T06:35:26.445941,227522.02634419026,23
2219d8ac-b911-4edb-bdb4-3eb09bacae1b,11,7038.59,UPI,TRANSFER,IN,DEV-94f979,2026-05-27T08:00:26.445941,229797.84634419027,23
8fe23c32-c67e-41a3-961c-cc42bf088062,11,8324.58,NET_BANKING,WITHDRAWAL,IN,KNOWN-11,2026-05-27T09:42:26.445941,221021.61770704653,22
88936977-8e31-412c-9a38-5b07ac798597,11,6183.79,NET_BANKING,TRANSFER,IN,KNOWN-11,2026-05-27T10:58:26.445941,229346.19770704652,23
3fda9989-3a72-42ab-ba42-ed8d863099a2,11,2828.07,NET_BANKING,TRANSFER,IN,KNOWN-11,2026-05-27T11:19:26.445941,230916.51770704653,23
733c9ad2-41a5-4038-b0f1-5d3973f0c23a,11,11490.116921191895,NET_BANKING,DEPOSIT,AE,DEV-fb6bdd,2026-05-27T12:36:26.445941,229037.68770704654,23
bae831fb-1d20-43b8-b9e4-307271021701,12,4536.74,CARD,TRANSFER,IN,KNOWN-12,2026-05-25T17:15:26.446181,0,0
6fc1c459-e09f-467b-85f3-770376711952,12,2038.83,NET_BANKING,DEPOSIT,IN,DEV-f5dbec,2026-05-25T18:15:26.446181,4536.74,1
f9048593-1bfa-4efc-835f-8e6968be4f04,12,1299.46,CARD,WITHDRAWAL,IN,KNOWN-12,2026-05-25T18:28:26.446181,6575.57,2
580d8e8c-c3cc-4720-99c8-cdbcfaea4984,12,4410.39,CARD,DEPOSIT,IN,KNOWN-12,2026-05-25T19:48:26.446181,7875.03,3
37aec43a-0723-4bc4-9d20-57a6eb57850b,12,2468.62,NET_BANKING,TRANSFER,IN,KNOWN-12,2026-05-25T21:14:26.446181,12285.42,4
8c7a0dce-92e4-4997-91cd-d56e13ced604,12,3400.82,CARD,WITHDRAWAL,IN,KNOWN-12,2026-05-25T22:24:26.446181,14754.04,5
6599daec-78e9-4a42-b59c-a569c8e1ab43,12,4412.75,CARD,WITHDRAWAL,IN,DEV-5fc089,2026-05-25T22:32:26.446181,18154.86,6
2d6000dc-e5da-4873-bb40-d0720bbbf117,12,3552.58,CARD,WITHDRAWAL,IN,KNOWN-12,2026-05-25T22:42:26.446181,22567.61,7
0267caca-3368-438e-a086-63bbae4fc77a,12,4761.36,CARD,WITHDRAWAL,IN,DEV-c0a2c6,2026-05-25T22:57:26.446181,26120.190000000002,8
1969fa68-acf2-4a00-99ae-77fc14f7a759,12,4730.68,CARD,DEPOSIT,IN,KNOWN-12,2026-05-25T23:06:26.446181,30881.550000000003,9
c1b71c6c-15c3-4d29-ac91-fb06dc57decf,12,2428.0,UPI,DEPOSIT,IN,KNOWN-12,2026-05-26T00:39:26.446181,35612.23,10
7688a0d5-37ba-45fb-9629-9c5ca799a0d7,12,3939.11,UPI,WITHDRAWAL,IN,KNOWN-12,2026-05-26T01:45:26.446181,38040.23,11
674b926a-7e9e-4f46-8f91-15bd3e9f1b39,12,2680.68,UPI,DEPOSIT,IN,DEV-dbe557,2026-05-26T03:19:26.446181,41979.340000000004,12
34abea3f-0a80-453e-9a44-d3c2c3ef1873,12,4340.96,CARD,TRANSFER,US,KNOWN-12,2026-05-26T03:24:26.446181,44660.020000000004,13
8a2b73f5-ee69-411e-8b98-9f3a2460ba1e,12,1246.58,CARD,TRANSFER,IN,KNOWN-12,2026-05-26T05:24:26.446181,49000.98,14
a085ecc1-63fa-4c49-9f03-ec9eb88da37c,12,1551.98,CARD,WITHDRAWAL,IN,KNOWN-12,2026-05-26T06:51:26.446181,50247.560000000005,15
5ca791e1-0856-4efe-a3b2-cfe0ce33abb0,12,4725.09,CARD,DEPOSIT,IN,KNOWN-12,2026-05-26T07:34:26.446181,51799.54000000001,16
c1b97ee4-28e4-48c6-a683-dbe72d1660ef,12,2577.1,CARD,DEPOSIT,IN,KNOWN-12,2026-05-26T08:56:26.446181,56524.630000000005,17
9c3dd4e6-6d1a-41d1-a6a9-6cf810782a50,12,1341.71,UPI,TRANSFER,IN,KNOWN-12,2026-05-26T09:20:26.446181,59101.73,18
88f2bea5-0eb3-4680-9910-f05ed3425978,12,4915.3,CARD,TRANSFER,IN,KNOWN-12,2026-05-26T10:46:26.446181,60443.44,19
000ab8f9-541d-47f1-8310-17e6511ebec2,12,2306.19,NET_BANKING,TRANSFER,US,KNOWN-12,2026-05-26T11:33:26.446181,65358.740000000005,20
3c8b96a4-3040-4691-bce9-7fbe512cab85,12,1006.44,CARD,WITHDRAWAL,IN,KNOWN-12,2026-05-26T12:19:26.446181,67664.93000000001,21
66eaef0c-9b1f-4e14-a073-1c5797ca6e9c,13,12043.91,UPI,WITHDRAWAL,IN,KNOWN-13,2026-05-25T17:11:26.446313,0,0
c97458ee-dd7b-400d-92bf-690d62cd1750,13,15173.43,UPI,WITHDRAWAL,IN,KNOWN-13,2026-05-25T18:16:26.446313,12043.91,1
fc1be403-6b39-4b52-a662-bf665dc81267,13,6078.7,UPI,WITHDRAWAL,IN,KNOWN-13,2026-05-25T19:43:26.446313,27217.34,2
5903c7cf-43d1-425c-b62a-dfc014c2dd41,13,5566.5,UPI,WITHDRAWAL,IN,KNOWN-13,2026-05-25T21:00:26.446313,33296.04,3
67bcd60d-7afd-4564-9130-4763cef98ffb,13,7517.13,UPI,WITHDRAWAL,IN,KNOWN-13,2026-05-25T22:54:26.446313,38862.54,4
0b0c1078-1820-4457-9cfd-3a7e1cafd4f7,13,14524.21,UPI,DEPOSIT,IN,KNOWN-13,2026-05-25T23:07:26.446313,46379.67,5
cbc08263-7b3c-4bb2-9cbb-02a324cf519a,13,19444.86,NET_BANKING,DEPOSIT,IN,KNOWN-13,2026-05-25T23:43:26.446313,60903.88,6
a1723400-0c39-4028-a641-75c8c2f5a8bc,13,12974.65,UPI,DEPOSIT,IN,DEV-919693,2026-05-26T01:10:26.446313,80348.73999999999,7
2dba35e9-1568-4120-aebf-fabe2a4c984d,13,23264.02,UPI,TRANSFER,IN,KNOWN-13,2026-05-26T02:33:26.446313,93323.38999999998,8
bbb95aa5-7327-4b56-bccd-34b2cdf661ba,13,5358.42,UPI,DEPOSIT,IN,KNOWN-13,2026-05-26T03:40:26.446313,116587.40999999999,9
87a291f6-5743-44c2-b9cd-6e008f62e6c0,13,7691.02,UPI,TRANSFER,IN,KNOWN-13,2026-05-26T04:58:26.446313,121945.82999999999,10
20cbf8fe-82aa-429e-9b31-4188d9be899a,13,13585.6,UPI,TRANSFER,IN,DEV-7dde04,2026-05-26T05:43:26.446313,129636.84999999999,11
aace5df4-1178-4bd4-b999-e27fbd26fac5,13,12797.05,CARD,DEPOSIT,IN,KNOWN-13,2026-05-26T06:05:26.446313,143222.44999999998,12
309133cd-17e4-46be-8fb0-c999f9dd8536,13,7493.39,UPI,DEPOSIT,IN,KNOWN-13,2026-05-26T07:16:26.446313,156019.49999999997,13
e03d4fe5-e5dd-4055-a946-b6d0161851d8,13,8619.01,UPI,DEPOSIT,IN,KNOWN-13,2026-05-26T09:05:26.446313,163512.88999999998,14
56345721-19a6-4bca-b8d3-6478e9a12d2e,14,18824.58,NET_BANKING,WITHDRAWAL,IN,KNOWN-14,2026-05-25T17:38:26.446399,0,0
c824b511-d2f1-4149-8043-0e1fff5b933b,14,15091.59,CARD,TRANSFER,IN,KNOWN-14,2026-05-25T17:43:26.446399,18824.58,1
f6fc0f13-15c5-4c9e-a683-f563d3e0a395,14,9658.94,NET_BANKING,TRANSFER,SG,KNOWN-14,2026-05-25T19:28:26.446399,33916.17,2
7b33db5a-10f9-4862-909d-903f7ffd09d8,14,14867.45,NET_BANKING,WITHDRAWAL,SG,DEV-55ad8a,2026-05-25T19:59:26.446399,43575.11,3
cc4fd248-097c-4dfa-88ca-c39dae2f1368,14,15734.92,NET_BANKING,DEPOSIT,IN,KNOWN-14,2026-05-25T21:52:26.446399,58442.56,4
d65f27db-ce48-4323-ab11-2e10769bdb44,14,18275.31,NET_BANKING,WITHDRAWAL,IN,KNOWN-14,2026-05-25T21:58:26.446399,74177.48,5
e33bfc84-ce09-4b58-ab4f-4c19d77bdbbe,14,8045.23,NET_BANKING,DEPOSIT,IN,KNOWN-14,2026-05-25T22:05:26.446399,92452.79,6
ecf449c8-a55f-454e-b577-11795bd9b444,14,6474.69,UPI,TRANSFER,IN,KNOWN-14,2026-05-25T23:49:26.446399,100498.01999999999,7
c911aa64-1a65-422e-a1e7-09a9a9f14a96,14,22324.14,NET_BANKING,TRANSFER,IN,KNOWN-14,2026-05-26T00:59:26.446399,106972.70999999999,8
5d89a60c-9c27-4e52-b5de-20068981f7da,14,22401.45,NET_BANKING,DEPOSIT,IN,KNOWN-14,2026-05-26T02:29:26.446399,129296.84999999999,9
04fac81f-215b-4bd3-920d-a2abac60c1c8,14,8520.26,NET_BANKING,TRANSFER,US,KNOWN-14,2026-05-26T03:51:26.446399,151698.3,10
58039895-d88a-487e-a700-48af3261100d,14,24614.65,NET_BANKING,TRANSFER,IN,KNOWN-14,2026-05-26T04:18:26.446399,160218.56,11
73e5e96d-c0a5-4b51-a714-51ade048a0a0,14,13979.76,NET_BANKING,TRANSFER,US,KNOWN-14,2026-05-26T04:41:26.446399,184833.21,12
db2de837-7bb3-487a-81cb-249ccb5e1986,14,21505.08,NET_BANKING,WITHDRAWAL,IN,KNOWN-14,2026-05-26T06:25:26.446399,198812.97,13
26f31a5e-7549-4ab2-8ff2-c0d5935942df,14,9454.68,CARD,TRANSFER,IN,KNOWN-14,2026-05-26T07:00:26.446399,220318.05,14
70a83ad5-0094-42fc-9dad-3726867002bf,14,5693.59,CARD,TRANSFER,IN,KNOWN-14,2026-05-26T07:46:26.446399,229772.72999999998,15
c9f40bdd-ecef-45ac-a52d-9d96452f3e21,14,24310.13,NET_BANKING,TRANSFER,IN,KNOWN-14,2026-05-26T08:59:26.446399,235466.31999999998,16
baf01500-c027-4905-9433-ce7170ebac4a,14,10031.24,NET_BANKING,DEPOSIT,IN,KNOWN-14,2026-05-26T10:57:26.446399,259776.44999999998,17
4c47412f-f130-4ecf-8962-0af68a489bb9,14,6256.84,NET_BANKING,WITHDRAWAL,AE,KNOWN-14,2026-05-26T12:52:26.446399,269807.69,18
b74a4d85-92e0-44d9-a63d-2310545bf473,14,15861.9,UPI,TRANSFER,AE,KNOWN-14,2026-05-26T13:51:26.446399,276064.53,19
9dce9c5b-e9aa-44fb-8edb-2df432e08c33,14,22411.91,NET_BANKING,WITHDRAWAL,AE,DEV-cb10a9,2026-05-26T15:28:26.446399,291926.43000000005,20
dea5a01d-7300-4e29-954a-9b699e375547,14,9354.02,NET_BANKING,TRANSFER,AE,KNOWN-14,2026-05-26T16:55:26.446399,314338.34,21
507ad64d-cbec-4a8d-83f1-240f4d8444e0,14,12270.97,NET_BANKING,DEPOSIT,IN,DEV-031c88,2026-05-26T18:36:26.446399,289776.19,20
db6ad0bb-966a-47bb-bd86-9ccb5de7e66f,14,10829.64,NET_BANKING,WITHDRAWAL,IN,KNOWN-14,2026-05-26T18:49:26.446399,302047.16,21
64d9e2cc-b4c7-46b9-a2d0-e152bde049ab,14,11663.57,NET_BANKING,TRANSFER,IN,KNOWN-14,2026-05-26T19:22:26.446399,312876.8,22
764cb814-0e38-42c9-9a81-acf596e776b7,14,24143.71,CARD,DEPOSIT,IN,DEV-bf0bb4,2026-05-26T19:49:26.446399,314881.43,22
45a9483e-de25-4b1f-b162-fd56b51f619d,14,17385.3,NET_BANKING,DEPOSIT,US,KNOWN-14,2026-05-26T21:26:26.446399,324157.69,22
5dfc2129-0f25-44cf-a211-52c77b34dbcb,14,15751.1,NET_BANKING,TRANSFER,IN,KNOWN-14,2026-05-26T22:20:26.446399,299487.52999999997,20
891b5366-dc44-45ee-bf23-d37aeb1a7834,14,17283.5,NET_BANKING,TRANSFER,IN,KNOWN-14,2026-05-27T00:19:26.446399,308763.93999999994,20
829fb8ec-f7df-49ec-9902-5baf36e586b9,14,19877.89,CARD,WITHDRAWAL,SG,KNOWN-14,2026-05-27T00:53:26.446399,326047.43999999994,21
c920b864-1644-4fcb-8f97-6763ec1c105a,14,16155.5,NET_BANKING,DEPOSIT,SG,KNOWN-14,2026-05-27T01:51:26.446399,323601.19,21
fb805ede-4853-451f-9df6-8b7ee88b6b4c,14,13374.43,NET_BANKING,DEPOSIT,IN,KNOWN-14,2026-05-27T02:15:26.446399,339756.69,22
cb2a1757-3549-4087-afb2-d749dc21495c,14,23599.23,NET_BANKING,WITHDRAWAL,SG,KNOWN-14,2026-05-27T02:42:26.446399,330729.67,22
7930acc4-cda8-4acd-b271-80bc4f5cabe9,14,20607.41,NET_BANKING,WITHDRAWAL,IN,KNOWN-14,2026-05-27T03:44:26.446399,354328.89999999997,23
91884f47-9694-4837-a1b1-85e57ac8d500,14,14532.69,NET_BANKING,DEPOSIT,AE,DEV-aa84f6,2026-05-27T05:12:26.446399,327821.63999999996,21
85344c77-48d1-48f5-b99d-df755ce2743c,15,1503.37,CARD,TRANSFER,IN,KNOWN-15,2026-05-25T18:07:26.446614,0,0
85f6f098-30c5-4d5d-a43c-3bbcb1289084,15,4125.08,CARD,DEPOSIT,IN,KNOWN-15,2026-05-25T20:03:26.446614,1503.37,1
08479b42-b94a-4680-be7e-72fc55ed6347,15,13685.806019927359,CARD,WITHDRAWAL,IN,KNOWN-15,2026-05-25T20:37:26.446614,5628.45,2
bec8d857-c4b5-48f7-a5d2-a8960b5903d2,15,2125.87,UPI,TRANSFER,IN,KNOWN-15,2026-05-25T21:26:26.446614,19314.256019927358,3
2de9515a-de2f-45c1-8b77-bf5d70b661f6,15,3016.66,CARD,TRANSFER,IN,KNOWN-15,2026-05-25T21:41:26.446614,21440.126019927357,4
d7969d50-4a33-4361-b207-6488702237f4,15,2250.47,CARD,WITHDRAWAL,IN,DEV-654808,2026-05-25T22:41:26.446614,24456.786019927356,5
dbd6736e-8c08-41bc-8467-b5967e21cb34,15,3955.24,CARD,WITHDRAWAL,IN,KNOWN-15,2026-05-25T22:57:26.446614,26707.256019927358,6
8d7cd5d2-cdbf-4bc9-a488-5012329b5793,15,4211.79,CARD,WITHDRAWAL,IN,KNOWN-15,2026-05-25T23:22:26.446614,30662.496019927356,7
75ac692c-1c81-4e53-9921-77e80f7a1ca9,15,3117.58,CARD,WITHDRAWAL,IN,DEV-618356,2026-05-26T00:49:26.446614,34874.28601992736,8
e2f1e96e-d95a-4f7a-97d5-ac8af08ce382,15,4492.72,CARD,DEPOSIT,IN,KNOWN-15,2026-05-26T02:31:26.446614,37991.86601992736,9
d224fd5d-5330-4c8e-a15b-df659391e254,15,14734.1566014376,CARD,TRANSFER,IN,KNOWN-15,2026-05-26T03:32:26.446614,42484.58601992736,10
6b4c1314-d2fd-4b34-b137-26a62eb8f70a,15,4762.47,NET_BANKING,DEPOSIT,SG,KNOWN-15,2026-05-26T05:06:26.446614,57218.74262136496,11
750fb49a-73f7-4396-adba-3e948ef50c0c,15,2222.2,UPI,WITHDRAWAL,IN,KNOWN-15,2026-05-26T06:12:26.446614,61981.21262136496,12
b18c40e9-0184-4eb1-b155-e12fd2df184b,15,3949.24,CARD,WITHDRAWAL,IN,KNOWN-15,2026-05-26T07:18:26.446614,64203.41262136496,13
d20e4a33-3310-41a2-9bbb-a784626fe999,15,3744.19,CARD,WITHDRAWAL,IN,KNOWN-15,2026-05-26T08:22:26.446614,68152.65262136496,14
9893594a-6deb-4325-9720-0341076299a6,15,1747.8,CARD,WITHDRAWAL,IN,KNOWN-15,2026-05-26T10:06:26.446614,71896.84262136497,15
3bb82e26-b278-4e24-8007-af7246e6001c,15,8609.575428147838,NET_BANKING,TRANSFER,IN,KNOWN-15,2026-05-26T10:23:26.446614,73644.64262136497,16
d9fabe28-bed7-4a21-a4e2-9f80227dfff8,15,1691.65,NET_BANKING,TRANSFER,IN,DEV-23c0e4,2026-05-26T12:13:26.446614,82254.21804951281,17
cd5bfb7a-cf3c-4a3d-a0cf-920a689f53f5,15,3162.04,NET_BANKING,WITHDRAWAL,AE,DEV-1e5dcb,2026-05-26T12:43:26.446614,83945.8680495128,18
0ecd6f82-53c7-464e-8b61-bcff3032b2b1,15,3030.35,UPI,DEPOSIT,IN,KNOWN-15,2026-05-26T14:00:26.446614,87107.9080495128,19
5b88b1ad-3fd4-4541-a13a-d74272b8c3e2,15,2619.73,CARD,TRANSFER,IN,KNOWN-15,2026-05-26T16:00:26.446614,90138.2580495128,20
9f19530d-613f-4af2-931b-b9db467f2ebb,15,4173.74,CARD,TRANSFER,IN,KNOWN-15,2026-05-26T16:55:26.446614,92757.9880495128,21
3f6225c7-8bac-4b07-93e3-3b175e2db7ed,15,15379.368557159487,CARD,WITHDRAWAL,IN,KNOWN-15,2026-05-26T17:44:26.446614,96931.7280495128,22
97a9221b-980f-4e10-9c26-2e19c3a21cc9,15,4795.41,CARD,WITHDRAWAL,IN,KNOWN-15,2026-05-26T18:01:26.446614,112311.09660667229,23
f6067c7b-6726-4b78-b44a-a89dcc925674,15,2973.29,CARD,WITHDRAWAL,IN,KNOWN-15,2026-05-26T18:26:26.446614,115603.1366066723,23
b22cc538-abd3-415e-9593-43f66991749a,15,11424.923358894031,CARD,TRANSFER,IN,DEV-d59ea9,2026-05-26T19:44:26.446614,118576.42660667229,24
1a749ea7-f442-470f-9c11-23f8b7b7cc7a,15,1422.98,CARD,DEPOSIT,US,KNOWN-15,2026-05-26T20:49:26.446614,112190.46394563896,23
e8693358-3bf8-4686-ba93-d4ec4f25305f,15,3259.33,CARD,DEPOSIT,IN,DEV-2f3c23,2026-05-26T22:40:26.446614,108470.91394563894,22
dba0dbbc-ffe4-42c1-8c43-ef30c22ff691,15,4491.8,CARD,WITHDRAWAL,IN,KNOWN-15,2026-05-26T23:18:26.446614,105524.53394563895,21
ab6fd709-7083-43f1-8e2b-67425b2cb65c,15,2412.22,CARD,WITHDRAWAL,IN,KNOWN-15,2026-05-26T23:24:26.446614,105804.54394563896,21
8e9c7656-deb4-4c43-a84c-7ab0860b7456,15,1454.22,CARD,TRANSFER,IN,KNOWN-15,2026-05-27T00:38:26.446614,108216.76394563896,22
d448f556-9c73-4247-8de3-7fed929c5f8a,16,1080.67,UPI,DEPOSIT,IN,KNOWN-16,2026-05-25T17:19:26.446805,0,0
509e075d-d852-4a7b-9d34-27b1a4f3bf75,16,4810.71,CARD,WITHDRAWAL,IN,KNOWN-16,2026-05-25T18:20:26.446805,1080.67,1
bd79e44c-4f4a-4b5f-b899-fe2a74d26a57,16,3124.84,CARD,DEPOSIT,IN,KNOWN-16,2026-05-25T20:16:26.446805,5891.38,2
81442093-fbae-42b0-bffc-647f99be9c73,16,3087.61,CARD,DEPOSIT,IN,KNOWN-16,2026-05-25T21:13:26.446805,9016.220000000001,3
a0d860df-a92f-41fd-8618-8703bd962674,16,4115.78,CARD,WITHDRAWAL,IN,KNOWN-16,2026-05-25T21:30:26.446805,12103.830000000002,4
9a03f93d-dc2d-4e32-baa9-411065012d08,16,1807.52,CARD,WITHDRAWAL,IN,KNOWN-16,2026-05-25T23:03:26.446805,16219.61,5
4f410955-c35b-43c9-a5b8-3ac9d489adcc,16,1038.63,UPI,DEPOSIT,IN,KNOWN-16,2026-05-26T00:08:26.446805,18027.13,6
599b8c31-e220-42a7-b55b-33bec0bc761d,16,2191.01,CARD,WITHDRAWAL,IN,KNOWN-16,2026-05-26T01:20:26.446805,19065.760000000002,7
3a4e5937-15bf-4447-b258-d32000947fa8,16,1112.84,CARD,WITHDRAWAL,IN,KNOWN-16,2026-05-26T02:13:26.446805,21256.770000000004,8
e2125a9a-2650-4264-b88e-a15afe6a06d4,16,1833.5,UPI,TRANSFER,IN,KNOWN-16,2026-05-26T03:51:26.446805,22369.610000000004,9
77436962-1cfe-44dd-97b2-e180e9c30284,16,4354.29,CARD,DEPOSIT,SG,KNOWN-16,2026-05-26T04:47:26.446805,24203.110000000004,10
2c24e6e9-a029-4bd4-b126-d545b1c7cbe1,16,3211.99,UPI,WITHDRAWAL,IN,KNOWN-16,2026-05-26T05:19:26.446805,28557.400000000005,11
018a1bd7-2145-469f-b7b6-03972daffee6,16,4917.92,CARD,TRANSFER,IN,KNOWN-16,2026-05-26T05:29:26.446805,31769.390000000007,12
03d74ce8-d481-418c-a765-2f92b85f6b74,16,2895.16,CARD,DEPOSIT,IN,KNOWN-16,2026-05-26T05:41:26.446805,36687.310000000005,13
7f314835-b1d3-4607-96e8-80a7f9d08230,16,4351.41,UPI,DEPOSIT,IN,KNOWN-16,2026-05-26T07:18:26.446805,39582.47,14
4f50715d-ab3c-4fab-b659-609feee20638,16,3428.64,CARD,TRANSFER,IN,KNOWN-16,2026-05-26T08:02:26.446805,43933.880000000005,15
54d8b172-96e8-46ca-ae66-3e8cd177eac3,16,3035.54,CARD,WITHDRAWAL,IN,DEV-824ddc,2026-05-26T09:03:26.446805,47362.520000000004,16
5a5f0c8d-c754-4417-a760-19b9dff2285c,16,4018.1,CARD,TRANSFER,IN,KNOWN-16,2026-05-26T09:22:26.446805,50398.060000000005,17
4f52d1f8-4501-4a4e-a735-887254b12c39,16,4619.95,CARD,WITHDRAWAL,IN,KNOWN-16,2026-05-26T09:30:26.446805,54416.16,18
c51283b5-4218-434c-8f2b-1a485eb7f75f,17,14938.18,UPI,WITHDRAWAL,IN,KNOWN-17,2026-05-25T18:54:26.446915,0,0
0508cae7-0126-4398-b1ff-ad1d4cafa92f,17,41005.13,UPI,TRANSFER,SG,KNOWN-17,2026-05-25T19:03:26.446915,14938.18,1
10ad0488-49d1-454c-af26-4154b1818bcb,17,43514.45,UPI,WITHDRAWAL,IN,KNOWN-17,2026-05-25T19:37:26.446915,55943.31,2
495c775d-3810-4f31-acad-68ec73057b41,17,35451.09,UPI,WITHDRAWAL,IN,DEV-3e0bd1,2026-05-25T20:23:26.446915,99457.76,3
676336ad-211d-490e-a6eb-9a00975b60f2,17,39677.99,UPI,TRANSFER,IN,KNOWN-17,2026-05-25T20:52:26.446915,134908.84999999998,4
e121472d-7f12-48ae-8c8c-b78e6e4bcb52,17,63433.31824325513,UPI,TRANSFER,SG,DEV-60eb99,2026-05-25T22:26:26.446915,174586.83999999997,5
a8cc062f-d43d-4da6-961e-7c111c0cf816,17,48769.77,UPI,WITHDRAWAL,IN,KNOWN-17,2026-05-25T23:55:26.446915,238020.1582432551,6
8de93fc0-4bb8-40b2-9f4f-35a9a4ad631f,17,38602.23,UPI,DEPOSIT,IN,DEV-672204,2026-05-26T01:34:26.446915,286789.9282432551,7
ceb0f780-a2d3-44de-920f-3da38e08dd1e,17,11747.62,UPI,TRANSFER,IN,KNOWN-17,2026-05-26T03:07:26.446915,325392.1582432551,8
bfc536fc-eb74-4ab1-8eda-f7f233d73c07,17,29199.28,UPI,WITHDRAWAL,IN,KNOWN-17,2026-05-26T03:56:26.446915,337139.7782432551,9
dac12122-5e47-4abb-90f3-5a61bdff97e3,17,12146.12,UPI,WITHDRAWAL,IN,DEV-3e51f2,2026-05-26T04:17:26.446915,366339.05824325513,10
5508fa52-f63f-4008-9862-23022fabec36,17,38159.5,UPI,WITHDRAWAL,IN,DEV-f88e15,2026-05-26T05:07:26.446915,378485.1782432551,11
aaffff77-2ebb-4393-b849-85fa5f1c4425,17,31448.01,UPI,WITHDRAWAL,IN,DEV-b14be1,2026-05-26T05:33:26.446915,416644.6782432551,12
afe3f9dc-0003-4741-a226-87045f2d880d,17,14727.7,UPI,DEPOSIT,IN,DEV-182e90,2026-05-26T06:39:26.446915,448092.68824325514,13
89aca147-1d25-4913-be8d-08784fcc4abb,17,24913.67,UPI,WITHDRAWAL,IN,KNOWN-17,2026-05-26T07:17:26.446915,462820.38824325515,14
11862a21-2d1f-4b0d-9578-16edb5df87c9,17,55117.13040093516,UPI,DEPOSIT,AE,KNOWN-17,2026-05-26T07:30:26.446915,487734.05824325513,15
6713941f-67f7-4bc5-bf24-8d3de1d68de2,17,96928.04259521753,CARD,DEPOSIT,IN,KNOWN-17,2026-05-26T09:19:26.446915,542851.1886441903,16
ba0c8047-1149-48a2-8e34-a573444e25c2,17,59899.20898728527,UPI,DEPOSIT,IN,KNOWN-17,2026-05-26T10:21:26.446915,639779.2312394078,17
93bf4649-2563-4346-a98b-3700d4ba87bb,17,44967.86,CARD,DEPOSIT,IN,KNOWN-17,2026-05-26T11:37:26.446915,699678.440226693,18
d43812b9-5efe-45f7-ac5f-40e29bb56fd1,17,48139.40258038183,CARD,TRANSFER,IN,KNOWN-17,2026-05-26T13:28:26.446915,744646.300226693,19
ec1b6e46-5f7e-485f-b437-152f5d211708,17,106186.97568454916,NET_BANKING,DEPOSIT,US,KNOWN-17,2026-05-26T15:23:26.446915,792785.7028070749,20
2fbca981-20db-4921-824b-dd7372c01152,17,45412.81,UPI,WITHDRAWAL,IN,KNOWN-17,2026-05-26T17:09:26.446915,898972.6784916241,21
f16f051c-9bfd-43b2-941b-e9ddda22b2d5,17,42307.07,UPI,DEPOSIT,IN,KNOWN-17,2026-05-26T18:21:26.446915,944385.4884916241,22
9cbee33a-06e0-44a5-bc8f-7f2178da3861,17,35632.202410330145,CARD,TRANSFER,IN,KNOWN-17,2026-05-26T20:20:26.446915,887234.7984916241,20
18e818ce-eb81-4942-a4b8-39a47f6226c4,17,98743.31794780264,CARD,TRANSFER,SG,KNOWN-17,2026-05-26T21:56:26.446915,847737.9209019542,19
1806a036-9486-4467-aa7b-62768c4b73df,17,49204.15219172171,UPI,DEPOSIT,IN,KNOWN-17,2026-05-26T23:35:26.446915,883047.9206065016,19
2df4cce7-11c8-4a71-a7ad-9515d12dbb00,17,23538.09,UPI,WITHDRAWAL,SG,KNOWN-17,2026-05-27T00:13:26.446915,883482.3027982233,19
e253bdef-69db-47a8-aeb9-d74ed6f89051,17,16492.6,UPI,TRANSFER,IN,KNOWN-17,2026-05-27T02:13:26.446915,868418.1627982233,19
5d4a3511-8161-45f6-86d2-471b15652f8c,17,30807.0,NET_BANKING,WITHDRAWAL,SG,KNOWN-17,2026-05-27T03:21:26.446915,873163.1427982234,19
9740b0a4-35df-40e7-8c11-84293ad616ee,18,11087.9,CARD,TRANSFER,IN,KNOWN-18,2026-05-25T18:24:26.447100,0,0
3fda4fc5-928d-45d4-ac1b-157e52361e2e,18,5184.71,CARD,WITHDRAWAL,IN,KNOWN-18,2026-05-25T20:22:26.447100,11087.9,1
d8e20bc2-d854-41f3-bd8c-e89839f4cdc2,18,7671.4,CARD,WITHDRAWAL,IN,KNOWN-18,2026-05-25T21:38:26.447100,16272.61,2
8af29de9-ae3a-429a-af31-dbe8a034f27b,18,5556.04,CARD,TRANSFER,IN,KNOWN-18,2026-05-25T21:50:26.447100,23944.010000000002,3
324f26d5-2ca3-4201-bcc7-a8ab084beb58,18,9016.06,CARD,WITHDRAWAL,IN,KNOWN-18,2026-05-25T23:25:26.447100,29500.050000000003,4
1f5f54ee-be0b-4cc6-a5a6-a76a77adc3f1,18,4955.56,CARD,WITHDRAWAL,SG,DEV-29a15e,2026-05-25T23:35:26.447100,38516.11,5
51f82cd1-9c77-492c-9b7c-79623f7756d5,18,11213.17,CARD,WITHDRAWAL,IN,KNOWN-18,2026-05-26T00:27:26.447100,43471.67,6
92913f00-f89f-488f-9672-27d7910cfdf6,18,8164.87,CARD,WITHDRAWAL,IN,KNOWN-18,2026-05-26T01:36:26.447100,54684.84,7
5566b8d8-63d9-401a-a1f0-9be9da026e00,18,8605.23,CARD,WITHDRAWAL,IN,KNOWN-18,2026-05-26T02:26:26.447100,62849.71,8
bcc369e8-1b58-4371-b479-71d0fbb98ed3,18,7479.76,CARD,DEPOSIT,IN,KNOWN-18,2026-05-26T03:09:26.447100,71454.94,9
e22f75a9-3a8a-4753-8c9d-67d5cac12fe7,18,7547.25,CARD,DEPOSIT,IN,DEV-c8540b,2026-05-26T03:45:26.447100,78934.7,10
6da10706-c155-4cb8-8650-3f021bc4559c,18,23345.374576676048,UPI,WITHDRAWAL,IN,DEV-c1d142,2026-05-26T05:38:26.447100,86481.95,11
2ef3334c-84e4-45b6-a5ac-ea4b5e7581dd,18,14698.03294670477,NET_BANKING,DEPOSIT,SG,KNOWN-18,2026-05-26T05:58:26.447100,109827.32457667604,12
a9987283-2748-4e41-8b33-ab09ccd6b45a,18,13432.383712122082,UPI,DEPOSIT,IN,KNOWN-18,2026-05-26T06:46:26.447100,124525.35752338081,13
921f14fd-33ee-4f3c-8603-76e6963175bc,18,9927.97,NET_BANKING,TRANSFER,IN,KNOWN-18,2026-05-26T07:09:26.447100,137957.74123550288,14
fa0001f9-3f4e-4654-9406-21f03e325ec6,18,32139.48514063342,NET_BANKING,WITHDRAWAL,AE,KNOWN-18,2026-05-26T08:03:26.447100,147885.71123550288,15
fc2cfef6-20d8-4cf2-9816-fe136379c055,18,9789.595549212458,CARD,TRANSFER,IN,KNOWN-18,2026-05-26T08:26:26.447100,180025.1963761363,16
fd650689-883f-405c-be5f-573ac6ae9fed,18,3245.4,CARD,DEPOSIT,US,KNOWN-18,2026-05-26T08:48:26.447100,189814.79192534875,17
e0ae3b9d-7854-4df7-b15c-41c54b045fd8,18,33573.91460005911,CARD,DEPOSIT,IN,KNOWN-18,2026-05-26T10:06:26.447100,193060.19192534874,18
c666a2ec-f134-43a1-a414-fea33e396385,18,10561.15,CARD,TRANSFER,IN,KNOWN-18,2026-05-26T10:20:26.447100,226634.10652540787,19
afdde834-fa9a-4f19-b7bb-9bdf54f0c125,18,4194.45,CARD,TRANSFER,IN,KNOWN-18,2026-05-26T11:34:26.447100,237195.25652540787,20
a8538344-a7f1-434d-9910-5728eb301bbb,18,8961.11,CARD,TRANSFER,IN,KNOWN-18,2026-05-26T12:38:26.447100,241389.70652540788,21
16a1304f-5530-4680-816e-326414ffde0e,18,37258.64700980312,CARD,WITHDRAWAL,IN,KNOWN-18,2026-05-26T14:20:26.447100,250350.8165254079,22
0e4143b6-631a-4bd4-9d64-c62db27e1e3c,18,7899.14,CARD,WITHDRAWAL,IN,DEV-42953a,2026-05-26T15:26:26.447100,287609.463535211,23
6c6e52d2-0844-4757-8219-a79082a260a5,18,4810.29,CARD,TRANSFER,IN,KNOWN-18,2026-05-26T16:08:26.447100,295508.603535211,24
f2095ec1-4063-4209-9956-e02280e9861f,18,8755.11,CARD,DEPOSIT,IN,KNOWN-18,2026-05-26T17:04:26.447100,300318.893535211,25
cad0905e-1308-4eae-84a2-7b288c657501,18,45187.079665349826,UPI,DEPOSIT,IN,DEV-1196bd,2026-05-26T18:07:26.447100,309074.00353521097,26
cce2b58e-dd63-418f-889e-86e94aab0898,18,8730.57,CARD,DEPOSIT,IN,KNOWN-18,2026-05-26T19:37:26.447100,343173.18320056074,26
83194454-11cd-41a0-af9f-3154e71ee4f7,18,10902.75,CARD,TRANSFER,US,KNOWN-18,2026-05-26T20:39:26.447100,346719.0432005608,26
01f19eb8-4175-4a3c-805d-41ed1242b6e5,18,19206.202310737786,CARD,DEPOSIT,IN,KNOWN-18,2026-05-26T21:36:26.447100,357621.7932005608,27
144bbfd8-96c7-40da-ad1a-7ca3d2b8239f,18,21407.705410205625,UPI,TRANSFER,IN,KNOWN-18,2026-05-26T21:55:26.447100,363600.55551129865,26
0ea881f2-b43b-4fe2-abdc-38129b5b9b90,18,6139.88,CARD,WITHDRAWAL,IN,DEV-662da9,2026-05-26T23:08:26.447100,385008.2609215043,27
02146bcc-2f0b-4dda-8ee1-ebaec37ba0b6,18,23517.64659168925,CARD,TRANSFER,IN,KNOWN-18,2026-05-27T00:17:26.447100,377176.5209215043,26
2ec09caa-87e2-4776-b38b-fc50903cab54,18,8760.07,CARD,WITHDRAWAL,IN,KNOWN-18,2026-05-27T01:32:26.447100,389480.99751319364,26
94e24892-ba32-4ab8-ba2b-26a9857c8c62,18,6372.65,NET_BANKING,DEPOSIT,IN,KNOWN-18,2026-05-27T02:36:26.447100,381470.96751319355,25
afbb8bf4-a215-4be4-b5f2-7c3e407ce4b2,18,7008.29,CARD,DEPOSIT,IN,KNOWN-18,2026-05-27T04:05:26.447100,372816.60751319356,24
ac8b2e2e-c3bb-49b8-8ac0-cfdfb4806fe1,19,18859.89,CARD,TRANSFER,IN,KNOWN-19,2026-05-25T17:22:26.447326,0,0
37cb74c4-e356-443c-bbaf-3622d7c3b6b3,19,17013.81,CARD,WITHDRAWAL,IN,KNOWN-19,2026-05-25T18:00:26.447326,18859.89,1
b06a4c99-e152-498a-b8de-e04d136480b4,19,42894.87,CARD,TRANSFER,IN,KNOWN-19,2026-05-25T18:47:26.447326,35873.7,2
4d5821cc-f901-47af-92f2-fd2b8d9e4f2e,19,26864.46,CARD,TRANSFER,IN,DEV-1ba35f,2026-05-25T18:55:26.447326,78768.57,3
2306a8dc-cc92-4567-8063-4c8b35e23e44,19,17906.98,CARD,WITHDRAWAL,IN,KNOWN-19,2026-05-25T19:33:26.447326,105633.03,4
20e2aef2-c9fb-46b8-81c9-1af43f22cf60,19,23928.44,CARD,WITHDRAWAL,SG,KNOWN-19,2026-05-25T20:35:26.447326,123540.01,5
59d68e78-2c05-43ac-b9e1-e61a6bb6b2ed,19,11497.86,CARD,DEPOSIT,IN,KNOWN-19,2026-05-25T20:51:26.447326,147468.44999999998,6
691eaa15-68e2-4821-8d32-0508cb3ea3a7,19,46414.52,CARD,DEPOSIT,IN,DEV-79a5ac,2026-05-25T22:02:26.447326,158966.31,7
c21fa003-e6bf-4ff1-ad17-f8a6f1972c14,19,27274.32,CARD,DEPOSIT,SG,KNOWN-19,2026-05-26T00:01:26.447326,205380.83,8
a1df7725-b8d1-45a1-8eb4-3e7f81089bba,19,29626.31,CARD,TRANSFER,IN,KNOWN-19,2026-05-26T00:56:26.447326,232655.15,9
6f4216b2-a87f-4aae-8199-5a6af1333915,19,43247.21,CARD,TRANSFER,IN,KNOWN-19,2026-05-26T02:49:26.447326,262281.46,10
e912e5f8-ce46-4a41-99f6-4ea4df10f12a,19,48457.6,CARD,WITHDRAWAL,IN,KNOWN-19,2026-05-26T04:22:26.447326,305528.67000000004,11
2337539f-9b2e-4369-a163-30a025bca944,19,32447.68,NET_BANKING,TRANSFER,IN,KNOWN-19,2026-05-26T05:25:26.447326,353986.27,12
22db0379-cab3-4ae8-8d94-dfb24cba01b0,19,42355.1,CARD,TRANSFER,IN,KNOWN-19,2026-05-26T07:17:26.447326,386433.95,13
1ea61448-a803-478b-a807-2acd5516dd23,19,10449.95,CARD,DEPOSIT,SG,KNOWN-19,2026-05-26T07:32:26.447326,428789.05,14
5fb3fd4f-0a5e-4fc8-9e22-515d19ebbc44,19,12545.13,CARD,DEPOSIT,IN,KNOWN-19,2026-05-26T07:55:26.447326,439239.0,15
a6f88936-5f56-4165-86df-698cc419d9e0,19,41679.92,CARD,TRANSFER,IN,KNOWN-19,2026-05-26T08:48:26.447326,451784.13,16
73df6207-6961-4814-8ae8-1093cb5dbe6a,19,21372.69,CARD,TRANSFER,US,KNOWN-19,2026-05-26T08:58:26.447326,493464.05,17
c8c25a91-ba84-4e04-b1ee-7235bc2df3d1,19,37731.74,CARD,WITHDRAWAL,AE,KNOWN-19,2026-05-26T09:38:26.447326,514836.74,18
cc2ce669-c417-4c92-9393-57138a9b533b,19,41619.31,CARD,TRANSFER,IN,KNOWN-19,2026-05-26T10:43:26.447326,552568.48,19
481053a1-6402-4b4f-b434-81b0113ed807,19,33036.25,CARD,WITHDRAWAL,IN,KNOWN-19,2026-05-26T10:53:26.447326,594187.79,20
aff804fe-bd07-4aa6-aafe-abb11bb8a719,19,40984.96,NET_BANKING,TRANSFER,IN,KNOWN-19,2026-05-26T11:36:26.447326,627224.04,21
6ea5882e-d0f9-42e7-9dc9-a55904bde280,19,22155.87,CARD,TRANSFER,IN,KNOWN-19,2026-05-26T11:58:26.447326,668209.0,22
a1246b4f-cba0-44c0-97d1-13a74fb5bf1b,19,10546.68,CARD,TRANSFER,IN,KNOWN-19,2026-05-26T13:51:26.447326,690364.87,23
b0e7f450-b813-44c1-a82c-e7c9ced18b7e,19,22216.07,CARD,TRANSFER,IN,DEV-b76a9a,2026-05-26T14:33:26.447326,700911.55,24
678c7e21-11ea-40e3-93dc-5ec9002f6494,19,31051.81,CARD,WITHDRAWAL,IN,KNOWN-19,2026-05-26T16:27:26.447326,723127.62,25
4228dda4-47b3-47b1-954b-b47ad8b04021,19,42981.58,CARD,TRANSFER,IN,KNOWN-19,2026-05-26T16:36:26.447326,754179.43,26
b540ddc3-67f9-462c-ace5-1348f7527c71,19,45099.1,UPI,WITHDRAWAL,IN,KNOWN-19,2026-05-26T16:55:26.447326,797161.01,27
b14c1696-eac8-49d6-a97e-c13c1786a2c9,19,32739.64,CARD,DEPOSIT,IN,KNOWN-19,2026-05-26T18:42:26.447326,806386.4099999999,26
24c16a64-b482-44c0-8efd-a8cefe869786,19,30849.87,CARD,WITHDRAWAL,IN,KNOWN-19,2026-05-26T19:42:26.447326,751459.74,24
51191650-0df8-4499-a4f8-abe5bb00d6f3,19,25457.49,NET_BANKING,TRANSFER,IN,KNOWN-19,2026-05-26T21:28:26.447326,746883.31,23
e7cc3a36-cece-407a-a0fb-64f41e357534,19,32075.13,CARD,TRANSFER,SG,KNOWN-19,2026-05-26T21:35:26.447326,772340.8,24
c1e25b15-ae6b-47fb-89a2-476d8cb40fc4,20,7742.03,UPI,TRANSFER,IN,KNOWN-20,2026-05-25T17:41:26.447523,0,0
70d6c741-a657-4b0b-8c17-7e98e1a7ff6b,20,4249.93,UPI,TRANSFER,IN,KNOWN-20,2026-05-25T17:46:26.447523,7742.03,1
458522e8-2df9-4499-b6be-c26a622fee2f,20,4923.2,UPI,WITHDRAWAL,IN,KNOWN-20,2026-05-25T18:28:26.447523,11991.96,2
67938326-0cc9-4158-99b4-6e3ba260a53d,20,7935.93,NET_BANKING,WITHDRAWAL,US,DEV-fd3e0c,2026-05-25T18:55:26.447523,16915.16,3
0a6993c4-1fdc-4922-8dbc-ba32369a2fbe,20,5964.29,UPI,TRANSFER,SG,KNOWN-20,2026-05-25T20:41:26.447523,24851.09,4
8fb61235-f558-4994-8b1e-8eb7fc8ce479,20,7087.63,UPI,TRANSFER,IN,KNOWN-20,2026-05-25T21:52:26.447523,30815.38,5
8d54ad8f-ad29-4b00-b9e2-73abe275673e,20,10363.18,UPI,TRANSFER,IN,KNOWN-20,2026-05-25T22:14:26.447523,37903.01,6
153c581b-e042-4801-bee3-7e32307c886c,20,9126.57,CARD,WITHDRAWAL,IN,KNOWN-20,2026-05-26T00:01:26.447523,48266.19,7
267b454b-3e52-4872-9451-b36546d038d2,20,6702.64,UPI,TRANSFER,IN,KNOWN-20,2026-05-26T01:13:26.447523,57392.76,8
3d4638ba-9ee2-4d25-9c9e-8508bed2372e,20,6033.35,UPI,WITHDRAWAL,IN,DEV-2c2c35,2026-05-26T03:04:26.447523,64095.4,9
14c326cd-f033-4228-817f-b68e9c2f63c0,20,12408.42,UPI,WITHDRAWAL,IN,KNOWN-20,2026-05-26T04:43:26.447523,70128.75,10
06c21c68-7f1a-43b6-8adc-c1e4cb67edd0,20,9826.65,UPI,DEPOSIT,IN,KNOWN-20,2026-05-26T04:55:26.447523,82537.17,11
76dd4fa5-33c4-4c30-918c-b8f25bc4ac58,20,10573.69,CARD,TRANSFER,IN,DEV-1b3918,2026-05-26T06:35:26.447523,92363.81999999999,12
3c7f689b-6adb-440a-9b48-cdee64b1dfae,20,4285.22,NET_BANKING,TRANSFER,IN,KNOWN-20,2026-05-26T08:00:26.447523,102937.51,13
376d9f30-bd74-4f83-ac3a-744790896a39,20,5562.64,UPI,TRANSFER,IN,KNOWN-20,2026-05-26T09:35:26.447523,107222.73,14
ed8c7c4a-31db-4f4d-8af7-b5d9c719eadf,20,7067.61,UPI,TRANSFER,IN,KNOWN-20,2026-05-26T09:55:26.447523,112785.37,15
3e6a4aa4-c7b8-4fb4-b64f-ee46dda7dfe0,20,9754.7,UPI,TRANSFER,IN,KNOWN-20,2026-05-26T11:49:26.447523,119852.98,16
13e49b18-6d93-4ce9-b4b6-89d9736feda5,20,5586.35,UPI,DEPOSIT,IN,DEV-30227b,2026-05-26T13:28:26.447523,129607.68,17
146fc588-ec01-4478-b18c-eaeb46d6f016,20,10032.7,UPI,DEPOSIT,IN,KNOWN-20,2026-05-26T15:24:26.447523,135194.03,18
d5f6452c-bfa4-456d-8db9-aaab9083da03,20,11109.94,UPI,TRANSFER,IN,KNOWN-20,2026-05-26T16:36:26.447523,145226.73,19
71cc0ae9-d40b-425d-9c40-bde6742c2708,20,11703.33,UPI,TRANSFER,IN,KNOWN-20,2026-05-26T17:48:26.447523,144344.71000000002,18
483e77d9-3813-4fb1-b3e7-8748892e5625,20,3268.07,UPI,WITHDRAWAL,IN,DEV-0a5abe,2026-05-26T19:38:26.447523,143188.90999999997,17
e8f76380-4fa1-44d3-aec3-5096465fdba4,20,6471.1,UPI,DEPOSIT,IN,KNOWN-20,2026-05-26T21:14:26.447523,140492.69,17
2e57614b-95e5-4f74-9b09-c6d60e49047c,20,8623.43,UPI,TRANSFER,IN,KNOWN-20,2026-05-26T22:31:26.447523,129512.98000000001,16
631dbf42-9877-49a4-a426-6be49b816e66,20,5028.33,UPI,WITHDRAWAL,IN,KNOWN-20,2026-05-26T23:09:26.447523,138136.41,17
95daf19f-5fa2-4f5f-a600-a450c9f82958,20,10872.88,UPI,WITHDRAWAL,IN,KNOWN-20,2026-05-27T00:48:26.447523,134038.17,17
9cac8524-3814-4121-b00d-672a83188e72,20,5537.73,UPI,DEPOSIT,IN,KNOWN-20,2026-05-27T01:16:26.447523,138208.41,17
3f216cc0-466e-473a-bec8-b3686734412c,20,6903.24,UPI,WITHDRAWAL,IN,KNOWN-20,2026-05-27T01:33:26.447523,143746.14,18
26aa7d2f-0e53-48c2-9892-e75629adbf7c,20,2539.58,UPI,DEPOSIT,IN,KNOWN-20,2026-05-27T02:25:26.447523,150649.38,19
92a91068-33b5-469a-a466-5ad6577565bb,20,5818.38,UPI,TRANSFER,IN,DEV-aaa630,2026-05-27T03:34:26.447523,147155.61000000002,19
0ad06803-3691-4368-a69d-be8f9a71652c,20,12068.77,UPI,TRANSFER,AE,KNOWN-20,2026-05-27T04:09:26.447523,152973.99000000002,20
dcc36718-bdff-4214-8307-f71a55c21b08,20,10984.42,CARD,DEPOSIT,IN,KNOWN-20,2026-05-27T06:02:26.447523,142807.69000000003,19
c83520b3-dcc1-4237-838a-12800d97c78b,20,8437.97,CARD,DEPOSIT,IN,KNOWN-20,2026-05-27T06:21:26.447523,153792.11000000004,20
2792c44f-cf6e-473d-96ab-13eda7577dc1,20,8203.43,UPI,WITHDRAWAL,IN,KNOWN-20,2026-05-27T06:45:26.447523,151656.39000000004,20
55ae27b2-9796-4d04-b37e-f4960d7558f2,20,4463.02,NET_BANKING,DEPOSIT,AE,KNOWN-20,2026-05-27T07:15:26.447523,159859.82000000004,21
6196fa29-e017-4d9b-9aaf-c0c75b25f8da,20,4082.29,UPI,TRANSFER,IN,DEV-c23793,2026-05-27T08:02:26.447523,160037.62,21
db2f3bc0-c290-443a-afb3-c3e9ecc4bd33,20,11630.1,UPI,DEPOSIT,IN,KNOWN-20,2026-05-27T09:53:26.447523,158557.27000000002,21
72a06d10-ffe0-4531-b348-26a847c46886,21,11418.21,NET_BANKING,DEPOSIT,IN,KNOWN-21,2026-05-25T18:23:26.447752,0,0
54e54e69-56ea-4b40-abfa-80d4a251a8ed,21,16309.7,NET_BANKING,TRANSFER,IN,KNOWN-21,2026-05-25T19:47:26.447752,11418.21,1
9486617d-0d5e-4158-b312-4231a944ac33,21,8309.56,UPI,DEPOSIT,IN,KNOWN-21,2026-05-25T20:22:26.447752,27727.91,2
56e55d75-d08e-4703-bb9a-669fc95db0a6,21,19070.36,CARD,WITHDRAWAL,IN,DEV-076765,2026-05-25T20:50:26.447752,36037.47,3
8edd23c1-e06f-4f66-ac3f-59c68aa10d69,21,22785.09,NET_BANKING,DEPOSIT,IN,KNOWN-21,2026-05-25T21:34:26.447752,55107.83,4
d9eef5cf-bfeb-42b3-aa2f-cb900fca9394,21,17224.96,UPI,TRANSFER,IN,KNOWN-21,2026-05-25T22:24:26.447752,77892.92,5
013957ab-235a-4be9-bce8-577f6b03a5db,21,6854.98,NET_BANKING,DEPOSIT,AE,KNOWN-21,2026-05-25T22:37:26.447752,95117.88,6
a2986446-94d6-4f38-a095-4849e933ef45,21,16202.29,NET_BANKING,WITHDRAWAL,IN,KNOWN-21,2026-05-25T23:05:26.447752,101972.86,7
55a9ff7a-dcf6-4883-a9a3-712deabb63f1,21,10853.52,NET_BANKING,TRANSFER,IN,KNOWN-21,2026-05-26T00:30:26.447752,118175.15,8
a23d9409-3042-4964-b29b-3d524d9b5b7b,21,19880.33,NET_BANKING,TRANSFER,IN,KNOWN-21,2026-05-26T02:25:26.447752,129028.67,9
738dbb26-7e74-4126-bcc8-d8b1ba122545,21,23004.9,NET_BANKING,TRANSFER,IN,KNOWN-21,2026-05-26T03:25:26.447752,148909.0,10
ced63256-decb-44bc-86ca-2118e6dccf48,21,5269.54,NET_BANKING,WITHDRAWAL,IN,DEV-fddadb,2026-05-26T03:48:26.447752,171913.9,11
9b26fa5a-87e3-4a1a-843d-366e1a818ded,21,22739.85,NET_BANKING,TRANSFER,IN,KNOWN-21,2026-05-26T04:40:26.447752,177183.44,12
c45d110e-a749-4792-bb80-b86228ff2d47,21,23107.66,UPI,TRANSFER,IN,DEV-b275f4,2026-05-26T06:13:26.447752,199923.29,13
4aa78bf1-36e2-4503-a862-c9217379b1eb,21,23542.12,NET_BANKING,WITHDRAWAL,IN,KNOWN-21,2026-05-26T06:58:26.447752,223030.95,14
13a78c31-7e2e-4a7e-86d5-f529d85150d4,21,9924.58,NET_BANKING,WITHDRAWAL,IN,KNOWN-21,2026-05-26T07:07:26.447752,246573.07,15
a4df21f0-4d2b-4563-be3c-e1e343dd569a,21,16866.47,NET_BANKING,WITHDRAWAL,IN,KNOWN-21,2026-05-26T07:59:26.447752,256497.65,16
3040dd83-185f-4ef1-b6a7-a1fc5b3dc734,21,15418.7,NET_BANKING,TRANSFER,IN,DEV-98ebe2,2026-05-26T09:54:26.447752,273364.12,17
214286fc-5df2-4ef3-903b-e6ba5af82efa,21,13230.38,NET_BANKING,TRANSFER,IN,KNOWN-21,2026-05-26T10:45:26.447752,288782.82,18
2f3865ae-dd27-4f39-a383-564031811776,21,12687.76,NET_BANKING,WITHDRAWAL,IN,KNOWN-21,2026-05-26T12:19:26.447752,302013.2,19
d65a36fa-d990-4b8d-8282-5920d1f275b5,21,21324.08,NET_BANKING,DEPOSIT,IN,DEV-5ed7d6,2026-05-26T13:57:26.447752,314700.96,20
7d315790-dba7-46f9-80de-d38b17b98cc7,21,23549.11,NET_BANKING,TRANSFER,IN,DEV-a318de,2026-05-26T14:07:26.447752,336025.04000000004,21
0733645c-c70f-4cf8-95e5-f2e3eb852619,21,12098.57,NET_BANKING,DEPOSIT,IN,KNOWN-21,2026-05-26T14:43:26.447752,359574.15,22
f650fc7a-8bdc-4337-9fdb-e109edd1c918,21,17816.84,NET_BANKING,DEPOSIT,IN,KNOWN-21,2026-05-26T15:22:26.447752,371672.72000000003,23
0a84a726-5a75-498d-8661-2c19779a2cf3,21,13125.28,NET_BANKING,TRANSFER,IN,KNOWN-21,2026-05-26T16:49:26.447752,389489.56000000006,24
4de9a3f3-7520-4f53-920e-c3cab5b99995,21,16937.63,CARD,WITHDRAWAL,IN,KNOWN-21,2026-05-26T17:57:26.447752,402614.8400000001,25
c75574bf-b1e7-489d-b466-da269aeea003,21,11817.35,NET_BANKING,WITHDRAWAL,IN,KNOWN-21,2026-05-26T18:33:26.447752,408134.26000000007,25
02095a5d-c9a2-4e25-bd03-3c4c8681986e,21,9768.77,NET_BANKING,DEPOSIT,IN,KNOWN-21,2026-05-26T19:41:26.447752,419951.61000000004,26
62907c3d-5574-4faa-b001-cc19dff5a68f,21,17304.56,NET_BANKING,WITHDRAWAL,IN,KNOWN-21,2026-05-26T21:27:26.447752,386030.76000000007,24
6c3160d9-f198-4718-b5c8-92fab7016d14,21,11832.38,NET_BANKING,WITHDRAWAL,US,KNOWN-21,2026-05-26T21:47:26.447752,380550.23000000004,24
d71154d7-bda4-4ef1-b2c5-156a304c3ade,21,6664.13,NET_BANKING,TRANSFER,IN,KNOWN-21,2026-05-26T23:10:26.447752,352100.38000000006,22
39b05395-33f3-45c3-93a3-f6a9a4d6d60a,21,14274.53,NET_BANKING,WITHDRAWAL,US,KNOWN-21,2026-05-27T00:11:26.447752,358764.51000000007,23
3179b976-c01e-4176-b998-45f712faa8b9,21,16621.92,NET_BANKING,DEPOSIT,AE,DEV-94c0d9,2026-05-27T01:11:26.447752,362185.5200000001,23
6702a0ae-0562-4610-987f-007b8cea280f,21,9376.37,UPI,DEPOSIT,IN,KNOWN-21,2026-05-27T01:24:26.447752,378807.44000000006,24
12978665-5511-4a46-8b49-074bd171b339,22,9421.18,UPI,TRANSFER,IN,KNOWN-22,2026-05-25T17:55:26.447964,0,0
ff641d74-adfa-4948-aeed-2956c0eede88,22,12348.62,NET_BANKING,TRANSFER,IN,KNOWN-22,2026-05-25T18:27:26.447964,9421.18,1
2a874ce1-f1d5-4a9b-98f1-f75cd407c6a9,22,9349.01,UPI,WITHDRAWAL,IN,KNOWN-22,2026-05-25T20:19:26.447964,21769.800000000003,2
d3c95bd3-dc1b-4811-9b86-7105780dd4b3,22,10812.73,UPI,WITHDRAWAL,IN,KNOWN-22,2026-05-25T21:59:26.447964,31118.810000000005,3
235bfc48-6013-444f-8cc3-ccc6fbb1d869,22,12484.25,UPI,DEPOSIT,IN,DEV-08b872,2026-05-25T22:34:26.447964,41931.54000000001,4
3b5bd59d-f4d9-4320-92a5-eb3906b13fc5,22,10529.92,UPI,DEPOSIT,SG,KNOWN-22,2026-05-26T00:06:26.447964,54415.79000000001,5
1444c71c-4ea5-4468-acfe-921e99aa3217,22,6137.76,UPI,WITHDRAWAL,IN,KNOWN-22,2026-05-26T00:17:26.447964,64945.71000000001,6
00a9d039-f3fd-47b5-8c8b-2ae137fa5666,22,6774.56,NET_BANKING,TRANSFER,IN,KNOWN-22,2026-05-26T00:27:26.447964,71083.47,7
296e0d89-3144-462d-9dd9-6df4cb1aace7,22,3810.5,CARD,DEPOSIT,IN,KNOWN-22,2026-05-26T01:54:26.447964,77858.03,8
38358de3-2148-41ff-9900-be579a80f552,22,10080.52,UPI,WITHDRAWAL,US,KNOWN-22,2026-05-26T03:32:26.447964,81668.53,9
779174c7-36be-4d12-a800-5c445fc13e4d,22,10136.53,UPI,DEPOSIT,IN,KNOWN-22,2026-05-26T04:10:26.447964,91749.05,10
336e456b-0aac-465a-85f8-d70a642ea910,22,4692.64,UPI,DEPOSIT,IN,DEV-de4e6a,2026-05-26T05:05:26.447964,101885.58,11
37a65330-a650-4ad3-81b9-e93d5598e6a7,22,2682.84,NET_BANKING,WITHDRAWAL,IN,KNOWN-22,2026-05-26T06:56:26.447964,106578.22,12
4abaa7e4-25df-4eae-a052-686c47886b51,22,6361.21,UPI,DEPOSIT,IN,KNOWN-22,2026-05-26T07:39:26.447964,109261.06,13
db52c8af-fb4c-4ef7-89cf-5b10e8ce7a00,22,6964.61,UPI,DEPOSIT,IN,KNOWN-22,2026-05-26T08:10:26.447964,115622.27,14
fb19c032-6613-4ce1-8551-db3b6f4bae98,22,7276.15,UPI,TRANSFER,IN,DEV-9fe4e6,2026-05-26T08:17:26.447964,122586.88,15
7b303477-4408-49e2-9dfd-04729d5f54ff,23,19150.78,NET_BANKING,WITHDRAWAL,AE,KNOWN-23,2026-05-25T17:11:26.448061,0,0
4dc3affe-deaf-49c8-a91e-07d4f1b6e97f,23,21117.37,NET_BANKING,WITHDRAWAL,IN,KNOWN-23,2026-05-25T17:56:26.448061,19150.78,1
646b3946-395f-4e47-8e24-d99b6412792d,23,29264.58,NET_BANKING,DEPOSIT,US,KNOWN-23,2026-05-25T18:17:26.448061,40268.149999999994,2
c500dbd9-0211-47af-bf06-cbfa906f8c00,23,47258.91,NET_BANKING,DEPOSIT,IN,KNOWN-23,2026-05-25T18:29:26.448061,69532.73,3
99ded483-1768-4850-8bdc-e4052e8b7f6f,23,15680.23,NET_BANKING,DEPOSIT,IN,KNOWN-23,2026-05-25T19:49:26.448061,116791.64,4
691daead-ca06-4ea2-bb94-327e3b81cb33,23,46074.63,NET_BANKING,WITHDRAWAL,IN,KNOWN-23,2026-05-25T20:58:26.448061,132471.87,5
12c6a816-b4a9-4160-a82d-07eb9380a36e,23,26976.3,NET_BANKING,DEPOSIT,IN,DEV-91f809,2026-05-25T21:10:26.448061,178546.5,6
e1993be7-17a7-404c-a936-83e32b5bff0e,23,33041.21,NET_BANKING,WITHDRAWAL,IN,KNOWN-23,2026-05-25T22:52:26.448061,205522.8,7
7ada93fe-1daf-4956-af9f-a8287d110179,23,21441.12,NET_BANKING,WITHDRAWAL,AE,KNOWN-23,2026-05-25T23:59:26.448061,238564.00999999998,8
391f2692-6601-4b1e-a1d5-d8441249a0d5,23,20576.56,UPI,DEPOSIT,IN,KNOWN-23,2026-05-26T00:49:26.448061,260005.12999999998,9
52203c28-ff46-4b72-ac7d-20926a52707f,23,26987.53,NET_BANKING,DEPOSIT,IN,KNOWN-23,2026-05-26T01:10:26.448061,280581.69,10
6042fbb9-b2db-4e56-9566-3395b0b63853,23,22437.24,NET_BANKING,WITHDRAWAL,IN,KNOWN-23,2026-05-26T01:37:26.448061,307569.22,11
08b4a6b6-ce93-401f-b223-5e4f422390c3,23,53378.622214369694,NET_BANKING,TRANSFER,IN,KNOWN-23,2026-05-26T03:16:26.448061,330006.45999999996,12
5fc782ec-145b-41be-bddc-a00a99fc1ac3,23,42502.87,NET_BANKING,DEPOSIT,IN,KNOWN-23,2026-05-26T04:52:26.448061,383385.0822143697,13
b4d7dfa2-0980-490b-a645-579eda1da4b8,23,45674.29,CARD,TRANSFER,IN,KNOWN-23,2026-05-26T06:25:26.448061,425887.95221436967,14
2e85f70c-1001-4492-8327-92a122003025,23,25750.66,NET_BANKING,DEPOSIT,IN,DEV-d8b8e0,2026-05-26T06:36:26.448061,471562.24221436965,15
803d39c9-c39e-4f46-8d0e-de8920318894,24,22080.13,NET_BANKING,TRANSFER,IN,DEV-0cd960,2026-05-25T17:53:26.448154,0,0
efed07e5-e1bd-46d4-a7f6-2bf268ebb498,24,67648.58813279173,NET_BANKING,DEPOSIT,IN,KNOWN-24,2026-05-25T18:15:26.448154,22080.13,1
06cd5c47-f7ed-49bc-8153-78695ae22661,24,13386.25,NET_BANKING,TRANSFER,IN,KNOWN-24,2026-05-25T18:52:26.448154,89728.71813279174,2
0379f119-ecb3-45e9-96b8-133979c86a4b,24,5560.64,NET_BANKING,WITHDRAWAL,IN,KNOWN-24,2026-05-25T19:18:26.448154,103114.96813279174,3
93691397-63ce-4d4f-8417-77d2fb55c963,24,18286.66,UPI,WITHDRAWAL,IN,KNOWN-24,2026-05-25T21:02:26.448154,108675.60813279173,4
6a434850-3338-4cd3-bb5f-d2f55686d5bf,24,9637.71,NET_BANKING,DEPOSIT,IN,DEV-c8b9e1,2026-05-25T23:02:26.448154,126962.26813279174,5
77116f3d-d0a2-4251-8846-f4d3c85cdd1d,24,18680.74,CARD,TRANSFER,IN,KNOWN-24,2026-05-25T23:48:26.448154,136599.97813279173,6
8dacc39b-6c92-411f-94e4-4d5fb7f6ed88,24,74233.54549178922,NET_BANKING,WITHDRAWAL,IN,DEV-6c8acb,2026-05-26T01:23:26.448154,155280.71813279172,7
c5b1be5c-98d2-4526-9539-48d811ed2d06,24,38628.521383261526,NET_BANKING,TRANSFER,IN,KNOWN-24,2026-05-26T02:02:26.448154,229514.26362458093,8
58351753-bc2a-4470-8263-b2b066ecaaec,24,15467.44,NET_BANKING,TRANSFER,IN,KNOWN-24,2026-05-26T03:44:26.448154,268142.78500784247,9
0c155d1a-b071-41f7-adb3-a0223d3631f2,24,39279.88274476208,NET_BANKING,TRANSFER,IN,KNOWN-24,2026-05-26T04:20:26.448154,283610.22500784247,10
c1baf6d3-798e-44c4-8b6b-0402be68bbf2,24,15579.63,NET_BANKING,DEPOSIT,IN,KNOWN-24,2026-05-26T05:37:26.448154,322890.1077526045,11
d60cdb17-0700-4cef-a0bd-d3ca5d45e79f,24,43725.66550789376,NET_BANKING,DEPOSIT,IN,KNOWN-24,2026-05-26T07:01:26.448154,338469.73775260453,12
75a9942f-7438-4172-8efd-9625684a2730,24,24145.19,CARD,TRANSFER,IN,KNOWN-24,2026-05-26T07:21:26.448154,382195.4032604983,13
ccfeb826-2f8c-4e1f-80ce-41aaccadbc17,24,93969.70746246948,UPI,WITHDRAWAL,IN,KNOWN-24,2026-05-26T09:10:26.448154,406340.5932604983,14
0e2a96f2-2f10-42f9-8f9e-08111bf8cc2c,24,20390.242304054445,NET_BANKING,TRANSFER,IN,KNOWN-24,2026-05-26T10:17:26.448154,500310.3007229678,15
375d9a4f-c70b-4127-a933-f134ab898be9,24,13519.47,NET_BANKING,WITHDRAWAL,IN,KNOWN-24,2026-05-26T10:33:26.448154,520700.5430270222,16
3a249c70-a297-4793-83d0-0944a098a976,24,17185.47,NET_BANKING,DEPOSIT,US,DEV-7aeadb,2026-05-26T12:30:26.448154,534220.0130270222,17
88055c88-9635-4e28-b414-8c5481c2a122,25,2872.31,NET_BANKING,TRANSFER,SG,DEV-8bd85f,2026-05-25T19:01:26.448265,0,0
0ad55c1e-7128-4fa3-8cdc-06f9df6b7cf9,25,6676.65,NET_BANKING,DEPOSIT,IN,KNOWN-25,2026-05-25T20:49:26.448265,2872.31,1
f07f5334-4a11-48f0-bc0f-607569024423,25,6467.56,NET_BANKING,WITHDRAWAL,SG,KNOWN-25,2026-05-25T22:40:26.448265,9548.96,2
af863da0-b991-44dd-8109-f70439023c87,25,6974.78,UPI,WITHDRAWAL,SG,KNOWN-25,2026-05-26T00:16:26.448265,16016.52,3
77e76406-b87c-4fce-85c9-8afe4ee8f6d9,25,8956.99,NET_BANKING,TRANSFER,IN,KNOWN-25,2026-05-26T01:55:26.448265,22991.3,4
d3fa4f76-fe2d-4533-ab4f-6a2e8b960fde,25,11193.94,NET_BANKING,TRANSFER,IN,KNOWN-25,2026-05-26T03:38:26.448265,31948.29,5
49ba2df5-f4c7-4cae-bb42-4b9ec1d1af57,25,7758.5,NET_BANKING,DEPOSIT,IN,KNOWN-25,2026-05-26T04:52:26.448265,43142.23,6
e65e5268-f791-4725-90dd-6f3cb9862c75,25,11594.64,NET_BANKING,WITHDRAWAL,US,KNOWN-25,2026-05-26T06:34:26.448265,50900.73,7
c4a1601c-f2be-4c5d-b67c-f1ee25be5de5,25,10183.56,NET_BANKING,DEPOSIT,IN,KNOWN-25,2026-05-26T06:53:26.448265,62495.37,8
b7f435ee-60b0-4117-9628-e8c8bd5030d0,25,5494.03,NET_BANKING,TRANSFER,IN,KNOWN-25,2026-05-26T07:28:26.448265,72678.93000000001,9
e7247a17-ff4f-4fba-93d3-09e052c7371d,25,3978.41,NET_BANKING,DEPOSIT,AE,KNOWN-25,2026-05-26T08:11:26.448265,78172.96,10
1c632df5-8312-4be3-aed8-f04e1ec5fb3b,25,10148.95,UPI,WITHDRAWAL,IN,KNOWN-25,2026-05-26T09:58:26.448265,82151.37000000001,11
d5a528bd-4362-4082-8a39-0f8e3620a403,25,4024.21,NET_BANKING,WITHDRAWAL,IN,DEV-fff13e,2026-05-26T11:33:26.448265,92300.32,12
6ee9af60-a9bc-45fc-a9cb-98c366fb3213,25,3338.68,NET_BANKING,DEPOSIT,IN,KNOWN-25,2026-05-26T12:24:26.448265,96324.53000000001,13
5c9d1caf-91d3-4b22-8d16-d332e2006e56,25,11436.87,NET_BANKING,WITHDRAWAL,IN,KNOWN-25,2026-05-26T13:09:26.448265,99663.21,14
9a5f0579-0051-44a8-8223-b17c5034fe04,25,6096.44,NET_BANKING,DEPOSIT,IN,KNOWN-25,2026-05-26T13:57:26.448265,111100.08,15
ea30b118-6ea8-43b3-8871-8c438c3ab302,25,6974.46,NET_BANKING,WITHDRAWAL,IN,KNOWN-25,2026-05-26T15:33:26.448265,117196.52,16
3f53fb1a-d63a-4f51-8db6-fbc508bee23e,25,11443.74,NET_BANKING,TRANSFER,IN,DEV-d712b1,2026-05-26T16:44:26.448265,124170.98000000001,17
e7211d55-e132-4b9e-b886-a45477ae1a8d,25,5802.66,NET_BANKING,WITHDRAWAL,IN,KNOWN-25,2026-05-26T17:41:26.448265,135614.72,18
27e6494a-4c59-4e96-83df-342f913efbe0,25,6608.07,NET_BANKING,WITHDRAWAL,IN,KNOWN-25,2026-05-26T19:07:26.448265,138545.07,18
f5ce3c1a-da0e-4de1-b8b2-669a3876e458,25,10650.0,NET_BANKING,TRANSFER,IN,KNOWN-25,2026-05-26T19:35:26.448265,145153.14,19
17971e8c-5c75-4032-ac22-8cbdd4d058e4,26,4776.63,CARD,WITHDRAWAL,US,DEV-1c6447,2026-05-25T17:39:26.448389,0,0
76fae417-277a-43a3-b0af-534015550c76,26,9829.22,CARD,TRANSFER,IN,KNOWN-26,2026-05-25T19:02:26.448389,4776.63,1
5fc830e2-4eeb-4d60-a517-335cd537ad0e,26,9068.93,CARD,TRANSFER,AE,KNOWN-26,2026-05-25T19:48:26.448389,14605.849999999999,2
1e272e7e-ea91-4689-8277-9fb9bd809080,26,10918.17,CARD,WITHDRAWAL,US,KNOWN-26,2026-05-25T21:09:26.448389,23674.78,3
fbc0701f-9566-4968-a363-92311e66947e,26,9211.05,CARD,DEPOSIT,IN,KNOWN-26,2026-05-25T23:06:26.448389,34592.95,4
39e4920d-3c09-409f-bc07-d692b756926e,26,2582.3,UPI,TRANSFER,IN,KNOWN-26,2026-05-25T23:28:26.448389,43804.0,5
f0c9c934-37c9-42d1-b22a-63e2d2e5fc71,26,6782.44,CARD,TRANSFER,IN,DEV-8463b0,2026-05-26T01:02:26.448389,46386.3,6
d23dea2c-662d-4d0f-bc54-43de15ea9468,26,3926.6,CARD,DEPOSIT,IN,KNOWN-26,2026-05-26T01:27:26.448389,53168.740000000005,7
07778873-4297-42a8-8d6f-998f332e8ea2,26,5164.0,CARD,WITHDRAWAL,IN,KNOWN-26,2026-05-26T02:26:26.448389,57095.340000000004,8
6a95cb16-71d8-4b24-af2e-c4763bc71e96,26,6097.14,CARD,DEPOSIT,IN,KNOWN-26,2026-05-26T03:20:26.448389,62259.340000000004,9
0f690c4f-6ab0-4dc8-87dd-55ed0787438f,26,11834.46,NET_BANKING,DEPOSIT,IN,DEV-23cf19,2026-05-26T04:43:26.448389,68356.48000000001,10
5d12efef-3541-4ea8-812a-0c3d45d3eb6f,26,5612.25,UPI,TRANSFER,IN,KNOWN-26,2026-05-26T05:02:26.448389,80190.94,11
198a9156-ea65-4737-9675-9ae94cd4e1cf,26,11760.64,CARD,TRANSFER,IN,KNOWN-26,2026-05-26T05:17:26.448389,85803.19,12
8d59f088-52a4-4798-989e-0c3f67adc8fd,26,10051.56,NET_BANKING,WITHDRAWAL,IN,DEV-ac97aa,2026-05-26T06:41:26.448389,97563.83,13
7be5d4e7-1663-45e0-bda6-43dcdae42b58,26,2612.29,CARD,DEPOSIT,IN,DEV-3c4f38,2026-05-26T08:21:26.448389,107615.39,14
8d18dfba-744f-4867-9626-4eb332e6558d,26,4384.8,CARD,TRANSFER,IN,KNOWN-26,2026-05-26T09:40:26.448389,110227.68,15
5475bfd7-8fdd-4cd6-bb99-076734d0d175,26,3122.94,CARD,TRANSFER,IN,DEV-7cf0a3,2026-05-26T10:55:26.448389,114612.48,16
79379c81-006b-4ed6-8828-a34aab85a580,26,3238.35,CARD,DEPOSIT,IN,KNOWN-26,2026-05-26T11:07:26.448389,117735.42,17
d382e54e-0af0-4805-9dea-ed24ddfdfd2d,26,7276.74,NET_BANKING,TRANSFER,IN,DEV-dfc71c,2026-05-26T11:22:26.448389,120973.77,18
cfe26e31-3984-4132-bfb8-c891f1d08640,26,9822.92,CARD,TRANSFER,IN,KNOWN-26,2026-05-26T12:44:26.448389,128250.51000000001,19
b8978c8f-4264-4398-bf59-75011186197a,26,12303.23,CARD,TRANSFER,IN,KNOWN-26,2026-05-26T13:26:26.448389,138073.43000000002,20
3ec47733-f572-47f9-873a-c2ead4ee2de3,26,11734.1,CARD,WITHDRAWAL,IN,KNOWN-26,2026-05-26T14:46:26.448389,150376.66000000003,21
db01e225-a907-41f9-bb1a-46672583267b,26,5498.12,CARD,WITHDRAWAL,IN,KNOWN-26,2026-05-26T15:24:26.448389,162110.76000000004,22
d3c034ae-45a9-4384-953a-c95eecb252b6,26,4232.22,CARD,TRANSFER,IN,KNOWN-26,2026-05-26T16:00:26.448389,167608.88000000003,23
ea2ad8c5-d4c7-4690-a544-e01340c15215,26,4587.37,CARD,TRANSFER,IN,KNOWN-26,2026-05-26T17:07:26.448389,171841.10000000003,24
ca8e9b9b-5f53-4e6f-9227-c166052f6e85,26,7120.47,CARD,TRANSFER,IN,DEV-82862d,2026-05-26T17:52:26.448389,171651.84000000003,24
2a9cb97b-0333-4bf8-9126-4e41bb0d1aae,26,5494.21,CARD,DEPOSIT,IN,KNOWN-26,2026-05-26T18:00:26.448389,178772.31000000003,25
c5a6445b-b000-48c1-a54e-f8b0c72f26ae,27,3890.63,NET_BANKING,TRANSFER,IN,KNOWN-27,2026-05-25T17:43:26.448557,0,0
67ad4cc5-c2c2-4166-94d5-0b074eca36d0,27,12319.05,NET_BANKING,TRANSFER,IN,DEV-2c9650,2026-05-25T18:48:26.448557,3890.63,1
b866a307-a8b0-4ea2-8142-dd581600ce5f,27,8794.35,NET_BANKING,TRANSFER,SG,KNOWN-27,2026-05-25T20:43:26.448557,16209.68,2
0c0152ef-0907-4817-90be-1742df22da14,27,6964.09,NET_BANKING,WITHDRAWAL,IN,KNOWN-27,2026-05-25T21:03:26.448557,25004.03,3
2115a422-63c6-41ec-bc51-1a656108ca4a,27,9729.68,NET_BANKING,DEPOSIT,IN,KNOWN-27,2026-05-25T22:16:26.448557,31968.12,4
a48100a7-97e8-4fa0-9903-829cce859403,27,8198.64,NET_BANKING,WITHDRAWAL,IN,DEV-f3d654,2026-05-25T23:50:26.448557,41697.8,5
c3f5781f-51e2-4725-9983-75e2dc085edd,27,2820.2,NET_BANKING,DEPOSIT,IN,KNOWN-27,2026-05-26T01:03:26.448557,49896.44,6
de8fc61b-5f27-473c-864d-d0632e8802af,27,23566.913982735954,NET_BANKING,WITHDRAWAL,IN,KNOWN-27,2026-05-26T01:27:26.448557,52716.64,7
796e8341-f05b-44b2-be2e-b3ba6282972b,27,3992.06,NET_BANKING,TRANSFER,IN,KNOWN-27,2026-05-26T01:51:26.448557,76283.55398273596,8
10740b6d-7480-4e03-aa8e-19ef63cc326a,27,13097.193778634506,NET_BANKING,TRANSFER,IN,DEV-084359,2026-05-26T03:40:26.448557,80275.61398273596,9
fce318c1-4cbf-4d45-af57-5bbab7821114,27,10727.61,CARD,WITHDRAWAL,IN,KNOWN-27,2026-05-26T05:29:26.448557,93372.80776137047,10
9a87d5ef-e01d-4d41-a391-81f2a7ee2c7a,27,10620.2,NET_BANKING,DEPOSIT,IN,KNOWN-27,2026-05-26T05:34:26.448557,104100.41776137047,11
1038d8aa-1b30-4960-9bb9-8af4e5a73838,27,11322.209053796481,NET_BANKING,TRANSFER,IN,KNOWN-27,2026-05-26T05:41:26.448557,114720.61776137046,12
34451425-dabb-4371-8722-535f65117691,27,4428.36,NET_BANKING,TRANSFER,IN,KNOWN-27,2026-05-26T06:39:26.448557,126042.82681516695,13
4b2462e9-3698-4a22-869c-de224aa32544,27,3147.92,NET_BANKING,TRANSFER,SG,KNOWN-27,2026-05-26T07:56:26.448557,130471.18681516695,14
c408684f-54c4-49cf-8b44-c24e97dfbf9f,27,5210.68,NET_BANKING,WITHDRAWAL,IN,KNOWN-27,2026-05-26T09:42:26.448557,133619.10681516695,15
cae58848-45c8-46ae-86bf-5b3ef02dd2e3,27,10504.49,NET_BANKING,TRANSFER,IN,KNOWN-27,2026-05-26T09:50:26.448557,138829.78681516694,16
46599624-c5a9-44f1-b231-586ac33a06a3,27,9651.58,NET_BANKING,TRANSFER,IN,KNOWN-27,2026-05-26T10:18:26.448557,149334.27681516693,17
4e899f0e-8e81-42d0-9789-a774a8619afc,27,8204.97,NET_BANKING,TRANSFER,IN,KNOWN-27,2026-05-26T11:06:26.448557,158985.85681516692,18
0d3c6e54-a89d-4f44-96d2-1bb23ccf5af7,27,24975.393608215505,NET_BANKING,TRANSFER,IN,DEV-a19059,2026-05-26T12:02:26.448557,167190.82681516692,19
a2f723f0-bdbc-4def-8fb1-390c262bad74,27,7843.28,CARD,WITHDRAWAL,US,KNOWN-27,2026-05-26T12:46:26.448557,192166.22042338242,20
b8d7babc-e99d-49c7-af43-fbc567e9e649,27,7626.74,NET_BANKING,DEPOSIT,IN,KNOWN-27,2026-05-26T13:22:26.448557,200009.50042338241,21
b2686764-39f4-4b3a-8fb0-ef7731fc181c,27,13696.942763350342,NET_BANKING,DEPOSIT,IN,DEV-4434a1,2026-05-26T15:04:26.448557,207636.2404233824,22
31887d87-ee1b-4a8d-9daa-e4359cab3db2,27,10439.67,NET_BANKING,WITHDRAWAL,IN,DEV-a30cc7,2026-05-26T16:25:26.448557,221333.18318673276,23
03e27f27-1b24-4c4f-86af-d568d841123e,27,19070.72486446964,NET_BANKING,TRANSFER,IN,KNOWN-27,2026-05-26T16:36:26.448557,231772.85318673277,24
003c2994-a067-4806-8466-667adb8bdfc2,27,12075.61,NET_BANKING,WITHDRAWAL,IN,KNOWN-27,2026-05-26T18:19:26.448557,246952.9480512024,24
3b7a951b-df32-44b6-b9c7-76882b41316f,27,2782.8,NET_BANKING,WITHDRAWAL,AE,DEV-7f7093,2026-05-26T18:32:26.448557,259028.5580512024,25
8e07da4d-9a41-440a-ab02-a9e3030efe23,28,31907.61,UPI,TRANSFER,IN,KNOWN-28,2026-05-25T18:25:26.448726,0,0
d343a1d4-5727-4ce7-8821-fb6db5f3eaa7,28,25030.6,UPI,TRANSFER,IN,KNOWN-28,2026-05-25T19:14:26.448726,31907.61,1
0197f2fb-428d-42cc-a077-4abed793dca1,28,10638.34,UPI,DEPOSIT,IN,KNOWN-28,2026-05-25T20:33:26.448726,56938.21,2
7f87b151-a7e0-41b2-899c-e28c38c4ef69,28,42160.42,UPI,DEPOSIT,IN,KNOWN-28,2026-05-25T21:14:26.448726,67576.55,3
72bb355b-e0f8-476c-a0ff-4be8f4b2ed7e,28,47650.66,UPI,TRANSFER,IN,KNOWN-28,2026-05-25T22:21:26.448726,109736.97,4
46fa8929-6316-4567-9256-9330be5bbc38,28,25003.54,UPI,DEPOSIT,IN,KNOWN-28,2026-05-25T23:51:26.448726,157387.63,5
38474e2f-a712-4f7e-aed3-8ce8bef2ee08,28,21453.07,UPI,DEPOSIT,US,KNOWN-28,2026-05-26T01:32:26.448726,182391.17,6
c624bbaf-9648-49d9-b929-baa88cc1cd57,28,20852.29,UPI,DEPOSIT,IN,DEV-f29777,2026-05-26T02:42:26.448726,203844.24000000002,7
6ed196a8-00d9-4d46-a75e-bf961159c0e8,28,23705.87,NET_BANKING,WITHDRAWAL,IN,KNOWN-28,2026-05-26T03:41:26.448726,224696.53000000003,8
57e00465-a31e-41fb-bec0-e56d9f0c802e,28,32348.08,CARD,WITHDRAWAL,IN,KNOWN-28,2026-05-26T04:56:26.448726,248402.40000000002,9
5350d275-d651-4e57-a85e-9a070640ca56,28,26650.29,NET_BANKING,DEPOSIT,IN,KNOWN-28,2026-05-26T05:34:26.448726,280750.48000000004,10
901f07f1-9d88-437c-abe8-e2565cc35cfa,28,17298.71,UPI,DEPOSIT,IN,KNOWN-28,2026-05-26T06:46:26.448726,307400.77,11
8534abed-d3f8-4e57-bff3-f493a42b2cba,28,28624.63,UPI,DEPOSIT,AE,KNOWN-28,2026-05-26T07:19:26.448726,324699.48000000004,12
14d087d8-ae7b-43cc-9269-a09b7ad07952,28,16619.45,UPI,DEPOSIT,IN,KNOWN-28,2026-05-26T07:43:26.448726,353324.11000000004,13
d00b9ff6-dfa4-473a-afaa-e0119acd5b9f,28,24391.93,UPI,TRANSFER,IN,KNOWN-28,2026-05-26T07:58:26.448726,369943.56000000006,14
c005473e-195d-4a96-a30c-776c6bef660d,28,41186.83,UPI,DEPOSIT,IN,KNOWN-28,2026-05-26T08:43:26.448726,394335.49000000005,15
187935d5-fd87-4048-b064-a1b86644d556,28,45054.08,UPI,WITHDRAWAL,IN,KNOWN-28,2026-05-26T10:04:26.448726,435522.32000000007,16
372c3a40-d261-4a3f-afa5-1c267f554319,28,22680.04,CARD,WITHDRAWAL,IN,KNOWN-28,2026-05-26T10:27:26.448726,480576.4000000001,17
7d503369-3b45-4b3b-95b3-c6345f46e4de,28,48976.63,UPI,TRANSFER,IN,DEV-6a0ebe,2026-05-26T10:41:26.448726,503256.44000000006,18
415dd3c9-b7b5-4d03-a71f-424f41a6c0d5,28,11393.95,UPI,DEPOSIT,IN,DEV-f042be,2026-05-26T11:56:26.448726,552233.0700000001,19
e19ff20f-42e7-4c25-9c0a-3cd349dafad6,28,45929.61,UPI,WITHDRAWAL,US,KNOWN-28,2026-05-26T12:58:26.448726,563627.02,20
93dbd7eb-191f-4778-b5a6-8ff40b9a0883,28,34375.65,UPI,WITHDRAWAL,IN,KNOWN-28,2026-05-26T14:54:26.448726,609556.63,21
45bf91c1-feda-40bb-8991-797fdabc1007,28,42133.88,UPI,TRANSFER,IN,KNOWN-28,2026-05-26T15:47:26.448726,643932.28,22
05a2539f-ed73-4152-8a1a-c01bce14da3b,28,25919.31,UPI,TRANSFER,IN,DEV-b82f05,2026-05-26T17:15:26.448726,686066.16,23
e9f1f61d-fb8d-4917-9180-57dd85886357,28,41190.23,CARD,WITHDRAWAL,IN,DEV-ded065,2026-05-26T18:30:26.448726,680077.8600000001,23
25746bf1-3380-401b-a48c-e8ec8f431fa7,28,31421.48,UPI,WITHDRAWAL,SG,KNOWN-28,2026-05-26T20:08:26.448726,696237.4900000001,23
d965069c-322a-4211-8d2b-0dc433f9fbcc,28,46977.08,UPI,DEPOSIT,IN,DEV-93255b,2026-05-26T21:06:26.448726,717020.6300000001,23
03b9a882-c828-4dea-8542-ec6c233d7628,28,15553.23,UPI,WITHDRAWAL,IN,DEV-bad601,2026-05-26T21:12:26.448726,763997.7100000001,24
b36f218b-0f43-4006-8a03-818704e1e4b8,28,44889.44,UPI,DEPOSIT,IN,KNOWN-28,2026-05-26T21:29:26.448726,737390.52,24
03a97bb0-0401-4309-b5b7-210120458fd9,28,47776.52,UPI,DEPOSIT,IN,KNOWN-28,2026-05-26T23:26:26.448726,734629.3,24
0707ccac-3eae-432d-b361-bbdee8c01445,28,35809.53,UPI,WITHDRAWAL,IN,KNOWN-28,2026-05-27T00:06:26.448726,757402.28,24
1e2d0783-2260-4fc4-8545-5b02d4485b14,28,18122.64,UPI,TRANSFER,IN,KNOWN-28,2026-05-27T00:54:26.448726,793211.81,25
ac373f92-31eb-4682-ae3f-58564ca638b8,28,13158.76,UPI,TRANSFER,AE,KNOWN-28,2026-05-27T01:45:26.448726,789881.38,25
755d670a-0df3-4f51-adec-806c1c9e1353,28,12132.92,NET_BANKING,DEPOSIT,IN,KNOWN-28,2026-05-27T01:52:26.448726,803040.14,26
4f18d787-b589-4524-a7ce-89a648016bd7,28,13045.67,UPI,TRANSFER,IN,KNOWN-28,2026-05-27T03:10:26.448726,794320.77,26
f0d549df-513c-44d6-9934-3d74e1f45294,28,36036.26,UPI,WITHDRAWAL,IN,KNOWN-28,2026-05-27T04:14:26.448726,783660.5700000002,26
3ee01d02-9266-493f-9625-af6ede53140a,28,27008.73,UPI,TRANSFER,IN,KNOWN-28,2026-05-27T05:27:26.448726,787348.7500000001,26
342edf6c-37b2-44a6-a7d1-9e8a1492ad67,28,23793.43,UPI,DEPOSIT,IN,KNOWN-28,2026-05-27T06:57:26.448726,770408.4800000001,25
d56cf014-5e8c-4ad5-9a5f-988338a697ae,28,23111.21,CARD,DEPOSIT,US,DEV-b3098f,2026-05-27T07:55:26.448726,748957.8300000002,24
7a21ae10-a244-4940-a02f-4f60a07dbbf6,29,7872.26,UPI,WITHDRAWAL,IN,KNOWN-29,2026-05-25T17:45:26.448967,0,0
d5b868c4-d8dd-4708-8aae-367cd930ce24,29,3244.13,UPI,WITHDRAWAL,IN,KNOWN-29,2026-05-25T18:33:26.448967,7872.26,1
e21fdf4a-0cd9-4894-9233-1b770b6111cb,29,11538.31,NET_BANKING,WITHDRAWAL,IN,DEV-3ca17c,2026-05-25T19:00:26.448967,11116.39,2
09ec7ba2-2ed0-4c68-a516-1e2fb2bf99c4,29,4541.79,UPI,TRANSFER,IN,KNOWN-29,2026-05-25T19:16:26.448967,22654.699999999997,3
3081debc-e779-4475-bc33-35716e22a69d,29,10273.28,UPI,WITHDRAWAL,IN,KNOWN-29,2026-05-25T20:54:26.448967,27196.489999999998,4
1a2934d4-1cd4-422a-9466-f2552524a881,29,6759.92,UPI,WITHDRAWAL,IN,KNOWN-29,2026-05-25T21:35:26.448967,37469.77,5
e5ce83d2-cb67-4858-955c-f9385aac4d62,29,5196.46,UPI,DEPOSIT,IN,KNOWN-29,2026-05-25T21:50:26.448967,44229.689999999995,6
36108837-6138-4f0d-b1a1-8baf4be21c80,29,10295.4,UPI,TRANSFER,IN,DEV-7ea895,2026-05-25T23:31:26.448967,49426.149999999994,7
06ae4b11-b708-489e-9c73-8f36504d0848,29,5460.89,UPI,WITHDRAWAL,AE,KNOWN-29,2026-05-26T01:28:26.448967,59721.549999999996,8
53fc50c2-d5f0-449f-b62a-0dfe02010013,29,11012.49,UPI,TRANSFER,IN,KNOWN-29,2026-05-26T01:37:26.448967,65182.439999999995,9
351491ff-dcac-467f-b4b9-d09c0b07a427,29,3249.55,UPI,DEPOSIT,AE,KNOWN-29,2026-05-26T03:14:26.448967,76194.93,10
0dc49c55-cd7f-4005-be39-b6a0682296b6,29,6252.68,NET_BANKING,TRANSFER,IN,KNOWN-29,2026-05-26T05:13:26.448967,79444.48,11
75249b38-b15c-4b61-aecf-b69f765a4ffe,29,26272.796751801066,UPI,DEPOSIT,IN,DEV-02d26a,2026-05-26T06:32:26.448967,85697.16,12
c0f6599a-6d04-4c6f-9ed2-4e65e6b9f7cf,29,8057.7,CARD,DEPOSIT,US,KNOWN-29,2026-05-26T06:58:26.448967,111969.95675180107,13
11dcc968-426e-4d58-96ef-aaf96bf689b5,29,3430.53,UPI,DEPOSIT,IN,KNOWN-29,2026-05-26T07:30:26.448967,120027.65675180107,14
be89fc52-3527-4c73-b684-bf30d087ff54,29,5614.86,CARD,WITHDRAWAL,IN,KNOWN-29,2026-05-26T08:42:26.448967,123458.18675180107,15
938a0bbd-18ee-4963-a4da-8a5d5305acd5,29,8847.42,UPI,TRANSFER,AE,KNOWN-29,2026-05-26T09:12:26.448967,129073.04675180107,16
f6039d90-4b87-42ab-b372-e832ba73d71b,29,6874.76,UPI,TRANSFER,IN,KNOWN-29,2026-05-26T09:40:26.448967,137920.46675180108,17
5905569c-c380-45ab-9d48-81b41f35db2b,29,11285.16,CARD,TRANSFER,IN,KNOWN-29,2026-05-26T11:22:26.448967,144795.2267518011,18
bb9101b5-afec-47d6-a8d5-903211139cc0,29,7669.36,UPI,DEPOSIT,IN,KNOWN-29,2026-05-26T12:33:26.448967,156080.3867518011,19
6fd8fd46-bcad-43c1-8a73-50ccbfb5d000,29,2964.11,UPI,WITHDRAWAL,IN,KNOWN-29,2026-05-26T12:49:26.448967,163749.74675180108,20
b53aeba1-9672-4e04-8325-849ea9d87872,29,5805.97,CARD,WITHDRAWAL,IN,DEV-43830e,2026-05-26T12:58:26.448967,166713.85675180107,21
1070cad3-537e-4a26-bb49-5f354856fd9b,29,8723.08,CARD,TRANSFER,IN,KNOWN-29,2026-05-26T14:16:26.448967,172519.82675180107,22
364624a2-6d01-4d61-841e-795f810fea15,29,9230.71,UPI,TRANSFER,IN,KNOWN-29,2026-05-26T15:36:26.448967,181242.90675180106,23
30f54d82-b519-4959-9ebd-0acd63fb75a9,29,4171.06,UPI,WITHDRAWAL,IN,DEV-03119d,2026-05-26T16:42:26.448967,190473.61675180105,24
57a8eeb7-6bf9-41a2-b6b7-4ccffecc48ff,29,11649.45,UPI,TRANSFER,IN,KNOWN-29,2026-05-26T17:27:26.448967,194644.67675180105,25
f551cd9d-062d-4a5a-a9f5-887786366732,29,11075.74,UPI,WITHDRAWAL,IN,KNOWN-29,2026-05-26T17:49:26.448967,198421.86675180102,25
10543faa-5d84-41a2-a472-7130f35e3bca,29,24574.301239406053,UPI,DEPOSIT,IN,KNOWN-29,2026-05-26T19:42:26.448967,190173.37675180103,23
79ee8c19-2389-4f16-afad-6eef360105d2,29,10586.59,UPI,TRANSFER,IN,KNOWN-29,2026-05-26T20:50:26.448967,214747.67799120708,24
cd96c172-1ee6-4356-aaa9-c9f1d9557932,29,10245.23,NET_BANKING,TRANSFER,IN,KNOWN-29,2026-05-26T21:59:26.448967,203104.6079912071,22
eb4cfdf6-b72f-4b35-932f-c3152774805d,29,7323.12,NET_BANKING,DEPOSIT,IN,KNOWN-29,2026-05-26T23:23:26.448967,213349.8379912071,23
e74376ca-b1fe-4637-9e6a-f91699a16573,29,9447.39,UPI,TRANSFER,SG,KNOWN-29,2026-05-26T23:29:26.448967,220672.9579912071,24
a870070d-f168-4042-9f37-be132a1c71a7,29,10696.38,UPI,WITHDRAWAL,IN,DEV-60fd39,2026-05-26T23:41:26.448967,219824.94799120713,24
6b2238d7-6112-4c8e-af28-12b821d0f9d5,29,5340.73,UPI,WITHDRAWAL,IN,KNOWN-29,2026-05-27T00:44:26.448967,230521.32799120713,25
2dfc6294-cf71-4a5f-9dc9-cd9b35b807b0,29,18829.794943615525,UPI,WITHDRAWAL,IN,KNOWN-29,2026-05-27T02:25:26.448967,219388.67799120714,24
a49d855c-e3b8-40ce-b70f-7cf3188b1ac2,29,4676.35,UPI,DEPOSIT,IN,KNOWN-29,2026-05-27T03:47:26.448967,234968.92293482268,24
f671effe-f945-4e2b-bd59-2b98558d87f4,29,5672.91,UPI,TRANSFER,IN,DEV-9357e7,2026-05-27T04:27:26.448967,239645.2729348227,25
d3798364-2ae0-43e3-b1a7-e42f2814a1d9,29,4599.86,CARD,TRANSFER,IN,KNOWN-29,2026-05-27T05:08:26.448967,245318.1829348227,26
f07caf8f-e1cc-47e2-bbc6-0001a0c5997e,30,6248.9,UPI,DEPOSIT,IN,KNOWN-30,2026-05-25T18:46:26.449204,0,0
a0688f1b-992f-4b1f-b86d-0b6afb133065,30,7381.85,UPI,DEPOSIT,IN,KNOWN-30,2026-05-25T20:06:26.449204,6248.9,1
5b49c973-8ffa-4ee8-8e5b-aaabe7b4bab4,30,22274.85,CARD,TRANSFER,IN,KNOWN-30,2026-05-25T21:38:26.449204,13630.75,2
d9ec225a-143e-4b62-9450-9e680361d09a,30,16196.65,UPI,TRANSFER,IN,KNOWN-30,2026-05-25T22:03:26.449204,35905.6,3
6d88c585-d6e7-433b-9141-394351214928,30,10717.85,CARD,DEPOSIT,IN,KNOWN-30,2026-05-25T22:25:26.449204,52102.25,4
add5f364-1124-4a8f-87b3-15303f2720cf,30,23315.78,UPI,WITHDRAWAL,IN,DEV-bbf458,2026-05-25T23:36:26.449204,62820.1,5
3b9ab7a8-83cd-450f-b5c5-2a99bb26cc43,30,21872.23,UPI,WITHDRAWAL,IN,KNOWN-30,2026-05-26T00:06:26.449204,86135.88,6
d7492554-9b0d-443b-94de-0dd0b94a5702,30,16755.88,CARD,WITHDRAWAL,IN,KNOWN-30,2026-05-26T00:24:26.449204,108008.11,7
43fd951a-6359-41c6-9401-7cba8686892e,30,14643.31,UPI,TRANSFER,US,DEV-59db5e,2026-05-26T00:32:26.449204,124763.99,8
b61ef33f-7dd5-43a6-a8ea-f054518fc319,30,10695.37,UPI,WITHDRAWAL,IN,KNOWN-30,2026-05-26T01:05:26.449204,139407.30000000002,9
2cd42f59-a493-467a-8d5e-8d448848a13a,30,9488.46,UPI,WITHDRAWAL,IN,DEV-8c7eb6,2026-05-26T03:00:26.449204,150102.67,10
87128ec9-cbf8-47c6-b990-0d413401235a,30,14923.82,UPI,DEPOSIT,IN,DEV-7d4a42,2026-05-26T03:46:26.449204,159591.13,11
5e56cfec-a13f-4067-9c60-b274665f14bb,30,6880.75,NET_BANKING,WITHDRAWAL,IN,KNOWN-30,2026-05-26T04:22:26.449204,174514.95,12
7ac1d787-f7eb-4325-b3a3-f0f7b5113a18,30,22271.46,UPI,DEPOSIT,IN,KNOWN-30,2026-05-26T05:33:26.449204,181395.7,13
2e8be6ca-e879-4a85-ab04-aee3a1ea50ea,30,24792.42,UPI,WITHDRAWAL,IN,KNOWN-30,2026-05-26T05:54:26.449204,203667.16,14
abaee6b6-5fa4-49db-8397-423a1226ea88,30,23092.19,UPI,TRANSFER,IN,KNOWN-30,2026-05-26T07:03:26.449204,228459.58000000002,15
0a79287e-a7aa-4ed5-8ca6-d17eb5f2bcbd,30,9931.0,UPI,DEPOSIT,IN,KNOWN-30,2026-05-26T07:12:26.449204,251551.77000000002,16
6a7988b5-992f-473d-aa08-568c5cba1513,30,24185.57,UPI,WITHDRAWAL,IN,DEV-4ee758,2026-05-26T09:10:26.449204,261482.77000000002,17
aaabcc39-7bcf-4380-939e-33b824dcabd6,30,21020.65,UPI,TRANSFER,IN,DEV-3d36a5,2026-05-26T09:41:26.449204,285668.34,18
b4fa389b-9f29-4db0-b40c-116e057ca843,30,6528.92,UPI,DEPOSIT,US,KNOWN-30,2026-05-26T11:23:26.449204,306688.99000000005,19
949a4ca8-30b7-4fce-94ed-389bbb11b6d9,30,23928.09,UPI,WITHDRAWAL,IN,KNOWN-30,2026-05-26T12:20:26.449204,313217.91000000003,20
2e6871db-93f9-4047-9656-2670567b618a,30,17002.32,CARD,TRANSFER,IN,KNOWN-30,2026-05-26T13:01:26.449204,337146.00000000006,21
fe4d21b5-d625-4311-b81a-069426767e26,30,16731.91,UPI,WITHDRAWAL,IN,DEV-e864e9,2026-05-26T14:31:26.449204,354148.32000000007,22
edacf2a8-370f-48f8-bd7b-d553ecddb5eb,30,8917.68,UPI,DEPOSIT,IN,KNOWN-30,2026-05-26T16:08:26.449204,370880.23000000004,23
a2f7d81a-0fff-47f4-9f8b-f8768674fa64,30,5635.29,NET_BANKING,TRANSFER,IN,KNOWN-30,2026-05-26T16:48:26.449204,379797.91000000003,24
373ab60f-a519-4b8b-b6e3-9822524bf4ad,30,24020.45,NET_BANKING,TRANSFER,AE,KNOWN-30,2026-05-26T17:39:26.449204,385433.2,25
ab3d5af7-c066-4cbd-96af-1b45f75823f7,30,17036.17,UPI,WITHDRAWAL,AE,KNOWN-30,2026-05-26T18:05:26.449204,409453.65,26
7b4e479c-0245-415b-903b-71448f5f93ef,30,11975.31,UPI,WITHDRAWAL,IN,KNOWN-30,2026-05-26T18:46:26.449204,426489.82,27
8fadf66e-3984-433f-b126-abd041f42626,30,10858.57,UPI,WITHDRAWAL,IN,KNOWN-30,2026-05-26T20:32:26.449204,424834.38,26
3a7dac63-7b1b-44fd-a82e-27b759f06428,30,6552.94,UPI,TRANSFER,IN,KNOWN-30,2026-05-26T20:49:26.449204,435692.95,27
ec357d1c-fe47-4ab3-9124-93f597bf2c73,30,24682.31,UPI,TRANSFER,SG,KNOWN-30,2026-05-26T21:46:26.449204,419971.04,27
5c829c6a-d162-479d-9960-11ff2372b805,30,7667.95,UPI,DEPOSIT,IN,KNOWN-30,2026-05-26T23:34:26.449204,417738.85,26
eb2dfb50-fb21-47ac-8051-779695c11fe2,30,8727.47,UPI,WITHDRAWAL,SG,KNOWN-30,2026-05-27T00:57:26.449204,348819.60000000003,23
315c6d72-c763-48cd-a40d-46cf513a1052,30,20195.85,UPI,TRANSFER,IN,DEV-de9210,2026-05-27T01:29:26.449204,346851.7,23
0c082f60-41d2-49a1-95a9-8c6091905136,30,19895.55,UPI,DEPOSIT,IN,KNOWN-30,2026-05-27T03:18:26.449204,357559.08999999997,23
3415b053-c6ae-4432-8888-92adf7205edc,30,17213.87,UPI,TRANSFER,IN,KNOWN-30,2026-05-27T04:03:26.449204,362530.81999999995,23
0a73cc2d-5111-4290-a14a-abd3e1f87707,30,7887.65,UPI,TRANSFER,IN,KNOWN-30,2026-05-27T05:25:26.449204,372863.93999999994,23
ea7a3f4b-d31d-4bfc-a743-d8612c6313d2,31,10105.06,NET_BANKING,DEPOSIT,IN,DEV-506acb,2026-05-25T17:17:26.449438,0,0
922270ac-3eb0-4a31-9d35-f1e8c1273d85,31,14031.1,CARD,DEPOSIT,IN,KNOWN-31,2026-05-25T18:48:26.449438,10105.06,1
745944b5-ba68-4acf-b1d3-e15d8da988ce,31,13730.14,NET_BANKING,TRANSFER,IN,KNOWN-31,2026-05-25T20:39:26.449438,24136.16,2
71881bc3-7577-4dd9-90e9-769954abbf08,31,20268.67,NET_BANKING,TRANSFER,IN,DEV-7c21cd,2026-05-25T20:53:26.449438,37866.3,3
1fdbc637-ff3c-43b8-9421-3cd4adec91e8,31,11204.56,NET_BANKING,TRANSFER,AE,KNOWN-31,2026-05-25T22:00:26.449438,58134.97,4
12de726f-6dd6-499b-988f-74abf35eaf64,31,22953.83,NET_BANKING,WITHDRAWAL,IN,DEV-20f664,2026-05-26T00:00:26.449438,69339.53,5
4ad0d448-e835-46d9-86a5-83f2cd9ef530,31,19764.1,NET_BANKING,DEPOSIT,IN,KNOWN-31,2026-05-26T01:12:26.449438,92293.36,6
681403eb-1a8d-4090-aa2c-b474792356e2,31,14612.62,NET_BANKING,DEPOSIT,SG,KNOWN-31,2026-05-26T02:18:26.449438,112057.45999999999,7
08b163de-7e29-4eb2-9f89-414f2b00a66a,31,17044.07,NET_BANKING,WITHDRAWAL,IN,KNOWN-31,2026-05-26T03:36:26.449438,126670.07999999999,8
0d5e2dec-29c1-474a-b454-55d1361d66ca,31,14594.68,NET_BANKING,TRANSFER,AE,KNOWN-31,2026-05-26T04:09:26.449438,143714.15,9
683bd712-d68e-4948-8c4a-74ff30d4bdec,31,13992.53,NET_BANKING,DEPOSIT,IN,KNOWN-31,2026-05-26T04:50:26.449438,158308.83,10
4bf69fb6-5883-4705-bdb8-47132ca785d6,31,16095.53,NET_BANKING,WITHDRAWAL,IN,KNOWN-31,2026-05-26T06:20:26.449438,172301.36,11
d11b8017-5437-4425-af0a-466e93484171,31,15846.31,NET_BANKING,WITHDRAWAL,IN,KNOWN-31,2026-05-26T07:18:26.449438,188396.88999999998,12
1d01474c-7257-424d-8b02-d0408fbfe868,31,16800.79,NET_BANKING,WITHDRAWAL,IN,KNOWN-31,2026-05-26T07:26:26.449438,204243.19999999998,13
14d8c1c1-a226-4866-8217-c17cad59f1e3,31,24596.78,CARD,WITHDRAWAL,IN,KNOWN-31,2026-05-26T07:41:26.449438,221043.99,14
0875c1e9-497a-430b-b1c4-4d6e46a183b9,31,7040.3,UPI,DEPOSIT,IN,KNOWN-31,2026-05-26T09:05:26.449438,245640.77,15
79df19e3-32ba-4706-b94d-45128fae6914,31,9372.71,NET_BANKING,TRANSFER,US,DEV-117993,2026-05-26T10:17:26.449438,252681.06999999998,16
86ac4ec3-2bde-4523-9672-78e9ab7712be,31,19362.82,NET_BANKING,WITHDRAWAL,SG,KNOWN-31,2026-05-26T11:38:26.449438,262053.77999999997,17
a72fc827-d6ed-4d84-893b-82c89c88389e,31,23895.96,CARD,DEPOSIT,IN,KNOWN-31,2026-05-26T12:08:26.449438,281416.6,18
742154ea-8e9d-43da-b248-e390b82743dd,31,14901.13,NET_BANKING,TRANSFER,IN,KNOWN-31,2026-05-26T12:49:26.449438,305312.56,19
4ec43d08-cd71-44bf-8d5f-a4cb5b6213ba,31,9803.83,NET_BANKING,WITHDRAWAL,IN,DEV-844267,2026-05-26T13:53:26.449438,320213.69,20
b47e457b-4809-42f5-a83c-d0f8698c3e6a,31,21532.49,NET_BANKING,DEPOSIT,IN,KNOWN-31,2026-05-26T15:02:26.449438,330017.52,21
6c2a2f6c-338b-49ff-810c-127c4d824ef2,31,20702.55,NET_BANKING,TRANSFER,IN,KNOWN-31,2026-05-26T16:03:26.449438,351550.01,22
15a25b14-aa2c-437c-9831-4899ab753121,31,22386.4,NET_BANKING,WITHDRAWAL,IN,DEV-0b4e6e,2026-05-26T16:39:26.449438,372252.56,23
70fd64b1-1094-4f31-9285-520f1f82e7c5,32,3717.21,UPI,DEPOSIT,US,KNOWN-32,2026-05-25T18:03:26.449587,0,0
329b273b-5883-4802-9d06-efd5623f69f2,32,2345.02,UPI,WITHDRAWAL,IN,KNOWN-32,2026-05-25T19:45:26.449587,3717.21,1
ab88a4d6-8ce3-4fdf-9c94-806b99b78525,32,4536.34,UPI,DEPOSIT,IN,KNOWN-32,2026-05-25T21:45:26.449587,6062.23,2
18380aed-bc53-4904-99da-5ab6c2de473f,32,2292.77,NET_BANKING,TRANSFER,IN,KNOWN-32,2026-05-25T22:29:26.449587,10598.57,3
51e9ac46-40bd-4101-8c3a-256769722d5f,32,3981.58,NET_BANKING,DEPOSIT,IN,DEV-69acb8,2026-05-26T00:06:26.449587,12891.34,4
bc7435a5-b8e6-4723-bed7-564bf0825518,32,4202.12,UPI,TRANSFER,IN,DEV-d923c3,2026-05-26T00:49:26.449587,16872.92,5
cd785012-aef8-47de-bff0-e7f2ac3a4b54,32,3722.91,UPI,DEPOSIT,SG,KNOWN-32,2026-05-26T00:56:26.449587,21075.039999999997,6
6a645ed1-4d77-4a77-846e-dc65a083e4e0,32,1973.98,CARD,TRANSFER,IN,KNOWN-32,2026-05-26T01:27:26.449587,24797.949999999997,7
f7472bd5-ba1e-43c0-86af-1bc73a455550,32,4879.47,UPI,DEPOSIT,AE,DEV-b6608b,2026-05-26T02:18:26.449587,26771.929999999997,8
8d905a08-ede1-40fb-8afe-ac6d8c931331,32,1022.51,UPI,WITHDRAWAL,IN,DEV-064cb3,2026-05-26T03:04:26.449587,31651.399999999998,9
e42dcde2-faf9-4fb1-bf59-c805c7e577d3,32,2238.55,UPI,WITHDRAWAL,SG,KNOWN-32,2026-05-26T04:31:26.449587,32673.909999999996,10
94ecf9e2-1f7b-4c7e-9688-c4dec848e67a,32,4899.85,UPI,WITHDRAWAL,IN,KNOWN-32,2026-05-26T06:16:26.449587,34912.46,11
b068d8ae-83cd-4203-8a21-b6bc9ecdf702,32,2680.09,UPI,TRANSFER,AE,KNOWN-32,2026-05-26T06:48:26.449587,39812.31,12
3d5e5e4f-37fc-4423-baae-6b59691db4e3,32,3794.14,UPI,WITHDRAWAL,IN,DEV-90492c,2026-05-26T08:04:26.449587,42492.399999999994,13
0c6a41ed-8f4d-4ce0-bb09-a0e50c7ce8f8,32,2022.5,UPI,TRANSFER,IN,KNOWN-32,2026-05-26T08:15:26.449587,46286.53999999999,14
3cbfb0c3-eadd-4139-abcd-234210a22aa2,32,3563.94,UPI,WITHDRAWAL,US,KNOWN-32,2026-05-26T10:08:26.449587,48309.03999999999,15
0542cc40-953f-4a32-b5bb-f0b7cbda77fb,32,3106.75,UPI,TRANSFER,SG,KNOWN-32,2026-05-26T11:25:26.449587,51872.979999999996,16
2fe0bacb-b991-4883-a4bd-b5054bdcb05e,32,1150.14,CARD,WITHDRAWAL,AE,KNOWN-32,2026-05-26T13:21:26.449587,54979.729999999996,17
b3b83d57-5e01-4de3-945b-f34bb605cb87,32,3663.75,UPI,DEPOSIT,IN,KNOWN-32,2026-05-26T15:21:26.449587,56129.869999999995,18
b0044d73-ded6-4ccc-96d4-1846f1efd5e9,32,3628.98,NET_BANKING,WITHDRAWAL,IN,KNOWN-32,2026-05-26T15:47:26.449587,59793.619999999995,19
2ae1ea59-47b0-420a-92ee-846d755f1e4a,32,2881.37,UPI,WITHDRAWAL,IN,DEV-f10415,2026-05-26T16:20:26.449587,63422.6,20
6406cbf5-7bf0-43ec-809a-679732c9ff75,32,2129.68,CARD,WITHDRAWAL,US,KNOWN-32,2026-05-26T17:41:26.449587,66303.97,21
e49700c9-7c50-496c-bc55-f559f0948787,33,16893.08,NET_BANKING,WITHDRAWAL,AE,KNOWN-33,2026-05-25T18:05:26.449733,0,0
f97b941a-799c-4845-a19b-2f7f6ec0a383,33,5033.61,CARD,DEPOSIT,IN,KNOWN-33,2026-05-25T18:44:26.449733,16893.08,1
9001ad76-8ff5-4751-b272-c23d31b84b71,33,18519.43,UPI,TRANSFER,IN,KNOWN-33,2026-05-25T20:05:26.449733,21926.690000000002,2
2fa4e693-8532-4592-aa47-7f759b40b0d0,33,24794.78,CARD,WITHDRAWAL,IN,KNOWN-33,2026-05-25T20:49:26.449733,40446.12,3
c39aa4b9-c674-432c-8b2b-b454cc92dcda,33,15164.05,CARD,DEPOSIT,IN,DEV-b3ae41,2026-05-25T21:28:26.449733,65240.9,4
700958d8-912d-4a25-8269-c035e11b0f9f,33,24360.75,CARD,WITHDRAWAL,IN,DEV-09d8d2,2026-05-25T22:48:26.449733,80404.95,5
477df53f-526d-47eb-81e1-3c73b8a2b883,33,21930.84,CARD,TRANSFER,IN,KNOWN-33,2026-05-26T00:42:26.449733,104765.7,6
cb2d613c-4532-4f3a-99fa-78cf918c42b5,33,24432.83,UPI,TRANSFER,IN,KNOWN-33,2026-05-26T01:52:26.449733,126696.54,7
3db89167-7ff5-4ed5-8b08-a7c354b1f8f6,33,20915.42,NET_BANKING,WITHDRAWAL,IN,KNOWN-33,2026-05-26T02:12:26.449733,151129.37,8
3361c726-f464-4b0c-b07f-24d82e5c439f,33,8115.19,CARD,TRANSFER,IN,KNOWN-33,2026-05-26T03:44:26.449733,172044.78999999998,9
1dcb8714-b6a3-445b-a9b9-bade2209a384,33,7729.69,CARD,TRANSFER,IN,KNOWN-33,2026-05-26T04:31:26.449733,180159.97999999998,10
7f4ead6c-2911-498b-b18a-292ec65133b8,33,18830.9,CARD,TRANSFER,IN,KNOWN-33,2026-05-26T06:21:26.449733,187889.66999999998,11
54269179-ce18-4189-b4a8-0e6f731f66f0,33,8901.68,CARD,TRANSFER,US,KNOWN-33,2026-05-26T06:56:26.449733,206720.56999999998,12
233ddb9f-7dc8-4643-b0f1-95876d78bc8d,33,15870.76,CARD,WITHDRAWAL,US,DEV-43d93b,2026-05-26T07:59:26.449733,215622.24999999997,13
16eea958-222e-48e1-a993-1f1f938f5690,33,13746.3,CARD,TRANSFER,AE,KNOWN-33,2026-05-26T09:48:26.449733,231493.00999999998,14
29278ee9-6ce6-4e90-9386-8102172cb94b,33,23472.88,CARD,DEPOSIT,SG,KNOWN-33,2026-05-26T10:50:26.449733,245239.30999999997,15
c3304c02-b458-440c-a8e3-bc1cb24e565d,33,20154.1,CARD,TRANSFER,IN,KNOWN-33,2026-05-26T11:57:26.449733,268712.18999999994,16
e03c4d7e-24a8-45ca-b21b-8228642871ae,33,18502.89,NET_BANKING,TRANSFER,IN,KNOWN-33,2026-05-26T13:32:26.449733,288866.2899999999,17
dbaeac1f-c5b1-4398-979b-f88e37fce981,33,24043.95,NET_BANKING,DEPOSIT,US,KNOWN-33,2026-05-26T15:03:26.449733,307369.17999999993,18
8c267c1f-10c6-4fc6-b039-338b22b64ad4,33,6441.22,CARD,TRANSFER,IN,KNOWN-33,2026-05-26T16:05:26.449733,331413.12999999995,19
864b8cdd-e80a-42de-a79d-1c9e2d116ecb,33,11233.65,NET_BANKING,WITHDRAWAL,IN,KNOWN-33,2026-05-26T18:05:26.449733,337854.3499999999,20
559a3463-3429-489a-ac8d-06276a2d7039,33,18314.24,CARD,TRANSFER,IN,KNOWN-33,2026-05-26T19:16:26.449733,327161.31,19
886953d5-af9b-4923-a017-0b618768274c,33,18471.45,CARD,DEPOSIT,IN,DEV-1c5b6e,2026-05-26T20:42:26.449733,326956.12,19
35474f60-0df9-432b-bb3a-0a9eb3f5df1a,33,12912.94,CARD,WITHDRAWAL,US,KNOWN-33,2026-05-26T21:44:26.449733,305468.74,18
663c0804-6d99-4691-a9b3-076fb1d8ec62,33,12053.52,NET_BANKING,WITHDRAWAL,IN,KNOWN-33,2026-05-26T21:57:26.449733,318381.68,19
83bb6b24-a3c2-4165-b99a-2943f9ca9d16,33,10786.91,CARD,DEPOSIT,IN,KNOWN-33,2026-05-26T22:32:26.449733,330435.2,20
967fb734-656f-46a7-9bff-e61eefcdbb45,33,10633.13,CARD,WITHDRAWAL,IN,KNOWN-33,2026-05-27T00:13:26.449733,316861.36,20
716d24e7-e346-462c-9103-29972356daa6,34,22174.728572484582,UPI,DEPOSIT,AE,KNOWN-34,2026-05-25T18:30:26.449915,0,0
3607460d-99b9-445f-9059-4006f80d8cbe,34,6926.95,UPI,DEPOSIT,IN,KNOWN-34,2026-05-25T20:07:26.449915,22174.728572484582,1
20479e70-90ef-42a0-94b0-54db3b5e790f,34,12040.07,UPI,DEPOSIT,AE,KNOWN-34,2026-05-25T21:01:26.449915,29101.678572484583,2
eabed5ff-3fce-48b0-a45c-21cf8057228e,34,2965.41,UPI,WITHDRAWAL,IN,DEV-3b8d74,2026-05-25T21:50:26.449915,41141.74857248458,3
7d6db160-6ae5-4a3e-88f0-573492c21944,34,12230.22,UPI,DEPOSIT,IN,DEV-1d9db4,2026-05-25T23:45:26.449915,44107.15857248458,4
aeff1e86-5647-4be9-9588-5c29ee7d689b,34,12093.19,UPI,DEPOSIT,IN,KNOWN-34,2026-05-26T00:41:26.449915,56337.37857248458,5
395e6b8e-ccc1-4b92-b5aa-f33863e93df4,34,22356.56577118608,UPI,WITHDRAWAL,IN,KNOWN-34,2026-05-26T02:16:26.449915,68430.56857248458,6
e76f8cc5-2688-4e14-9de4-553bc832832d,34,9248.58,UPI,TRANSFER,IN,KNOWN-34,2026-05-26T02:27:26.449915,90787.13434367067,7
caae0c57-1d88-41c6-a88f-222558ee8c96,34,11088.9,UPI,WITHDRAWAL,IN,DEV-0232bd,2026-05-26T04:18:26.449915,100035.71434367067,8
89d1c2cb-69f7-402e-9b56-4cccc01dee6d,34,6077.09,UPI,WITHDRAWAL,US,KNOWN-34,2026-05-26T05:04:26.449915,111124.61434367066,9
07c0f999-a71c-4a7f-a291-59ebebe9c997,34,5125.66,UPI,WITHDRAWAL,IN,KNOWN-34,2026-05-26T05:52:26.449915,117201.70434367066,10
5118aa0b-be60-4923-b03d-c68e0e11fff4,34,7671.6,UPI,DEPOSIT,IN,KNOWN-34,2026-05-26T06:17:26.449915,122327.36434367066,11
9c3adf52-5c76-4d16-80f9-1c45802f5b9d,34,4632.83,NET_BANKING,WITHDRAWAL,IN,DEV-db47ba,2026-05-26T08:07:26.449915,129998.96434367067,12
744d3f64-2370-4d61-b7e4-9990abb0afcd,34,7675.44,UPI,TRANSFER,IN,KNOWN-34,2026-05-26T08:38:26.449915,134631.79434367066,13
75eaf3b5-3912-4597-9c10-436f48018a3a,34,5345.83,UPI,TRANSFER,IN,KNOWN-34,2026-05-26T10:01:26.449915,142307.23434367066,14
52480c10-c385-47c5-a2a8-aeaf9b022d42,34,10067.97,NET_BANKING,TRANSFER,IN,KNOWN-34,2026-05-26T10:06:26.449915,147653.06434367065,15
fb1ef523-e316-41c4-acf7-213ece7d1745,34,5384.16,NET_BANKING,DEPOSIT,IN,KNOWN-34,2026-05-26T12:02:26.449915,157721.03434367065,16
cf37413f-784f-4a9f-98a3-5f9ef4383106,34,7777.27,NET_BANKING,TRANSFER,IN,KNOWN-34,2026-05-26T12:11:26.449915,163105.19434367065,17
9e556f50-b827-45fd-99a8-b5ebb6c19c62,34,7096.62,UPI,WITHDRAWAL,IN,KNOWN-34,2026-05-26T13:47:26.449915,170882.46434367064,18
7f135317-ab52-4c06-941a-e4615acc733e,34,18468.55701404341,NET_BANKING,TRANSFER,IN,KNOWN-34,2026-05-26T14:22:26.449915,177979.08434367063,19
5daf2793-d232-4916-be0d-ee095540ac14,34,3336.6,NET_BANKING,DEPOSIT,IN,KNOWN-34,2026-05-26T15:25:26.449915,196447.64135771405,20
cc4031af-6584-45ad-82f8-6960ab460c78,34,12184.29,UPI,TRANSFER,IN,KNOWN-34,2026-05-26T16:32:26.449915,199784.24135771405,21
7bb0ecda-a5fe-41fa-b8b8-1dc6be1e5360,34,3399.32,NET_BANKING,TRANSFER,IN,KNOWN-34,2026-05-26T17:08:26.449915,211968.53135771406,22
66e4076d-5770-4115-97d5-32ff53e22de3,34,5988.95,UPI,WITHDRAWAL,IN,DEV-7f2cea,2026-05-26T18:39:26.449915,193193.1227852295,22
ced6a599-b543-4939-ad5f-acb0ce2dbf8f,34,44836.8212617724,UPI,DEPOSIT,IN,KNOWN-34,2026-05-26T19:33:26.449915,199182.0727852295,23
0ae72ef4-cc78-482e-a49e-39167330b295,34,4796.08,UPI,TRANSFER,IN,KNOWN-34,2026-05-26T19:43:26.449915,244018.8940470019,24
a12cbdb5-28f2-42fe-aa68-9f5265413be0,34,11897.12,UPI,DEPOSIT,IN,KNOWN-34,2026-05-26T19:55:26.449915,248814.9740470019,25
4a7ba045-3f7c-4025-8502-6cbc4a688492,34,23951.916608839256,UPI,WITHDRAWAL,IN,KNOWN-34,2026-05-26T21:37:26.449915,241745.07404700192,24
08f30e23-8fde-4e99-8fea-b4f99f76fcf1,34,4382.0,UPI,DEPOSIT,IN,KNOWN-34,2026-05-26T22:33:26.449915,262731.58065584116,24
a46e2a76-351b-4669-bd59-f9de212cee72,34,7008.24,CARD,TRANSFER,IN,KNOWN-34,2026-05-27T00:23:26.449915,254883.36065584118,24
b520c8e4-deab-46a2-9e9d-f2c32475bea2,34,11098.23,UPI,DEPOSIT,IN,KNOWN-34,2026-05-27T02:02:26.449915,249798.41065584114,24
24217803-97c3-421e-9530-19012288fb7f,34,10736.64,UPI,DEPOSIT,IN,KNOWN-34,2026-05-27T02:28:26.449915,229291.49488465508,23
a98af111-1bb5-4f20-b246-c5adb5b11ce7,34,9957.31,CARD,WITHDRAWAL,IN,KNOWN-34,2026-05-27T03:44:26.449915,240028.13488465507,24
58946e40-5601-4cde-be65-6bd8894f7f29,34,9597.45,UPI,DEPOSIT,IN,KNOWN-34,2026-05-27T04:41:26.449915,238896.5448846551,24
a5d0b0ef-b7c4-4b1b-89a6-3129f0d20bf5,34,5815.35,UPI,WITHDRAWAL,IN,KNOWN-34,2026-05-27T06:26:26.449915,229619.64488465508,22
f40e269c-3028-49ad-8866-81d6874daa28,34,11523.99,UPI,WITHDRAWAL,SG,KNOWN-34,2026-05-27T07:39:26.449915,235434.99488465508,23
2d9edc83-ff92-4d94-88ab-a69f01a2b405,34,11876.21,UPI,WITHDRAWAL,IN,KNOWN-34,2026-05-27T08:57:26.449915,234650.7148846551,22
275887b1-5c3e-47d4-a4f3-eb8970613023,34,17909.17697543647,UPI,DEPOSIT,IN,KNOWN-34,2026-05-27T09:55:26.449915,246526.9248846551,23
feeefedd-a7c2-4dd4-b1da-8f6edf9abda5,34,11797.151472870175,UPI,DEPOSIT,IN,KNOWN-34,2026-05-27T11:34:26.449915,249022.30186009154,22
0db46eb5-63f1-405b-8ee3-2940348f71e4,34,10999.56,UPI,TRANSFER,IN,KNOWN-34,2026-05-27T11:57:26.449915,260819.4533329617,23
92d66df1-3807-4e45-9c79-a766eae088d6,35,10099.17,UPI,DEPOSIT,IN,DEV-df2438,2026-05-25T17:43:26.450190,0,0
280be0e1-b512-43ea-85c0-d110b97be4a1,35,16984.06,CARD,TRANSFER,IN,KNOWN-35,2026-05-25T19:25:26.450190,10099.17,1
a8c0868e-5e7d-4d37-ba5f-dc22bb9349ea,35,13880.8,NET_BANKING,TRANSFER,IN,DEV-32e720,2026-05-25T20:00:26.450190,27083.230000000003,2
987e0f63-7b12-4b70-a6db-f5543c6d56e3,35,26183.935009568995,NET_BANKING,DEPOSIT,IN,KNOWN-35,2026-05-25T20:08:26.450190,40964.03,3
cb5f88ab-81ce-4945-b3fd-e2dbd66aa507,35,18883.22,NET_BANKING,TRANSFER,IN,KNOWN-35,2026-05-25T21:35:26.450190,67147.96500956899,4
8d66efe0-8efe-4590-a521-e1aa6f10f797,35,18067.15,NET_BANKING,DEPOSIT,IN,KNOWN-35,2026-05-25T22:13:26.450190,86031.18500956899,5
7fb66817-d651-475f-9d1b-801ed2f44fb6,35,16112.21,NET_BANKING,DEPOSIT,AE,KNOWN-35,2026-05-25T23:14:26.450190,104098.33500956898,6
195029b6-0bb5-4ef3-b0a4-a5477b5079e9,35,60938.882948711216,NET_BANKING,WITHDRAWAL,IN,DEV-d93493,2026-05-26T00:17:26.450190,120210.54500956897,7
28999c94-e561-4523-ad2f-9999f01a94be,35,14951.77,CARD,TRANSFER,SG,KNOWN-35,2026-05-26T01:36:26.450190,181149.4279582802,8
319e4728-0a74-41d6-b0b5-dbee34c48454,35,7562.74,NET_BANKING,WITHDRAWAL,IN,KNOWN-35,2026-05-26T03:33:26.450190,196101.1979582802,9
e276d4be-0af6-44da-851c-e8833192755a,35,16300.26,CARD,WITHDRAWAL,IN,KNOWN-35,2026-05-26T05:32:26.450190,203663.93795828018,10
63faaefe-d19e-42c7-ae2a-49e9be49eaac,35,19746.48,NET_BANKING,TRANSFER,US,KNOWN-35,2026-05-26T06:42:26.450190,219964.1979582802,11
cbf4100f-c845-4764-b6c8-00a2943fe5e5,35,19054.95,NET_BANKING,DEPOSIT,IN,KNOWN-35,2026-05-26T08:29:26.450190,239710.6779582802,12
4b4de414-2162-46f6-8bb4-b2a28b0d9481,35,24536.24,CARD,WITHDRAWAL,IN,KNOWN-35,2026-05-26T08:38:26.450190,258765.6279582802,13
14251d46-9a2d-434f-8f75-4d78e56bfd5a,35,14416.83,NET_BANKING,TRANSFER,IN,KNOWN-35,2026-05-26T09:21:26.450190,283301.8679582802,14
a401c65e-78f1-47a3-9771-8bfcf23f2abe,35,14948.61,NET_BANKING,WITHDRAWAL,IN,KNOWN-35,2026-05-26T10:54:26.450190,297718.6979582802,15
bd7c0de2-8660-42f5-a600-053811957810,35,7265.82,CARD,TRANSFER,IN,KNOWN-35,2026-05-26T11:33:26.450190,312667.3079582802,16
f131cd6f-aa4e-483d-80a1-477f111dbe1c,36,2200.6,UPI,DEPOSIT,IN,KNOWN-36,2026-05-25T18:41:26.450302,0,0
f348f816-7e13-4672-8fe3-82237ce48c6a,36,1256.97,CARD,DEPOSIT,IN,KNOWN-36,2026-05-25T20:13:26.450302,2200.6,1
af30da2f-54bb-4093-8353-94e0b26f3740,36,1420.25,CARD,TRANSFER,IN,KNOWN-36,2026-05-25T20:45:26.450302,3457.5699999999997,2
ae45dd6e-c18c-473f-945a-506eeeabd80e,36,3836.36,CARD,TRANSFER,IN,KNOWN-36,2026-05-25T22:07:26.450302,4877.82,3
3a31bf5d-cc00-4142-aa2c-d80d851e5d24,36,2605.94,NET_BANKING,TRANSFER,IN,KNOWN-36,2026-05-25T23:11:26.450302,8714.18,4
a93d75f9-f1bb-4ddc-b1f9-f46edf0b0029,36,2392.43,CARD,TRANSFER,IN,KNOWN-36,2026-05-25T23:56:26.450302,11320.12,5
f2d83b4b-0b98-43bc-a76e-51a275a39204,36,4597.97,NET_BANKING,TRANSFER,IN,KNOWN-36,2026-05-26T01:49:26.450302,13712.550000000001,6
837b46aa-a668-41e8-a7fa-55c8400b0ce4,36,2042.71,CARD,DEPOSIT,IN,DEV-4b78e9,2026-05-26T02:50:26.450302,18310.52,7
4e9e95ac-4303-4e98-a1c0-2e39c6def3c4,36,1958.62,CARD,TRANSFER,US,KNOWN-36,2026-05-26T03:10:26.450302,20353.23,8
aecaf931-bfd5-4dbe-9cf3-bd82a35ce858,36,1199.55,CARD,DEPOSIT,IN,KNOWN-36,2026-05-26T03:52:26.450302,22311.85,9
d8c3f177-b68f-4e77-bc39-9f882d1c4e80,36,4312.36,CARD,TRANSFER,IN,KNOWN-36,2026-05-26T04:06:26.450302,23511.399999999998,10
df37cc98-dec7-4a5c-b7aa-c14a5a4c65f0,36,3355.57,CARD,DEPOSIT,IN,KNOWN-36,2026-05-26T04:45:26.450302,27823.76,11
0e2e3b71-fd6a-4df2-9a48-8f9f0a1cff87,36,2667.93,CARD,DEPOSIT,IN,KNOWN-36,2026-05-26T04:58:26.450302,31179.329999999998,12
f58c05d8-9275-4d3a-ae5b-19ce83f86ece,36,4991.1,CARD,WITHDRAWAL,IN,DEV-abfaa2,2026-05-26T06:58:26.450302,33847.259999999995,13
012399f0-9db6-48f9-b425-0c066900b64b,36,4178.62,CARD,TRANSFER,IN,DEV-2f382c,2026-05-26T08:05:26.450302,38838.35999999999,14
190542c1-e90d-4758-8440-69fd8384a4fe,36,4875.71,NET_BANKING,WITHDRAWAL,IN,KNOWN-36,2026-05-26T09:19:26.450302,43016.979999999996,15
2c0cb021-9a4e-4ed5-a7a0-477b39f004c1,36,2453.36,CARD,TRANSFER,IN,KNOWN-36,2026-05-26T09:53:26.450302,47892.689999999995,16
4d92d8d9-1426-49a8-a42c-06cbaded96d4,36,4603.42,CARD,WITHDRAWAL,IN,KNOWN-36,2026-05-26T10:58:26.450302,50346.049999999996,17
f8582374-95ec-4cf4-94a3-b5479380a2f4,36,4494.75,CARD,DEPOSIT,IN,KNOWN-36,2026-05-26T12:41:26.450302,54949.469999999994,18
6674ffcd-22f9-41ee-98e7-19311707aa89,36,4969.12,CARD,TRANSFER,IN,KNOWN-36,2026-05-26T12:57:26.450302,59444.219999999994,19
ec433e75-8a76-493f-a4e9-9e39d4385619,36,3531.84,CARD,TRANSFER,IN,KNOWN-36,2026-05-26T13:30:26.450302,64413.34,20
bebb888e-3b9e-4eeb-9695-797b970df16c,36,4391.41,CARD,DEPOSIT,IN,KNOWN-36,2026-05-26T14:15:26.450302,67945.18,21
de9bcb8d-6adf-489a-ba9c-3543383ef30f,36,4672.86,CARD,TRANSFER,IN,KNOWN-36,2026-05-26T14:59:26.450302,72336.59,22
e7891a54-0ab8-4a46-bfe1-736cfbfabe78,36,1373.85,CARD,TRANSFER,IN,DEV-89ad93,2026-05-26T16:22:26.450302,77009.45,23
91a61091-488a-4eea-b9ee-74ce9d3e79e5,36,2545.57,NET_BANKING,WITHDRAWAL,IN,KNOWN-36,2026-05-26T17:55:26.450302,78383.3,24
77f0135e-3e70-4bd8-97c4-191ad9d77ef1,36,4801.02,CARD,WITHDRAWAL,AE,KNOWN-36,2026-05-26T18:24:26.450302,80928.87000000001,25
0036bece-52c3-4f7f-819a-4b0e0182be1c,36,2539.53,CARD,WITHDRAWAL,IN,KNOWN-36,2026-05-26T19:36:26.450302,83529.29000000002,25
8212f679-23ab-45e7-827b-9428f069df48,36,3457.1,CARD,WITHDRAWAL,IN,KNOWN-36,2026-05-26T19:49:26.450302,86068.82000000002,26
0b9774f0-aad9-4315-bedc-6c1ac9758d04,36,3882.66,UPI,TRANSFER,IN,KNOWN-36,2026-05-26T21:30:26.450302,86848.70000000003,25
5220d9a1-b2f6-4ea5-9bf1-6e99d064dae1,36,4303.55,NET_BANKING,TRANSFER,IN,KNOWN-36,2026-05-26T22:22:26.450302,86895.00000000003,25
d792ea04-afb8-4cc6-9ad3-e94028d5961f,36,1845.45,CARD,DEPOSIT,IN,KNOWN-36,2026-05-26T22:54:26.450302,91198.55000000003,26
e6b141c7-067d-4161-8137-73d494514ff9,37,4265.29,NET_BANKING,DEPOSIT,IN,KNOWN-37,2026-05-25T18:14:26.450511,0,0
7b682bec-8187-4a2a-87d9-cadb87ebc75e,37,9016.49,NET_BANKING,TRANSFER,IN,KNOWN-37,2026-05-25T18:30:26.450511,4265.29,1
6757d6b6-0202-4b95-a8f1-340ca1d5b369,37,4308.47,UPI,WITHDRAWAL,IN,DEV-afc193,2026-05-25T18:36:26.450511,13281.779999999999,2
bbe5ff4a-bee2-46c2-8117-91dc852db5d2,37,8735.71,NET_BANKING,TRANSFER,IN,KNOWN-37,2026-05-25T20:12:26.450511,17590.25,3
85b8d386-cc3b-4a5c-953d-5c6560e1718c,37,7331.26,NET_BANKING,WITHDRAWAL,IN,KNOWN-37,2026-05-25T21:15:26.450511,26325.96,4
79b3fe68-6fda-4865-987b-043bd5295cda,37,12418.01,CARD,WITHDRAWAL,IN,KNOWN-37,2026-05-25T22:54:26.450511,33657.22,5
9a0e2860-d07f-4c91-a6ef-9bb1e72a37c0,37,4476.45,NET_BANKING,WITHDRAWAL,US,KNOWN-37,2026-05-26T00:42:26.450511,46075.23,6
853866d9-675f-4e89-bd73-536faf1f0af8,37,8999.59,UPI,WITHDRAWAL,IN,KNOWN-37,2026-05-26T02:16:26.450511,50551.68,7
05ab5a88-e061-4901-b17f-d17e889cc649,37,11450.83,NET_BANKING,TRANSFER,IN,DEV-8b671d,2026-05-26T03:41:26.450511,59551.270000000004,8
a60565c2-6f43-4293-a390-abcc684aabdb,37,3135.73,NET_BANKING,DEPOSIT,US,KNOWN-37,2026-05-26T05:20:26.450511,71002.1,9
8cfd66ee-c684-4be4-992b-257cfbd54a05,37,5627.26,NET_BANKING,TRANSFER,IN,KNOWN-37,2026-05-26T07:07:26.450511,74137.83,10
89587606-b9f9-4a8e-a8e8-b8fb5ed7df61,37,8225.28,CARD,WITHDRAWAL,AE,KNOWN-37,2026-05-26T08:46:26.450511,79765.09,11
e4848d25-0cf3-4e65-b31a-b6bc0e53e71b,37,10458.79,UPI,DEPOSIT,IN,DEV-cb6861,2026-05-26T10:02:26.450511,87990.37,12
84527de1-fbbf-4433-afae-3bc99b7c9cc6,37,2560.51,NET_BANKING,DEPOSIT,IN,KNOWN-37,2026-05-26T11:13:26.450511,98449.16,13
80c6b318-4fe9-49b4-a4ac-0e49cdcf7195,37,9163.59,NET_BANKING,DEPOSIT,IN,KNOWN-37,2026-05-26T12:12:26.450511,101009.67,14
c8bb1d13-d262-47bc-8967-bf2e5cac6b04,37,12376.01,NET_BANKING,TRANSFER,IN,KNOWN-37,2026-05-26T13:04:26.450511,110173.26,15
25bef3f6-4e51-43dc-9009-7de98452427a,37,4049.09,NET_BANKING,TRANSFER,IN,KNOWN-37,2026-05-26T13:37:26.450511,122549.26999999999,16
cd7fe046-00b7-4c18-93a1-0690d4ebd614,37,5981.62,NET_BANKING,DEPOSIT,IN,KNOWN-37,2026-05-26T14:24:26.450511,126598.35999999999,17
87cf05af-5e8c-40ce-a918-0312f66b32e0,37,2770.2,NET_BANKING,WITHDRAWAL,IN,KNOWN-37,2026-05-26T16:00:26.450511,132579.97999999998,18
9d523956-7de6-43f6-87b8-c064d75588b0,37,7253.94,NET_BANKING,TRANSFER,IN,KNOWN-37,2026-05-26T17:14:26.450511,135350.18,19
af2e34c7-442e-4faf-a0bf-7edd9dac0f7e,37,9384.91,UPI,TRANSFER,IN,KNOWN-37,2026-05-26T18:15:26.450511,138338.83,19
e5f9548a-73cc-4f79-96b1-f9eacf8d5646,37,9976.7,NET_BANKING,TRANSFER,IN,DEV-9652e9,2026-05-26T20:12:26.450511,134398.77999999997,18
c412d951-57d9-4041-b092-115ef65695a1,37,2504.98,NET_BANKING,WITHDRAWAL,IN,KNOWN-37,2026-05-26T21:16:26.450511,128308.50999999998,17
acc382b8-5cbc-4fd2-9f21-5899d7a2f685,37,11417.8,NET_BANKING,WITHDRAWAL,IN,KNOWN-37,2026-05-26T22:58:26.450511,118395.47999999998,17
e5f030b5-04ae-45b9-b3f0-353639b8757f,37,11528.45,CARD,WITHDRAWAL,IN,KNOWN-37,2026-05-27T00:27:26.450511,129813.27999999998,18
22f2eca7-807d-4bc3-b80a-265996747352,37,6748.19,NET_BANKING,DEPOSIT,IN,DEV-180119,2026-05-27T01:05:26.450511,136865.28,18
d7a6fcf5-d49e-48e0-b6a4-f5186fc3da9d,37,6622.08,NET_BANKING,TRANSFER,IN,KNOWN-37,2026-05-27T01:27:26.450511,143613.47,19
781c0fd6-b9b5-47a1-b473-3de22a019ae0,37,10691.58,NET_BANKING,DEPOSIT,IN,KNOWN-37,2026-05-27T01:47:26.450511,150235.55,20
c7a1533d-97ba-4881-8d83-63be8b039b2c,37,7253.72,CARD,DEPOSIT,IN,KNOWN-37,2026-05-27T01:53:26.450511,160927.12999999998,21
1aace8cc-e4a8-40cd-a28f-63ddc4d710bf,37,9065.21,NET_BANKING,WITHDRAWAL,IN,KNOWN-37,2026-05-27T03:01:26.450511,159181.25999999998,21
af8eb758-bdf3-40e0-870a-48a900bd5aaf,38,14446.97,CARD,DEPOSIT,IN,KNOWN-38,2026-05-25T17:43:26.450711,0,0
f9f4e4fe-1aef-4d87-9e3f-a7163a3657f2,38,6811.21,UPI,DEPOSIT,IN,KNOWN-38,2026-05-25T19:20:26.450711,14446.97,1
c98c6455-535f-42e1-8446-6311e414bc51,38,10375.15,UPI,DEPOSIT,IN,KNOWN-38,2026-05-25T20:22:26.450711,21258.18,2
fca255bd-fafa-4741-bcab-a3cc0617b002,38,7719.15,UPI,TRANSFER,US,KNOWN-38,2026-05-25T20:28:26.450711,31633.33,3
f3b1ec3e-e40b-4658-978b-4cbba3868864,38,17969.79,UPI,DEPOSIT,IN,KNOWN-38,2026-05-25T20:49:26.450711,39352.48,4
98455165-ebf5-4c65-a400-f93f31832760,38,8249.03,UPI,TRANSFER,AE,KNOWN-38,2026-05-25T21:04:26.450711,57322.270000000004,5
2a7ff9c8-ff2e-4d23-bce3-781b36e586df,38,9993.98,UPI,TRANSFER,US,KNOWN-38,2026-05-25T22:35:26.450711,65571.3,6
3629ebd4-10dd-4b47-95d1-c55c766f6acb,38,20751.12,UPI,DEPOSIT,IN,KNOWN-38,2026-05-26T00:33:26.450711,75565.28,7
66c4177e-75e1-4c65-8d75-c9e4c5a156ec,38,22281.76,UPI,WITHDRAWAL,IN,KNOWN-38,2026-05-26T01:40:26.450711,96316.4,8
19136de7-611e-49f2-8b71-8ed4f3c8b37a,38,9885.26,UPI,WITHDRAWAL,IN,KNOWN-38,2026-05-26T03:21:26.450711,118598.15999999999,9
d8231674-3f59-4817-bc64-09c8e5ddf606,38,6272.92,UPI,WITHDRAWAL,IN,DEV-4fa6fa,2026-05-26T03:50:26.450711,128483.41999999998,10
c0904c8b-9de2-4c15-8c09-0e0dc2d14298,38,8760.12,UPI,DEPOSIT,IN,DEV-59ac61,2026-05-26T04:23:26.450711,134756.34,11
20746df7-4854-4cfc-b205-32507ba42868,38,21084.16,UPI,DEPOSIT,IN,DEV-0d7ac3,2026-05-26T04:37:26.450711,143516.46,12
bdfbcb4c-baf9-4004-8da6-2dcde68130a2,38,17711.54,UPI,DEPOSIT,IN,DEV-6041c2,2026-05-26T04:46:26.450711,164600.62,13
c690b342-0ddd-4e30-a2b6-f67da9fb0ff0,38,13144.31,UPI,DEPOSIT,IN,KNOWN-38,2026-05-26T05:52:26.450711,182312.16,14
b4ff5998-2d8e-48de-8ca3-098b77f5a911,38,23829.55,UPI,WITHDRAWAL,IN,DEV-ae4e5c,2026-05-26T07:46:26.450711,195456.47,15
c24fadf0-0837-4e73-839b-fee45039ea1a,38,11761.43,UPI,WITHDRAWAL,US,KNOWN-38,2026-05-26T08:59:26.450711,219286.02,16
07916698-5cf7-4d6e-b1b9-08f2d4cb31ae,38,24884.44,CARD,DEPOSIT,US,KNOWN-38,2026-05-26T10:27:26.450711,231047.44999999998,17
1650d85d-36f3-4537-bff8-4751f738043f,38,22646.05,UPI,WITHDRAWAL,SG,KNOWN-38,2026-05-26T12:26:26.450711,255931.88999999998,18
4faf8981-35ad-4314-bb0d-26bd286ebbc9,38,24467.57,UPI,TRANSFER,IN,KNOWN-38,2026-05-26T14:10:26.450711,278577.94,19
3edd8c7e-82e8-4fcc-9fd6-a770713e6e09,38,17719.7,UPI,WITHDRAWAL,IN,KNOWN-38,2026-05-26T15:27:26.450711,303045.51,20
42242599-025a-491b-81fd-c610c0d754fb,39,2571.47,UPI,TRANSFER,IN,KNOWN-39,2026-05-25T18:00:26.450852,0,0
d7ee5bc1-5ece-41da-8309-482eac2aa6d1,39,2259.42,UPI,WITHDRAWAL,IN,KNOWN-39,2026-05-25T19:54:26.450852,2571.47,1
564011dc-a54d-4cf9-9b01-bc1d9a5e4f8b,39,3850.94,CARD,DEPOSIT,IN,KNOWN-39,2026-05-25T20:45:26.450852,4830.889999999999,2
20c121ee-e65c-4bca-907f-d18dbfe460b2,39,4490.44,UPI,TRANSFER,IN,KNOWN-39,2026-05-25T22:31:26.450852,8681.83,3
7a315338-f64b-4c76-8f9a-7718edf19451,39,2918.58,UPI,WITHDRAWAL,IN,KNOWN-39,2026-05-25T23:16:26.450852,13172.27,4
bb86a669-c960-4803-9862-a25b6a328f74,39,1857.97,UPI,DEPOSIT,IN,KNOWN-39,2026-05-26T00:28:26.450852,16090.85,5
b887a474-b18b-4378-9c0d-e6d368ef189d,39,4509.55,CARD,WITHDRAWAL,IN,KNOWN-39,2026-05-26T02:01:26.450852,17948.82,6
eff21e8d-8978-4fd9-a70d-e2eb2fd5a997,39,2249.02,UPI,TRANSFER,IN,KNOWN-39,2026-05-26T02:58:26.450852,22458.37,7
e4dd7668-8b59-4708-b488-40fc42b40201,39,1302.67,UPI,WITHDRAWAL,IN,KNOWN-39,2026-05-26T03:47:26.450852,24707.39,8
cbdcad22-4656-4771-a4a7-5607dc6bc7a2,39,2966.99,UPI,WITHDRAWAL,IN,KNOWN-39,2026-05-26T04:49:26.450852,26010.059999999998,9
2cfabfb3-dd18-4a44-9b75-124f06cfe30d,39,2041.49,UPI,TRANSFER,IN,KNOWN-39,2026-05-26T05:37:26.450852,28977.049999999996,10
95faaaba-f162-40ad-88f9-678025df47cb,39,2187.91,NET_BANKING,DEPOSIT,IN,KNOWN-39,2026-05-26T06:53:26.450852,31018.539999999997,11
b477709a-20ec-4b42-8331-e03098cc0d7f,39,4435.41,UPI,TRANSFER,IN,KNOWN-39,2026-05-26T07:22:26.450852,33206.45,12
c769ddb0-4afc-4ecd-8fa3-bbdf9bee4952,39,3846.6,UPI,WITHDRAWAL,IN,KNOWN-39,2026-05-26T07:28:26.450852,37641.86,13
b568a9ee-153e-4b07-9461-54888414ed07,39,4214.55,UPI,DEPOSIT,IN,KNOWN-39,2026-05-26T08:06:26.450852,41488.46,14
09138d9a-7d17-49c1-970b-ca44189e8890,39,3197.72,UPI,WITHDRAWAL,IN,DEV-6ba97b,2026-05-26T09:12:26.450852,45703.01,15
150d685f-45da-4294-96d4-031cf8ecf63f,39,2944.57,NET_BANKING,DEPOSIT,IN,KNOWN-39,2026-05-26T09:31:26.450852,48900.73,16
ab5f26d3-6a1f-46e8-8999-6a2f318f3cbd,39,3428.2,UPI,TRANSFER,IN,KNOWN-39,2026-05-26T09:42:26.450852,51845.3,17
ef7784ee-9506-4c45-9ca5-99d07d2908c6,39,4595.59,UPI,WITHDRAWAL,IN,DEV-2da959,2026-05-26T10:02:26.450852,55273.5,18
27709f4e-fbcd-4a79-a57a-e9282c5fbf59,39,4576.52,UPI,WITHDRAWAL,IN,KNOWN-39,2026-05-26T11:49:26.450852,59869.09,19
2144b748-813b-4e86-9869-85d83351f3da,39,2487.41,UPI,TRANSFER,IN,DEV-00617b,2026-05-26T13:36:26.450852,64445.61,20
bbbc9f6f-8d86-4030-b084-7e7bf72d46ef,39,2544.63,UPI,DEPOSIT,IN,DEV-64ea6a,2026-05-26T14:17:26.450852,66933.02,21
5fc8f933-515e-470c-9941-cfe2c053d69c,39,2828.46,UPI,DEPOSIT,IN,DEV-8f02f4,2026-05-26T16:17:26.450852,69477.65000000001,22
b4801acf-8ecf-45af-9c2f-2d18d20b2c5d,39,2845.05,UPI,DEPOSIT,IN,KNOWN-39,2026-05-26T17:25:26.450852,72306.11000000002,23
19bffc9f-98e9-471f-8249-517b798e1c50,39,4658.68,UPI,WITHDRAWAL,IN,KNOWN-39,2026-05-26T19:13:26.450852,72579.69000000002,23
d89ecbea-65af-4b86-9eed-82fa2c9014c5,39,3918.3,UPI,WITHDRAWAL,IN,DEV-43510e,2026-05-26T20:13:26.450852,74978.95000000001,23
5ed405b7-2cba-4e49-b860-b67b62b9c209,39,3144.83,UPI,DEPOSIT,IN,KNOWN-39,2026-05-26T21:21:26.450852,75046.31000000001,23
3076aa7a-82fc-4701-a3a2-93f82fd14ac9,39,3039.13,UPI,DEPOSIT,US,KNOWN-39,2026-05-26T23:13:26.450852,73700.70000000001,23
79ea2c8a-654b-450e-af24-594a3a294966,39,4575.09,UPI,WITHDRAWAL,IN,KNOWN-39,2026-05-27T00:09:26.450852,73821.25,23
2a92721b-dc9d-49f8-bfd7-7ea159f83dab,39,1510.88,CARD,DEPOSIT,IN,KNOWN-39,2026-05-27T01:54:26.450852,76538.37000000001,23
c2d5fc39-6a45-450d-ae3b-afc432667ca7,39,1745.84,UPI,TRANSFER,SG,KNOWN-39,2026-05-27T03:49:26.450852,69988.01000000001,21
c2d5e6ca-7f0a-448b-aff3-efda0a54fd2a,39,1010.61,CARD,WITHDRAWAL,IN,KNOWN-39,2026-05-27T04:24:26.450852,71733.85,22
cc7f6491-8822-4ffe-9d29-74e896276354,40,28423.63,UPI,WITHDRAWAL,IN,KNOWN-40,2026-05-25T19:05:26.451070,0,0
5034545f-368b-4bfe-8cdc-442415d76806,40,89019.94441671827,UPI,WITHDRAWAL,IN,KNOWN-40,2026-05-25T19:27:26.451070,28423.63,1
10e94d1e-2e57-4f70-9ba2-ff1d08ddad03,40,13334.22,NET_BANKING,WITHDRAWAL,IN,KNOWN-40,2026-05-25T21:24:26.451070,117443.57441671827,2
c2b46f1c-20e6-4206-bb74-78cddfb44f96,40,16828.42,UPI,WITHDRAWAL,AE,KNOWN-40,2026-05-25T21:40:26.451070,130777.79441671827,3
10fb9158-39ea-44e9-a489-72180500cbec,40,49681.99,CARD,WITHDRAWAL,IN,KNOWN-40,2026-05-25T22:46:26.451070,147606.21441671829,4
0802124b-2b59-4de5-987e-2ecb3a7b1def,40,11152.72,UPI,WITHDRAWAL,IN,KNOWN-40,2026-05-26T00:42:26.451070,197288.20441671828,5
dd06ed65-56e5-4e38-b0e2-13ffc4b8b117,40,18988.26,CARD,TRANSFER,SG,KNOWN-40,2026-05-26T02:08:26.451070,208440.92441671828,6
1ef540a2-06f7-4df1-8c55-264a4dcad943,40,25340.96,UPI,TRANSFER,IN,KNOWN-40,2026-05-26T03:35:26.451070,227429.1844167183,7
267583d5-46b8-4298-bbf6-02a9e7c39421,40,13158.66,UPI,WITHDRAWAL,SG,KNOWN-40,2026-05-26T04:20:26.451070,252770.14441671828,8
5c7a15ce-9201-4e8b-aaff-e8568dcead68,40,13226.03,UPI,TRANSFER,IN,KNOWN-40,2026-05-26T04:44:26.451070,265928.80441671825,9
7f58c9ba-e129-485e-b44a-fc2e15af2682,40,18848.04,CARD,DEPOSIT,US,DEV-9390a3,2026-05-26T05:49:26.451070,279154.8344167183,10
e775586b-a47b-49ac-a1d5-be0a1bcf2cae,40,99799.59453504316,UPI,DEPOSIT,IN,KNOWN-40,2026-05-26T07:04:26.451070,298002.87441671826,11
29be0456-6160-414e-ba66-971f1b70a7d3,40,123883.07760429954,CARD,WITHDRAWAL,IN,KNOWN-40,2026-05-26T08:04:26.451070,397802.46895176143,12
fa388469-db0e-4d95-a2e2-d7345acbcc87,40,42141.53,UPI,DEPOSIT,IN,KNOWN-40,2026-05-26T09:00:26.451070,521685.54655606096,13
74fa1288-55e4-45af-99cc-d77baeccd011,40,44129.9,UPI,TRANSFER,AE,KNOWN-40,2026-05-26T09:30:26.451070,563827.0765560609,14
63c5aac7-6e3e-463b-84a1-852869b663ea,40,40507.23,UPI,TRANSFER,IN,KNOWN-40,2026-05-26T10:17:26.451070,607956.976556061,15
cb2706d3-81df-4cad-9377-5fffb198565f,40,35838.78,UPI,TRANSFER,IN,DEV-80eb94,2026-05-26T12:01:26.451070,648464.2065560609,16
693a31ae-c866-4a75-a84f-eccb5b8b084f,40,33016.39,UPI,WITHDRAWAL,US,KNOWN-40,2026-05-26T12:56:26.451070,684302.986556061,17
1aeb847a-fd4c-4018-835e-1aaff69b701c,40,29579.15,CARD,DEPOSIT,IN,DEV-747432,2026-05-26T13:27:26.451070,717319.376556061,18
173892ba-9317-4600-b620-8a5c08dcb6a2,40,35770.4,UPI,WITHDRAWAL,IN,KNOWN-40,2026-05-26T14:20:26.451070,746898.526556061,19
b5a26d53-f4f7-40a5-b36d-4a6e90bce642,40,13099.56,CARD,DEPOSIT,IN,KNOWN-40,2026-05-26T14:46:26.451070,782668.926556061,20
2d4410dd-32ab-411c-bd74-e34680b10c5a,40,43498.42,UPI,WITHDRAWAL,IN,KNOWN-40,2026-05-26T15:33:26.451070,795768.4865560611,21
f0d4e27e-a8d2-4af4-942d-27b0feaac9df,40,47377.2,NET_BANKING,WITHDRAWAL,SG,KNOWN-40,2026-05-26T16:35:26.451070,839266.9065560611,22
bd7c1207-ec31-4871-b7fb-d0b9f14c9130,40,30435.67,UPI,WITHDRAWAL,IN,DEV-5f3218,2026-05-26T18:07:26.451070,886644.1065560611,23
002f34db-e683-479b-9cdf-483c5b198d9c,40,31133.22,UPI,DEPOSIT,US,DEV-47c14a,2026-05-26T18:52:26.451070,917079.7765560611,24
0c8b3a1b-7aec-4d10-b7e2-a55c84d08b38,40,28480.26,UPI,TRANSFER,IN,KNOWN-40,2026-05-26T20:51:26.451070,830769.4221393429,23
be2a58b2-0379-4f5e-8902-c2dc4d1339f8,40,40857.72,UPI,TRANSFER,IN,KNOWN-40,2026-05-26T21:00:26.451070,859249.6821393429,24
2df9f653-a6e2-442e-8788-e16d2750f39f,40,116090.21182289507,CARD,DEPOSIT,IN,DEV-a6336a,2026-05-26T21:56:26.451070,869944.7621393428,23
edb254cf-e50f-42e0-bb2f-574cc24bbf5b,40,43328.32,CARD,TRANSFER,IN,KNOWN-40,2026-05-26T22:39:26.451070,986034.973962238,24
a5228294-f1b7-4258-946c-0ad9bfc183b5,40,33521.18,NET_BANKING,TRANSFER,US,KNOWN-40,2026-05-26T23:38:26.451070,979681.3039622379,24
d47bf942-149c-4d96-acae-8ee8d2de1e20,40,40887.13,UPI,DEPOSIT,IN,KNOWN-40,2026-05-27T01:14:26.451070,1002049.763962238,24
253ebf88-9adc-42e4-ad78-d127b5698590,40,40258.52,CARD,DEPOSIT,IN,KNOWN-40,2026-05-27T01:42:26.451070,1042936.893962238,25
439305ab-29f1-4bee-9183-45d2ccdbcfde,40,81939.55607011133,UPI,TRANSFER,IN,KNOWN-40,2026-05-27T02:26:26.451070,1064207.153962238,25
6c3cb3c8-fe0e-4806-8ebd-3ce5d8e81560,40,45445.07,NET_BANKING,TRANSFER,IN,KNOWN-40,2026-05-27T03:33:26.451070,1146146.7100323492,26
e8fd6049-11b5-4fdd-af84-92a6093f9056,40,43651.3,UPI,DEPOSIT,SG,KNOWN-40,2026-05-27T04:59:26.451070,1139866.1300323491,24
d9e618fa-bb2d-46c7-93d2-0761ae8ed485,40,20325.63,UPI,WITHDRAWAL,IN,DEV-a2573f,2026-05-27T06:16:26.451070,1164669.3900323492,24
bd259e8e-bb2b-4d0b-895c-2e5d66ddc6c5,40,37823.86,UPI,TRANSFER,IN,KNOWN-40,2026-05-27T07:07:26.451070,1085195.4254973058,24
77bdd933-258a-49f7-8374-ca3d99e99a9c,41,2244.8,CARD,TRANSFER,IN,KNOWN-41,2026-05-25T19:00:26.451331,0,0
15675110-52bd-4005-a3f5-5511e25571a2,41,4493.73,NET_BANKING,DEPOSIT,IN,KNOWN-41,2026-05-25T19:25:26.451331,2244.8,1
43b8568a-5ad1-42bb-aff1-16a874e42854,41,4726.36,CARD,WITHDRAWAL,IN,DEV-024a17,2026-05-25T20:06:26.451331,6738.53,2
448ab284-1128-4f77-95fc-1433ac9391e0,41,3733.96,UPI,WITHDRAWAL,IN,KNOWN-41,2026-05-25T21:27:26.451331,11464.89,3
3c2024db-4eb0-486a-92df-19d71b6f02f1,41,4973.46,CARD,DEPOSIT,IN,KNOWN-41,2026-05-25T23:03:26.451331,15198.849999999999,4
2fa82ae3-0a5b-4acc-9138-14d732b965c1,41,1682.56,CARD,TRANSFER,SG,KNOWN-41,2026-05-26T00:08:26.451331,20172.309999999998,5
da9cce11-9688-4ce1-8128-42b2fec7f52b,41,3973.31,CARD,TRANSFER,SG,DEV-2ce110,2026-05-26T01:16:26.451331,21854.87,6
42b0dbdb-8917-4fc4-ac74-7800ac00556a,41,4590.3,UPI,DEPOSIT,IN,KNOWN-41,2026-05-26T02:15:26.451331,25828.18,7
9bfe1ece-be74-4774-9009-545dee7f6520,41,3623.22,NET_BANKING,TRANSFER,IN,KNOWN-41,2026-05-26T02:48:26.451331,30418.48,8
feed66ac-471e-4272-ac2e-5f26ccdb0c5f,41,3501.29,CARD,DEPOSIT,IN,KNOWN-41,2026-05-26T04:25:26.451331,34041.7,9
9286d3b2-769f-4dc9-92a9-1e5449f1f45f,41,4691.98,CARD,TRANSFER,IN,KNOWN-41,2026-05-26T06:08:26.451331,37542.99,10
204b984e-9437-4ab8-89ba-8650d46edc9a,41,3561.14,CARD,TRANSFER,IN,KNOWN-41,2026-05-26T06:40:26.451331,42234.97,11
6a6c1c24-78d3-4884-88ce-3a74c006d2f8,41,3033.94,CARD,TRANSFER,SG,KNOWN-41,2026-05-26T08:23:26.451331,45796.11,12
ff1bff98-0dae-4f33-954c-f02178eaddf1,41,3360.37,UPI,TRANSFER,IN,KNOWN-41,2026-05-26T10:21:26.451331,48830.05,13
a6efbf38-8b37-4c43-8303-c0f205aafb20,41,2077.64,CARD,TRANSFER,IN,DEV-25ee52,2026-05-26T10:28:26.451331,52190.420000000006,14
2da0ffaa-ffb2-430e-86f6-27c60cb9d2c6,41,4383.93,CARD,TRANSFER,IN,KNOWN-41,2026-05-26T12:28:26.451331,54268.060000000005,15
1479a485-7eec-47fb-986c-1f62662ed851,41,1131.57,CARD,TRANSFER,IN,KNOWN-41,2026-05-26T13:13:26.451331,58651.990000000005,16
f93757f7-7652-4a8e-9dd1-46656ab7c67a,41,4110.36,CARD,WITHDRAWAL,SG,KNOWN-41,2026-05-26T14:58:26.451331,59783.560000000005,17
582d917b-fcee-43ea-813d-79b18d18ff41,41,4046.25,UPI,WITHDRAWAL,IN,DEV-04553f,2026-05-26T15:13:26.451331,63893.920000000006,18
e9908783-bf01-4afb-b235-e450e0dad7cb,42,2260.71,CARD,DEPOSIT,IN,DEV-34120a,2026-05-25T17:24:26.451458,0,0
e69eac79-c5e5-4cd6-ad8d-7f04206cb08e,42,6204.620661291904,NET_BANKING,DEPOSIT,IN,KNOWN-42,2026-05-25T17:55:26.451458,2260.71,1
9266045f-7327-49a1-a946-c65b2f2bfa94,42,3937.57,CARD,DEPOSIT,IN,KNOWN-42,2026-05-25T18:27:26.451458,8465.330661291904,2
56d377bc-27fe-48e8-a29f-2a861b08fbe5,42,2241.34,UPI,DEPOSIT,IN,KNOWN-42,2026-05-25T19:48:26.451458,12402.900661291904,3
74726c45-9b0e-4be4-a29a-63d42e01c40e,42,4132.36,UPI,DEPOSIT,IN,KNOWN-42,2026-05-25T20:56:26.451458,14644.240661291904,4
9f56833b-eefa-4910-8fa8-c4fd91c542f5,42,4137.49,NET_BANKING,DEPOSIT,IN,DEV-e53ba1,2026-05-25T21:26:26.451458,18776.600661291905,5
8eba1f95-038b-4a93-9282-709db666ec07,42,2011.56,CARD,TRANSFER,IN,KNOWN-42,2026-05-25T22:34:26.451458,22914.090661291906,6
bcb6e378-64c8-4696-861b-1156401c8e53,42,1712.48,CARD,WITHDRAWAL,IN,KNOWN-42,2026-05-25T23:03:26.451458,24925.650661291907,7
9ee24add-1c41-4f2a-93c6-48b42096f8c2,42,3103.62,CARD,TRANSFER,AE,KNOWN-42,2026-05-26T01:01:26.451458,26638.130661291907,8
0e66e4e8-d429-4e65-b963-a2526fe2d40f,42,4306.89,CARD,TRANSFER,IN,KNOWN-42,2026-05-26T01:46:26.451458,29741.750661291906,9
c94f9432-6f21-425f-b4df-20f0de1351ba,42,2426.37,CARD,TRANSFER,IN,DEV-00b76f,2026-05-26T02:24:26.451458,34048.64066129191,10
1be01a9f-ef43-47b4-927f-d0d447401126,42,3377.35,CARD,DEPOSIT,IN,KNOWN-42,2026-05-26T03:00:26.451458,36475.01066129191,11
08319525-70e4-4929-a13d-6a083908038e,42,3009.48,CARD,WITHDRAWAL,IN,KNOWN-42,2026-05-26T04:52:26.451458,39852.36066129191,12
29d85d98-6bb3-4cf5-9f81-68da769f7324,42,3120.61,CARD,WITHDRAWAL,IN,KNOWN-42,2026-05-26T06:07:26.451458,42861.84066129191,13
0c8e81cc-79c1-4954-9d1e-ba3304965562,42,2128.11,CARD,TRANSFER,IN,KNOWN-42,2026-05-26T06:58:26.451458,45982.450661291914,14
f9f70ee2-b538-48cc-9891-c9238ac8ec1a,42,3358.13,CARD,DEPOSIT,IN,KNOWN-42,2026-05-26T08:17:26.451458,48110.560661291915,15
15d5bca2-a063-4494-bde5-d84c72fd1ff6,42,2955.87,CARD,WITHDRAWAL,SG,DEV-de4358,2026-05-26T09:57:26.451458,51468.69066129191,16
31f4708e-d86f-4c78-ab17-18280ca4048b,43,2612.82,CARD,DEPOSIT,IN,KNOWN-43,2026-05-25T18:14:26.451575,0,0
084d1383-1028-4455-8f37-49efb87b3923,43,1793.11,CARD,WITHDRAWAL,IN,KNOWN-43,2026-05-25T20:00:26.451575,2612.82,1
fb507c92-bc23-4d5e-828d-2a1910368a09,43,2363.08,CARD,DEPOSIT,IN,DEV-d36d20,2026-05-25T21:26:26.451575,4405.93,2
00b11227-640d-485d-b285-8e3dcbfa20c1,43,3002.59,UPI,DEPOSIT,IN,KNOWN-43,2026-05-25T22:57:26.451575,6769.01,3
198bc006-f723-4949-8543-465a6c2b8e54,43,1082.19,CARD,TRANSFER,SG,DEV-c1707c,2026-05-26T00:34:26.451575,9771.6,4
d6d76f85-87a4-4ac9-9640-b1186ad197b6,43,4690.45,CARD,WITHDRAWAL,IN,KNOWN-43,2026-05-26T02:18:26.451575,10853.79,5
700c18ae-9665-471c-b40c-6f8eafbea228,43,3490.71,CARD,TRANSFER,IN,KNOWN-43,2026-05-26T04:04:26.451575,15544.240000000002,6
9a696ea8-6bdd-4468-82d1-e53f62c453aa,43,1655.98,CARD,TRANSFER,IN,KNOWN-43,2026-05-26T05:05:26.451575,19034.95,7
25dc49e9-449b-4331-b40c-e0a945f96000,43,4182.18,UPI,DEPOSIT,IN,KNOWN-43,2026-05-26T05:40:26.451575,20690.93,8
7d077cf0-f19c-4f1f-888d-0b977fa3c2a8,43,3375.12,CARD,DEPOSIT,IN,KNOWN-43,2026-05-26T06:04:26.451575,24873.11,9
46518dd7-5a35-4590-a5a3-708d72695442,43,3756.71,CARD,WITHDRAWAL,IN,DEV-ed665b,2026-05-26T07:45:26.451575,28248.23,10
f0f3f8db-2f69-4bfa-a5e1-6d3d61282b67,43,1649.44,CARD,TRANSFER,IN,KNOWN-43,2026-05-26T09:19:26.451575,32004.94,11
0c20d715-6a1f-4dfe-a0ef-74704c4ab3e9,43,2313.55,CARD,DEPOSIT,IN,DEV-df5750,2026-05-26T11:08:26.451575,33654.38,12
012f0256-ee4e-46ec-83a8-d495b788a26b,43,1335.85,CARD,WITHDRAWAL,IN,DEV-4e440a,2026-05-26T12:05:26.451575,35967.93,13
e49490b8-0c42-4cb0-8bee-fa29a83cfe79,43,3877.61,CARD,WITHDRAWAL,IN,DEV-b6dbea,2026-05-26T12:23:26.451575,37303.78,14
04fd851f-e1d9-4562-9b7a-45dab203def5,43,4831.55,CARD,TRANSFER,IN,KNOWN-43,2026-05-26T13:19:26.451575,41181.39,15
c69fd510-491e-4bbe-a4c7-38bc3d1fb5a6,43,1397.7,CARD,WITHDRAWAL,IN,KNOWN-43,2026-05-26T14:08:26.451575,46012.94,16
88c08b36-b4a7-4a7f-bf5e-b9106e0b6970,43,4195.69,CARD,TRANSFER,IN,DEV-556e7c,2026-05-26T15:58:26.451575,47410.64,17
812dc70d-22f3-4f0f-8bb4-1933eae71c2f,43,4349.98,CARD,TRANSFER,IN,DEV-807b46,2026-05-26T17:45:26.451575,51606.33,18
07dcead2-85d0-4357-97f5-987fd4562554,43,2619.4,CARD,WITHDRAWAL,SG,DEV-2df6ed,2026-05-26T18:36:26.451575,53343.48999999999,18
882a3882-f00e-41d5-9e6a-da08a2a15feb,43,1146.36,CARD,TRANSFER,IN,KNOWN-43,2026-05-26T18:50:26.451575,55962.88999999999,19
f21a56de-a973-480d-beae-265d2120c035,43,2493.48,CARD,WITHDRAWAL,IN,KNOWN-43,2026-05-26T20:50:26.451575,55316.14000000001,19
28400394-21c4-4995-aec3-e6e8c4c2a385,43,3537.64,CARD,TRANSFER,IN,DEV-e4babd,2026-05-26T20:55:26.451575,57809.62000000001,20
46dca4ad-0cab-4688-9941-91100329cd9b,43,1820.48,CARD,DEPOSIT,IN,KNOWN-43,2026-05-26T22:55:26.451575,58984.17999999999,20
4afaaea5-1a07-4f3e-b31f-eb4c51d5fb12,43,4735.32,CARD,DEPOSIT,IN,KNOWN-43,2026-05-26T23:40:26.451575,57802.07,20
345e8de2-a00d-45fd-96ed-305c8ad7438b,43,1246.44,CARD,TRANSFER,IN,KNOWN-43,2026-05-27T00:17:26.451575,62537.39,21
9e12932d-6d0a-4a4f-9adc-51e1679ab5ab,43,4472.93,NET_BANKING,DEPOSIT,US,DEV-753574,2026-05-27T00:30:26.451575,63783.83,22
f6608828-2981-4cb5-9189-08accdf41fcf,43,4725.64,CARD,TRANSFER,IN,KNOWN-43,2026-05-27T01:40:26.451575,67174.57,22
122e59a5-7fb3-40ab-b323-2a506ba53138,44,2993.36,NET_BANKING,WITHDRAWAL,IN,DEV-973005,2026-05-25T18:29:26.451755,0,0
750d2328-a3e2-4004-9cdb-bbc16622f8e1,44,4862.2,NET_BANKING,TRANSFER,IN,KNOWN-44,2026-05-25T19:43:26.451755,2993.36,1
fb7171ff-9002-4f0a-85e3-1b7d821be811,44,9095.92,UPI,DEPOSIT,IN,KNOWN-44,2026-05-25T20:41:26.451755,7855.5599999999995,2
5f934f47-145d-423d-8ef1-f6f4e8bf77cf,44,11054.59,NET_BANKING,DEPOSIT,IN,KNOWN-44,2026-05-25T21:52:26.451755,16951.48,3
4d6596f2-0f3b-4e3f-ad3e-bd1a4dcd9a70,44,8005.83,UPI,WITHDRAWAL,IN,KNOWN-44,2026-05-25T23:19:26.451755,28006.07,4
dd8224bb-ddd5-4c55-bb88-a70613968c01,44,3276.42,NET_BANKING,WITHDRAWAL,IN,DEV-54df58,2026-05-26T00:36:26.451755,36011.9,5
a23014c7-8656-4c7d-9a25-78d7256c83fd,44,5435.38,NET_BANKING,WITHDRAWAL,IN,KNOWN-44,2026-05-26T01:28:26.451755,39288.32,6
907768b4-8098-48b8-b916-8bc29caad970,44,4880.18,NET_BANKING,TRANSFER,IN,KNOWN-44,2026-05-26T01:49:26.451755,44723.7,7
406a7d39-f1f1-4bed-9ce9-ce931a582ea2,44,4746.61,NET_BANKING,TRANSFER,IN,KNOWN-44,2026-05-26T02:01:26.451755,49603.88,8
7a7926e9-88be-465d-b134-95884c96be58,44,6471.22,NET_BANKING,TRANSFER,SG,KNOWN-44,2026-05-26T02:59:26.451755,54350.49,9
e37360ca-fa80-4974-8e48-927ad7623e4a,44,10550.51,NET_BANKING,DEPOSIT,IN,DEV-544eaf,2026-05-26T04:32:26.451755,60821.71,10
a64303ca-18e2-477c-a452-c9e2907dcaaf,44,6784.89,UPI,TRANSFER,US,KNOWN-44,2026-05-26T05:14:26.451755,71372.22,11
8aaa70cf-fa41-4aa9-99e0-c148fa719efc,44,4736.82,NET_BANKING,DEPOSIT,IN,KNOWN-44,2026-05-26T06:18:26.451755,78157.11,12
10208bd3-9a86-4e3d-8b44-5f543a6ae7f0,44,7799.83,NET_BANKING,TRANSFER,IN,KNOWN-44,2026-05-26T08:01:26.451755,82893.93,13
e216130e-5f5f-43a1-81a3-77066b3b1dc2,44,2509.31,UPI,DEPOSIT,IN,DEV-dd6b31,2026-05-26T08:15:26.451755,90693.76,14
d9523957-d86b-4efe-97ca-f459ccdf998f,44,11296.15,NET_BANKING,DEPOSIT,IN,KNOWN-44,2026-05-26T08:43:26.451755,93203.06999999999,15
985060af-a10a-4e3c-a259-0a67fb9ddbb5,44,7443.84,NET_BANKING,TRANSFER,IN,DEV-002fc8,2026-05-26T09:40:26.451755,104499.21999999999,16
e8bf85d4-a7a9-4273-a673-deb1ce06c48a,44,6744.55,NET_BANKING,TRANSFER,SG,KNOWN-44,2026-05-26T10:26:26.451755,111943.05999999998,17
b7e48bc9-295e-4318-bd38-2894d9276653,44,9911.1,NET_BANKING,DEPOSIT,IN,KNOWN-44,2026-05-26T11:30:26.451755,118687.60999999999,18
cd10af7f-27f6-4bce-8a74-79ea908c5f21,44,3740.76,NET_BANKING,WITHDRAWAL,IN,KNOWN-44,2026-05-26T11:43:26.451755,128598.70999999999,19
43f97a53-5d75-42a4-b8e5-16f5b090b11e,44,8089.62,NET_BANKING,TRANSFER,IN,KNOWN-44,2026-05-26T12:33:26.451755,132339.47,20
2f698e46-931e-491d-8463-1c83a3bd7b66,44,4303.07,NET_BANKING,DEPOSIT,IN,DEV-3cf9d3,2026-05-26T12:50:26.451755,140429.09,21
6d6a2340-d428-47d8-bc18-a3143cfde4b9,44,3449.31,NET_BANKING,WITHDRAWAL,IN,DEV-bde8ce,2026-05-26T14:14:26.451755,144732.16,22
11a591a7-03da-4158-82ea-5e96cc13783e,44,10274.04,NET_BANKING,TRANSFER,AE,KNOWN-44,2026-05-26T14:29:26.451755,148181.47,23
4b69c045-615c-4334-b341-514446ea45ed,44,12185.9,NET_BANKING,WITHDRAWAL,IN,KNOWN-44,2026-05-26T16:16:26.451755,158455.51,24
e0428c1f-1caf-4ef1-9907-7736cb1c83d9,44,8185.63,NET_BANKING,TRANSFER,IN,DEV-8a6cf2,2026-05-26T17:26:26.451755,170641.41,25
cb72e68e-78ec-4e9b-98f2-5946efd7cb0e,44,10078.07,UPI,WITHDRAWAL,US,KNOWN-44,2026-05-26T18:28:26.451755,178827.04,26
5ebfff05-c576-473b-baa3-ef3d756478d1,44,11392.05,NET_BANKING,WITHDRAWAL,AE,KNOWN-44,2026-05-26T19:22:26.451755,185911.75000000003,26
f44ed103-56bd-43a4-84fc-66ba01462014,44,12390.33,NET_BANKING,WITHDRAWAL,IN,KNOWN-44,2026-05-26T19:32:26.451755,197303.80000000002,27
29e0f12a-63a7-4190-bd57-b9b240999787,44,6897.45,NET_BANKING,WITHDRAWAL,IN,KNOWN-44,2026-05-26T20:37:26.451755,204831.93,27
900282fb-3abb-4baa-9a04-dadeeb666b96,44,6944.76,NET_BANKING,DEPOSIT,IN,KNOWN-44,2026-05-26T21:13:26.451755,202633.46,27
b26d8825-15ec-4091-85f9-f537fc6b8447,44,11849.78,UPI,TRANSFER,IN,KNOWN-44,2026-05-26T21:39:26.451755,209578.22,28
05fde1f5-c9f9-444f-b979-cac3d792b2e8,44,4186.9,NET_BANKING,TRANSFER,IN,KNOWN-44,2026-05-26T23:23:26.451755,202367.58,27
5789901f-f90f-43ae-8786-5d6e0540795b,44,4056.47,NET_BANKING,DEPOSIT,IN,KNOWN-44,2026-05-26T23:30:26.451755,206554.47999999998,28
0496f643-630d-4409-a69d-3eb90f157ace,45,16929.81,UPI,TRANSFER,IN,KNOWN-45,2026-05-25T18:54:26.451965,0,0
bdd10fab-1278-4ed3-ad26-e1b9133486fd,45,22954.34,UPI,DEPOSIT,IN,KNOWN-45,2026-05-25T19:14:26.451965,16929.81,1
a578fec1-5ba3-486f-b0b7-97c6fa5e60bc,45,24795.15,UPI,TRANSFER,IN,KNOWN-45,2026-05-25T21:09:26.451965,39884.15,2
6a85e57b-fc1b-41ef-a79a-dbcd762dbe65,45,10147.17,UPI,TRANSFER,IN,KNOWN-45,2026-05-25T21:43:26.451965,64679.3,3
ba646852-3e0e-46ad-bc21-307b2dc65ed1,45,10075.53,UPI,TRANSFER,US,KNOWN-45,2026-05-25T23:31:26.451965,74826.47,4
60b63748-b4e3-4d9d-ab40-251ae0d883d8,45,21809.05,UPI,WITHDRAWAL,US,DEV-5a9c8e,2026-05-26T01:12:26.451965,84902.0,5
c22559eb-1262-4f60-9cd0-eaf7c10e27f3,45,9548.16,UPI,TRANSFER,IN,KNOWN-45,2026-05-26T01:37:26.451965,106711.05,6
a346e8ef-5fbd-4f31-9897-20f93dfd67e7,45,13781.76,UPI,TRANSFER,SG,KNOWN-45,2026-05-26T02:49:26.451965,116259.21,7
2be40609-5613-4491-a291-f68732ca9764,45,23767.06,CARD,DEPOSIT,IN,KNOWN-45,2026-05-26T04:06:26.451965,130040.97,8
56cafae1-23ca-4960-8310-85235388f7a7,45,14083.57,NET_BANKING,DEPOSIT,IN,KNOWN-45,2026-05-26T05:24:26.451965,153808.03,9
e4bfd009-76bd-4324-a6cc-a65902611009,45,21529.56,UPI,TRANSFER,IN,KNOWN-45,2026-05-26T06:39:26.451965,167891.6,10
4cfa3ffd-3175-4228-9033-89e0ccd62b51,45,14073.42,UPI,TRANSFER,SG,KNOWN-45,2026-05-26T08:05:26.451965,189421.16,11
10243b67-6759-45b5-9ed7-42d4cbc03960,45,17135.89,UPI,TRANSFER,IN,KNOWN-45,2026-05-26T09:42:26.451965,203494.58000000002,12
89bc9ec5-0835-4325-9382-da45b36850e3,45,8084.21,CARD,TRANSFER,IN,KNOWN-45,2026-05-26T10:16:26.451965,220630.47000000003,13
a8a2cb89-017e-45f0-90c1-6f831ca4996a,45,23452.59,UPI,DEPOSIT,AE,KNOWN-45,2026-05-26T10:25:26.451965,228714.68000000002,14
c52477aa-e861-4ddd-8047-4a6f54c7d432,45,12054.82,CARD,DEPOSIT,IN,DEV-c504b0,2026-05-26T11:59:26.451965,252167.27000000002,15
ca166f93-847b-45d5-b676-0678df10b47d,45,16409.01,UPI,TRANSFER,IN,DEV-b1304a,2026-05-26T13:17:26.451965,264222.09,16
518c358c-5844-4891-9d87-4c19628e0f79,45,19552.98,UPI,TRANSFER,IN,KNOWN-45,2026-05-26T14:46:26.451965,280631.10000000003,17
739b526f-b9c1-4fae-8544-8024e68d76bb,45,23487.17,UPI,DEPOSIT,IN,KNOWN-45,2026-05-26T16:39:26.451965,300184.08,18
14fce110-dfae-43c0-a237-ce740367cf96,45,8644.74,UPI,DEPOSIT,IN,KNOWN-45,2026-05-26T17:32:26.451965,323671.25,19
9a588e56-2754-4878-8abc-8ecc7e41518e,45,14684.34,UPI,TRANSFER,IN,DEV-91dbfc,2026-05-26T17:54:26.451965,332315.99,20
2515b624-a2ab-4e05-b31e-9c9c9d22ad3e,45,13556.47,UPI,TRANSFER,IN,KNOWN-45,2026-05-26T18:33:26.451965,347000.33,21
3ecbd8b5-c3d5-4613-b17f-11446f7748dd,45,16370.56,UPI,DEPOSIT,SG,KNOWN-45,2026-05-26T19:45:26.451965,320672.65,20
f6179bcd-eddc-4090-8333-2daeb739c303,45,23946.52,UPI,TRANSFER,IN,KNOWN-45,2026-05-26T20:22:26.451965,337043.21,21
4ec021d5-b842-49ce-96f1-da08cbf18233,45,6514.26,UPI,TRANSFER,US,DEV-ebe6e6,2026-05-26T20:57:26.451965,360989.73000000004,22
1fd3c526-4018-4da1-8982-c896101426ac,45,21860.73,UPI,WITHDRAWAL,IN,KNOWN-45,2026-05-26T21:43:26.451965,342708.8400000001,22
54e4bc9b-166d-4c37-b608-c3beda24fad3,46,1203.81,UPI,TRANSFER,US,KNOWN-46,2026-05-25T17:41:26.452123,0,0
222a5c3e-39e6-4f4a-ba02-a7dcf090ec70,46,3409.61,UPI,DEPOSIT,IN,KNOWN-46,2026-05-25T18:38:26.452123,1203.81,1
015558ab-78c8-4da4-bbd4-9b40f9f6c883,46,3933.07,UPI,WITHDRAWAL,IN,KNOWN-46,2026-05-25T20:21:26.452123,4613.42,2
d094b44c-378d-438b-8c04-4c9c72fbe14e,46,3649.15,UPI,WITHDRAWAL,IN,DEV-a33ea9,2026-05-25T20:39:26.452123,8546.49,3
74871a84-266b-4c7c-b892-6691cbcec503,46,3696.74,UPI,DEPOSIT,IN,KNOWN-46,2026-05-25T21:55:26.452123,12195.64,4
62ac0987-2ee8-4a6b-960c-a97962878487,46,1731.71,UPI,WITHDRAWAL,IN,DEV-d69813,2026-05-25T22:40:26.452123,15892.38,5
b1fd7ffe-72ec-4f14-b1c9-f4af45848143,46,2264.72,UPI,WITHDRAWAL,IN,DEV-8d7b9a,2026-05-25T23:08:26.452123,17624.09,6
0341bb4b-dc55-4be3-a58f-d95c64bb7688,46,4130.51,UPI,DEPOSIT,IN,KNOWN-46,2026-05-26T00:32:26.452123,19888.81,7
02859f2b-e294-4534-bc92-1516c7e5b914,46,2242.56,UPI,TRANSFER,IN,KNOWN-46,2026-05-26T02:29:26.452123,24019.32,8
0a7bda8e-39a3-4479-a4d8-d6ead06f9c54,46,1914.08,UPI,WITHDRAWAL,US,KNOWN-46,2026-05-26T03:11:26.452123,26261.88,9
dd4835bf-5bf4-4d37-b19f-2144cd72e40a,46,4428.42,UPI,TRANSFER,IN,DEV-f07bf3,2026-05-26T04:36:26.452123,28175.96,10
deb2bddc-6d90-4d99-8c9d-ba7edb3b0051,46,1849.03,UPI,WITHDRAWAL,IN,KNOWN-46,2026-05-26T06:06:26.452123,32604.379999999997,11
c15e050b-a7e5-4615-838d-08acb5939220,46,3834.65,NET_BANKING,DEPOSIT,IN,KNOWN-46,2026-05-26T06:41:26.452123,34453.409999999996,12
f2261fc2-2142-4884-a6be-6ffeceb49a1c,46,3439.9,UPI,TRANSFER,IN,KNOWN-46,2026-05-26T07:49:26.452123,38288.06,13
a1d71e7e-9630-4863-9f01-3844c8e6e10a,46,3291.99,UPI,TRANSFER,IN,DEV-6601a7,2026-05-26T08:24:26.452123,41727.96,14
4b7173d0-5eca-4a31-8f71-6db10f42c1a9,46,2443.25,UPI,WITHDRAWAL,IN,KNOWN-46,2026-05-26T10:00:26.452123,45019.95,15
229fc708-9271-4c18-99f8-a160e5e56221,46,3129.57,UPI,TRANSFER,AE,KNOWN-46,2026-05-26T10:37:26.452123,47463.2,16
a055cee8-dff8-4225-90c1-d94ed42a469d,46,1496.89,UPI,TRANSFER,IN,KNOWN-46,2026-05-26T11:50:26.452123,50592.77,17
988269ea-25f3-4537-81a5-a9ea124aecbe,46,2888.14,UPI,DEPOSIT,IN,KNOWN-46,2026-05-26T13:25:26.452123,52089.659999999996,18
aaea8f73-7581-421d-9c92-9da363e85140,46,2605.64,NET_BANKING,WITHDRAWAL,AE,KNOWN-46,2026-05-26T14:51:26.452123,54977.799999999996,19
abce96e7-30eb-4319-acab-eaa4e6499db2,46,4031.97,NET_BANKING,WITHDRAWAL,IN,DEV-3087e2,2026-05-26T14:58:26.452123,57583.439999999995,20
3ef68bba-350e-45b4-a284-ab1020ccd8c7,46,3639.25,UPI,TRANSFER,US,KNOWN-46,2026-05-26T15:56:26.452123,61615.409999999996,21
4531ba44-ecfd-4c4a-934e-01aa0682dae2,46,4735.49,UPI,DEPOSIT,US,KNOWN-46,2026-05-26T17:45:26.452123,64050.85,21
002e0fcf-4386-41e3-93bf-f46fb3b775e0,46,3739.54,UPI,DEPOSIT,IN,DEV-726bc2,2026-05-26T18:39:26.452123,65376.729999999996,21
669450a7-2502-457f-9f36-fa74f1d4e04f,46,4450.46,UPI,WITHDRAWAL,IN,KNOWN-46,2026-05-26T19:08:26.452123,69116.26999999999,22
e9e99990-7796-4e17-a24f-213b5ff9aa57,46,1384.49,UPI,WITHDRAWAL,IN,KNOWN-46,2026-05-26T19:59:26.452123,73566.73,23
f30d1490-3db9-4637-90b1-f9e3ee9952c2,46,4119.93,UPI,DEPOSIT,IN,KNOWN-46,2026-05-26T21:40:26.452123,67369.0,22
12ba7cfa-6f6b-4832-8d13-9dcf494f934b,46,1762.98,UPI,DEPOSIT,IN,KNOWN-46,2026-05-26T23:27:26.452123,63795.759999999995,20
b01ccf00-4514-43dc-ab69-a6f22bc6f8e7,46,3307.55,UPI,TRANSFER,IN,DEV-df0f59,2026-05-27T01:05:26.452123,61428.229999999996,20
11e60b72-212e-4fe9-b16d-e0562d1aa669,46,4030.67,UPI,WITHDRAWAL,US,KNOWN-46,2026-05-27T01:42:26.452123,64735.78,21
32384c21-567d-4347-8c5b-8e7465026fac,46,1424.69,NET_BANKING,WITHDRAWAL,AE,KNOWN-46,2026-05-27T02:22:26.452123,68766.45,22
a33ce792-f449-4f34-bb57-4288d972b9e2,46,1344.25,UPI,DEPOSIT,US,KNOWN-46,2026-05-27T04:13:26.452123,66034.5,21
27c1ddeb-9560-4d0d-be27-b0c55deffa17,46,3386.37,NET_BANKING,WITHDRAWAL,IN,KNOWN-46,2026-05-27T04:45:26.452123,62950.33,21
8574cc76-7f7e-4097-8210-1073ac56c799,46,2112.66,UPI,TRANSFER,IN,KNOWN-46,2026-05-27T04:59:26.452123,66336.7,22
d18ab39a-b37a-4d18-af4a-d37e6638b203,47,9535.52,CARD,TRANSFER,IN,KNOWN-47,2026-05-25T19:00:26.452362,0,0
8a68fe63-b06a-41f2-8b2d-9e5956dc706e,47,13205.189851519573,CARD,DEPOSIT,IN,KNOWN-47,2026-05-25T19:10:26.452362,9535.52,1
5710f701-333b-4749-a918-657ea934baf2,47,4280.69,CARD,TRANSFER,IN,KNOWN-47,2026-05-25T20:24:26.452362,22740.709851519576,2
d1b53e54-fe36-478e-b534-133fc169c9ed,47,4573.84,CARD,TRANSFER,IN,KNOWN-47,2026-05-25T22:23:26.452362,27021.399851519574,3
370373e8-751b-49fd-9bb0-a8e34531181f,47,7991.69,CARD,DEPOSIT,IN,KNOWN-47,2026-05-25T23:26:26.452362,31595.239851519575,4
b7c14c2f-961f-45a6-8b91-a97da13764b7,47,9008.27,CARD,DEPOSIT,IN,KNOWN-47,2026-05-25T23:57:26.452362,39586.92985151958,5
075d8252-9a07-4894-9d34-b81b2e58e2b5,47,5985.85,CARD,TRANSFER,IN,DEV-8298b0,2026-05-26T00:14:26.452362,48595.199851519574,6
6965f7b6-8ef7-4020-a956-9f1a56985f8d,47,15681.97305356546,CARD,DEPOSIT,IN,KNOWN-47,2026-05-26T01:24:26.452362,54581.04985151957,7
31650ed5-0cee-4edf-ad05-ffe4e55ac5b9,47,8466.63,CARD,DEPOSIT,IN,KNOWN-47,2026-05-26T03:11:26.452362,70263.02290508503,8
abc69ade-2275-4e32-96cb-837052f72558,47,7082.77,CARD,TRANSFER,IN,KNOWN-47,2026-05-26T04:52:26.452362,78729.65290508504,9
8933abea-331f-4646-813b-f2c717b71537,47,8700.03,CARD,WITHDRAWAL,IN,DEV-d9fb6d,2026-05-26T06:46:26.452362,85812.42290508504,10
9f4da73b-bbc6-4f2b-81c1-acae7094c9d7,47,3681.08,CARD,TRANSFER,IN,KNOWN-47,2026-05-26T08:44:26.452362,94512.45290508504,11
d017edad-2fbf-4521-8934-446aa2a8ea74,47,12329.87,CARD,WITHDRAWAL,IN,KNOWN-47,2026-05-26T10:34:26.452362,98193.53290508504,12
9fbced9c-70e8-4a79-958c-a9c8a9d37ca8,47,12356.7,CARD,WITHDRAWAL,IN,DEV-e0164e,2026-05-26T11:11:26.452362,110523.40290508504,13
b3f58e92-a88e-47f2-8d44-5fb8d441029f,47,7924.16,CARD,DEPOSIT,IN,KNOWN-47,2026-05-26T12:05:26.452362,122880.10290508503,14
69176fee-ad4b-449d-921e-37b85e7e0a07,47,4553.21,CARD,TRANSFER,IN,KNOWN-47,2026-05-26T12:14:26.452362,130804.26290508504,15
815f02aa-9823-430f-9841-3686dd2e55e4,47,4076.44,CARD,WITHDRAWAL,IN,KNOWN-47,2026-05-26T13:50:26.452362,135357.47290508504,16
64d92d0e-95c2-4d16-a3eb-10d52aa1ea67,47,4102.84,CARD,DEPOSIT,IN,KNOWN-47,2026-05-26T15:23:26.452362,139433.91290508505,17
7152c706-d8bf-40a6-9902-088b49d24501,47,11560.22,CARD,TRANSFER,IN,KNOWN-47,2026-05-26T16:35:26.452362,143536.75290508504,18
0935db31-1ed8-457a-9881-9ed9a2fe659e,47,9447.3,CARD,DEPOSIT,SG,KNOWN-47,2026-05-26T18:15:26.452362,155096.97290508504,19
2b57dfad-8221-4f17-bc6b-9533c96a073c,47,3979.95,CARD,TRANSFER,IN,KNOWN-47,2026-05-26T19:16:26.452362,141803.56305356545,18
5cdbb224-9c9c-4275-98fa-688761127ad0,47,11687.37,CARD,WITHDRAWAL,US,KNOWN-47,2026-05-26T20:24:26.452362,145783.51305356546,19
90c2fa81-777d-4d4b-b052-90fc38d78f8c,47,11231.68,CARD,TRANSFER,IN,KNOWN-47,2026-05-26T21:38:26.452362,153190.19305356545,19
16ead3a0-19f5-41f4-a6b9-ec2fbc004b09,47,3523.79,CARD,DEPOSIT,IN,DEV-e3d458,2026-05-26T22:53:26.452362,159848.03305356545,19
07e67833-5c4d-470d-9acb-51026335ce8d,47,41670.57426513505,CARD,WITHDRAWAL,IN,KNOWN-47,2026-05-27T00:16:26.452362,140386.0130535655,17
ab32615c-002e-493b-b6b4-972ead19deed,47,5178.3,CARD,TRANSFER,IN,KNOWN-47,2026-05-27T01:12:26.452362,182056.58731870053,18
8e68d9b7-b839-47e3-858a-96a4ac32e5f5,47,2604.49,CARD,WITHDRAWAL,IN,KNOWN-47,2026-05-27T03:03:26.452362,171552.91426513504,18
c4361593-96a1-490a-9d90-faf876c07f8f,47,7741.87,CARD,DEPOSIT,IN,KNOWN-47,2026-05-27T03:39:26.452362,165690.77426513503,18
34881f71-e591-498c-96e6-4d309ab5a05d,47,10174.25,CARD,WITHDRAWAL,IN,KNOWN-47,2026-05-27T04:33:26.452362,173432.64426513502,19
b9706e9c-f37b-4f5f-84b5-84ce2dd6e8de,47,9907.53,UPI,WITHDRAWAL,IN,KNOWN-47,2026-05-27T05:22:26.452362,176524.12426513503,19
8f3f5cb9-988d-4927-a801-12dca52d0480,47,4565.6,CARD,TRANSFER,IN,KNOWN-47,2026-05-27T06:06:26.452362,186431.65426513503,20
af4d5126-aca4-4b11-8679-f6adccce4d9d,48,23556.42,CARD,TRANSFER,IN,KNOWN-48,2026-05-25T17:23:26.452569,0,0
336c27ce-01f7-42b3-93fe-fd360a9cd072,48,19875.55,CARD,TRANSFER,IN,DEV-c438c3,2026-05-25T19:07:26.452569,23556.42,1
1ed09e9b-7346-42e6-881b-29ff408f0e0b,48,14353.22,CARD,WITHDRAWAL,IN,KNOWN-48,2026-05-25T20:33:26.452569,43431.97,2
a2cf557e-c018-41d2-8b14-89dcb6f019df,48,15564.39,CARD,DEPOSIT,IN,DEV-263a8f,2026-05-25T21:39:26.452569,57785.19,3
7e10f99f-9d2e-40a4-904f-4b38488558f0,48,23213.15,CARD,DEPOSIT,IN,KNOWN-48,2026-05-25T22:32:26.452569,73349.58,4
8a3b9bf4-ae19-4726-bf4c-0ac25805789f,48,22515.29,CARD,DEPOSIT,IN,KNOWN-48,2026-05-26T00:31:26.452569,96562.73000000001,5
e68d9b73-9e1e-413e-9008-336079d1d765,48,16972.51,UPI,TRANSFER,IN,KNOWN-48,2026-05-26T00:57:26.452569,119078.02000000002,6
ee572790-941a-475d-b683-16bee1379774,48,21856.41,CARD,DEPOSIT,IN,KNOWN-48,2026-05-26T02:26:26.452569,136050.53000000003,7
68e0d6c9-d09d-4d74-b61c-12248b72175f,48,21533.49,CARD,TRANSFER,IN,DEV-3623cf,2026-05-26T04:22:26.452569,157906.94000000003,8
1f012fbd-5ca2-40ec-b4f6-dccd070fd927,48,8737.47,CARD,WITHDRAWAL,IN,KNOWN-48,2026-05-26T04:46:26.452569,179440.43000000002,9
ee7f7835-ebed-4f27-902a-1f5bbd28d989,48,22416.87,NET_BANKING,TRANSFER,IN,KNOWN-48,2026-05-26T05:06:26.452569,188177.90000000002,10
8beca848-281e-4e35-b1a7-65107d7db840,48,10712.22,CARD,DEPOSIT,IN,KNOWN-48,2026-05-26T06:10:26.452569,210594.77000000002,11
75ec4c2d-cedc-4835-a3a3-4e76dd8767d7,48,7292.9,CARD,WITHDRAWAL,IN,KNOWN-48,2026-05-26T08:06:26.452569,221306.99000000002,12
db78fa0d-3e6a-4f35-ad18-8fca4058714f,48,21241.07,CARD,WITHDRAWAL,IN,KNOWN-48,2026-05-26T09:06:26.452569,228599.89,13
706afaf0-d9cb-4a4e-8f96-5a9d5812c91c,48,8360.95,CARD,WITHDRAWAL,IN,KNOWN-48,2026-05-26T09:16:26.452569,249840.96000000002,14
ab710c07-5027-4852-8118-673c9cb4849b,48,11812.18,CARD,DEPOSIT,IN,KNOWN-48,2026-05-26T10:47:26.452569,258201.91000000003,15
f8e4db6f-f22f-495b-a236-b7ffae3910bc,48,19804.1,CARD,DEPOSIT,US,KNOWN-48,2026-05-26T11:07:26.452569,270014.09,16
802e8fbe-3856-4ff6-8697-67e49ac24736,48,7129.17,UPI,DEPOSIT,IN,KNOWN-48,2026-05-26T11:54:26.452569,289818.19,17
134897e8-b396-4932-85c1-1dcc77d0212e,48,20440.97,UPI,DEPOSIT,IN,KNOWN-48,2026-05-26T12:40:26.452569,296947.36,18
b714ca91-5f1a-40ba-b94b-f49f35bc4581,48,5749.76,CARD,TRANSFER,IN,DEV-9f862d,2026-05-26T13:41:26.452569,317388.32999999996,19
93512c97-9895-4205-9f7f-2ac450e565dd,48,9147.25,CARD,DEPOSIT,IN,KNOWN-48,2026-05-26T14:48:26.452569,323138.08999999997,20
25536376-9fb3-4308-bc34-0143ce282b79,48,23575.65,CARD,TRANSFER,IN,KNOWN-48,2026-05-26T15:17:26.452569,332285.33999999997,21
a58722e9-d445-431f-b0b1-4b3c8261cf24,48,10614.62,CARD,DEPOSIT,IN,KNOWN-48,2026-05-26T15:53:26.452569,355860.99,22
95cd8204-b2ab-499b-a018-e47976a13e80,48,8385.24,CARD,TRANSFER,US,DEV-efc937,2026-05-26T15:58:26.452569,366475.61,23
8624aa51-6106-466b-961a-8eb62275765f,48,20937.66,CARD,WITHDRAWAL,IN,KNOWN-48,2026-05-26T16:39:26.452569,374860.85,24
16abe12c-49db-4479-934e-1c2dbf6da6ab,48,22375.08,CARD,TRANSFER,IN,KNOWN-48,2026-05-26T18:10:26.452569,372242.0899999999,24
ae6fb6d4-86d8-4b5a-8def-76384ade14ab,49,10949.6,UPI,WITHDRAWAL,IN,DEV-d832c9,2026-05-25T18:50:26.452740,0,0
03ccb683-6c61-4e80-9a62-386548cb27dd,49,7903.63,UPI,WITHDRAWAL,IN,KNOWN-49,2026-05-25T18:59:26.452740,10949.6,1
84d1a452-cc6e-4ad6-8f02-d7807757644f,49,9593.54,UPI,DEPOSIT,SG,KNOWN-49,2026-05-25T19:36:26.452740,18853.23,2
fc136962-81dd-49cf-8a51-09942c6236cc,49,7953.16,UPI,DEPOSIT,IN,KNOWN-49,2026-05-25T20:30:26.452740,28446.77,3
54432b00-5633-4ddb-a9ae-fe70034ddab6,49,12474.65,UPI,TRANSFER,IN,KNOWN-49,2026-05-25T22:03:26.452740,36399.93,4
a4c5ce6a-acaf-4d94-bfa3-441fdd1fedcd,49,6679.03,UPI,TRANSFER,US,KNOWN-49,2026-05-25T22:41:26.452740,48874.58,5
9f4ab33b-a0de-49c5-a606-6e509427fe95,49,7785.65,CARD,WITHDRAWAL,IN,KNOWN-49,2026-05-25T23:32:26.452740,55553.61,6
19e9c195-9da9-45af-8a36-98f25ccfd985,49,11485.99,UPI,WITHDRAWAL,IN,KNOWN-49,2026-05-26T00:18:26.452740,63339.26,7
45704300-0f74-4521-a42b-9af939b26a81,49,8066.24,UPI,WITHDRAWAL,IN,KNOWN-49,2026-05-26T01:57:26.452740,74825.25,8
21529e15-1c0b-4a70-8355-3d9c0729ef61,49,10822.99,UPI,TRANSFER,IN,KNOWN-49,2026-05-26T03:43:26.452740,82891.49,9
0d534c3d-40d3-40c4-aa4f-0f56d9814e07,49,8890.5,UPI,WITHDRAWAL,IN,DEV-b6d0b5,2026-05-26T04:50:26.452740,93714.48000000001,10
8f09a7b2-0a6a-4171-97bf-d2d23ec19d43,49,5238.9,UPI,WITHDRAWAL,IN,KNOWN-49,2026-05-26T05:28:26.452740,102604.98000000001,11
426f098a-a66c-4a48-ba7b-96d6b3794efd,49,7896.28,UPI,TRANSFER,IN,DEV-38d86f,2026-05-26T07:04:26.452740,107843.88,12
e923cf20-5236-41f6-aae3-dbaeea4f6e98,49,2598.91,UPI,DEPOSIT,US,DEV-6f5592,2026-05-26T08:37:26.452740,115740.16,13
abb8ab91-d538-4f0e-b1c3-3a80f99eb569,49,6813.87,NET_BANKING,TRANSFER,IN,KNOWN-49,2026-05-26T09:31:26.452740,118339.07,14
219d6211-02a4-46e8-b080-9ad0866a6911,49,11784.12,CARD,TRANSFER,AE,KNOWN-49,2026-05-26T11:30:26.452740,125152.94,15
a0046a76-e51d-4658-8dc2-3bf04edf0e9b,49,10154.556810283757,UPI,DEPOSIT,AE,KNOWN-49,2026-05-26T11:58:26.452740,136937.06,16
6794821c-ad51-4679-a058-9d2d09c98309,49,3298.72,UPI,WITHDRAWAL,IN,KNOWN-49,2026-05-26T12:05:26.452740,147091.61681028374,17
facc1bed-dc61-4e57-9f8c-d61c105813d0,49,2863.47,UPI,DEPOSIT,IN,DEV-45f7ef,2026-05-26T13:54:26.452740,150390.33681028374,18
c331aee5-c570-4340-aaae-896f8cb0a44b,49,3744.32,NET_BANKING,TRANSFER,IN,KNOWN-49,2026-05-26T15:25:26.452740,153253.80681028374,19
a773ba6c-cc49-4d18-82c5-90dee0fa55e3,49,22221.008850899278,UPI,TRANSFER,IN,KNOWN-49,2026-05-26T15:41:26.452740,156998.12681028375,20
4affd6d1-786d-4549-b4bb-f846c9702f1f,49,10066.89,UPI,WITHDRAWAL,IN,KNOWN-49,2026-05-26T17:16:26.452740,179219.13566118304,21
f327459a-cb98-4c5a-9183-259a687fcdd3,49,10785.949177425671,UPI,WITHDRAWAL,IN,KNOWN-49,2026-05-26T18:36:26.452740,189286.02566118306,22
016333a9-552e-49a0-8cc1-1f7025b20eb0,49,11277.79,UPI,DEPOSIT,IN,KNOWN-49,2026-05-26T19:16:26.452740,181218.7448386087,21
59c4deb3-08a9-4a88-812c-40c95f7b366f,50,16885.28,CARD,WITHDRAWAL,IN,KNOWN-50,2026-05-25T18:42:26.452899,0,0
78f421ac-1abb-4d2f-b702-7c47bbc26764,50,39167.4,CARD,WITHDRAWAL,IN,KNOWN-50,2026-05-25T20:38:26.452899,16885.28,1
95c72443-306d-4438-9150-6ac316f14bde,50,38249.9,CARD,TRANSFER,IN,KNOWN-50,2026-05-25T21:44:26.452899,56052.68,2
f02fd37f-8ff0-42d7-ba0e-d4dc62eec1a9,50,30343.09,CARD,WITHDRAWAL,IN,KNOWN-50,2026-05-25T23:38:26.452899,94302.58,3
c2c7d745-8a8d-4fb9-bbbb-954eaddf9237,50,28295.27,CARD,WITHDRAWAL,IN,KNOWN-50,2026-05-26T00:01:26.452899,124645.67,4
ce8f4c24-21f9-45ef-8064-1c6b9590c357,50,44953.62,NET_BANKING,DEPOSIT,IN,KNOWN-50,2026-05-26T00:52:26.452899,152940.94,5
20652724-7267-4134-a4a8-6f6c8dbff849,50,35398.37,CARD,DEPOSIT,IN,KNOWN-50,2026-05-26T01:11:26.452899,197894.56,6
124d0c10-810d-4ca1-baf3-ba8431949c74,50,15583.64,CARD,DEPOSIT,IN,KNOWN-50,2026-05-26T01:40:26.452899,233292.93,7
28521bbe-ec42-42a3-a805-8365df91ed09,50,18158.29,CARD,DEPOSIT,IN,DEV-b47401,2026-05-26T02:59:26.452899,248876.57,8
6fb9928f-6208-4d0c-9f97-ed54eef860d3,50,27334.85,CARD,TRANSFER,IN,DEV-9b9fff,2026-05-26T03:48:26.452899,267034.86,9
aab2dc51-dcd9-40bb-9c51-36b15ffa7496,50,11151.9,CARD,DEPOSIT,IN,KNOWN-50,2026-05-26T04:26:26.452899,294369.70999999996,10
244d56bc-29c5-4952-b51a-56d17fc7f80c,50,25031.89,CARD,WITHDRAWAL,AE,DEV-bf88cb,2026-05-26T05:32:26.452899,305521.61,11
86d8b5ea-10ae-4261-9d93-490fc5cac24c,50,40221.83,NET_BANKING,TRANSFER,AE,KNOWN-50,2026-05-26T06:50:26.452899,330553.5,12
cc91b095-5999-4943-aa4f-e12f310ba984,50,13765.95,CARD,DEPOSIT,IN,KNOWN-50,2026-05-26T07:13:26.452899,370775.33,13
44b81915-4b95-4a49-8575-1fafde19f7c2,50,34550.04,CARD,WITHDRAWAL,IN,KNOWN-50,2026-05-26T07:53:26.452899,384541.28,14
1bc1b954-c6b8-47e5-8f90-d29af4d775b5,50,16666.26,NET_BANKING,WITHDRAWAL,US,KNOWN-50,2026-05-26T09:07:26.452899,419091.32,15
fe9a9607-a6bf-4fc1-bc05-2249a722f82b,50,32946.3,CARD,WITHDRAWAL,SG,DEV-54ce84,2026-05-26T10:40:26.452899,435757.58,16
9c3c4c6c-8f73-4deb-ab43-92515b73959a,50,44474.57,CARD,WITHDRAWAL,IN,KNOWN-50,2026-05-26T11:39:26.452899,468703.88,17
d2660bba-39aa-45cb-b1c8-8ffa623828ef,51,2413.63,CARD,TRANSFER,IN,KNOWN-51,2026-05-25T17:37:26.453008,0,0
eff855ce-3760-4530-b887-17dde28a4c9c,51,2216.1,CARD,WITHDRAWAL,IN,KNOWN-51,2026-05-25T19:05:26.453008,2413.63,1
7c12342f-59fe-4112-bae8-4e92d43386dd,51,1673.14,CARD,DEPOSIT,IN,KNOWN-51,2026-05-25T19:26:26.453008,4629.73,2
4a411f66-a695-4654-9d7d-81383b0b5df2,51,1031.85,CARD,DEPOSIT,IN,KNOWN-51,2026-05-25T21:13:26.453008,6302.87,3
66f0ec9e-39fb-40a1-82d3-5e998b9622a1,51,1285.57,CARD,DEPOSIT,IN,DEV-82c178,2026-05-25T22:42:26.453008,7334.719999999999,4
fcd00860-3116-4126-b9b4-2ed0293a295d,51,4308.78,UPI,TRANSFER,IN,KNOWN-51,2026-05-25T23:21:26.453008,8620.289999999999,5
0cc120eb-575f-446e-a4d6-d52e59773bda,51,3084.39,CARD,DEPOSIT,IN,KNOWN-51,2026-05-25T23:26:26.453008,12929.07,6
96b49a39-e98d-4fd4-a8cc-a06ae93d087e,51,1429.44,CARD,DEPOSIT,IN,KNOWN-51,2026-05-26T01:20:26.453008,16013.46,7
c87fe2ca-1db8-44f1-bfca-a36b2f570c6b,51,4909.92,CARD,TRANSFER,IN,KNOWN-51,2026-05-26T01:43:26.453008,17442.899999999998,8
499d1dc9-26f8-4de2-8824-b7b146528431,51,1721.08,NET_BANKING,DEPOSIT,IN,KNOWN-51,2026-05-26T02:04:26.453008,22352.82,9
56bebb11-5ef3-455f-991b-72a5b0ef7154,51,4635.12,CARD,DEPOSIT,IN,DEV-036342,2026-05-26T02:09:26.453008,24073.9,10
a13d4ee6-c56f-4d8c-b358-28165b141f0e,51,1005.86,CARD,DEPOSIT,IN,DEV-b9179f,2026-05-26T04:08:26.453008,28709.02,11
c08cf53c-423f-463d-a2d4-0118164288e3,51,1036.85,CARD,DEPOSIT,IN,KNOWN-51,2026-05-26T04:59:26.453008,29714.88,12
ca6f96c9-05e6-4a2a-b355-79ce4dff69e3,51,4550.87,CARD,DEPOSIT,IN,KNOWN-51,2026-05-26T06:06:26.453008,30751.73,13
1853b8de-7376-411a-b0ea-ee786e585d70,51,1700.37,CARD,DEPOSIT,IN,DEV-82a509,2026-05-26T07:42:26.453008,35302.6,14
d5851b94-bf07-4c53-ac4a-f8bdfd95d970,51,1011.16,CARD,WITHDRAWAL,IN,KNOWN-51,2026-05-26T08:33:26.453008,37002.97,15
25b7222d-a094-40e4-b17a-ba99eeaa7097,51,1680.1,CARD,WITHDRAWAL,IN,DEV-f5ed8a,2026-05-26T08:42:26.453008,38014.130000000005,16
0b9dca24-35cc-4843-b929-b55eb8d85d7c,51,1920.85,CARD,DEPOSIT,IN,KNOWN-51,2026-05-26T10:16:26.453008,39694.23,17
0a3499e4-009e-442d-b6e9-3d7f58097a80,51,1441.12,CARD,TRANSFER,IN,KNOWN-51,2026-05-26T10:59:26.453008,41615.08,18
588ff3a2-0355-408a-8fc9-0d9260a10b36,51,4739.24,CARD,WITHDRAWAL,IN,KNOWN-51,2026-05-26T11:32:26.453008,43056.200000000004,19
ad255963-f681-4d5b-bef2-cc6780a6c05c,51,1995.97,CARD,WITHDRAWAL,IN,KNOWN-51,2026-05-26T13:06:26.453008,47795.44,20
9b5e9e9f-f94e-430b-ae50-bb730ec987d7,51,2599.82,UPI,DEPOSIT,US,KNOWN-51,2026-05-26T14:27:26.453008,49791.41,21
b8b73a9e-8d6c-4bc5-b01b-7e4d4ede0196,51,1025.91,NET_BANKING,WITHDRAWAL,IN,KNOWN-51,2026-05-26T14:45:26.453008,52391.23,22
b96534f5-44c9-4ead-af17-46e0cbeebb41,51,1058.22,CARD,DEPOSIT,IN,KNOWN-51,2026-05-26T15:52:26.453008,53417.14000000001,23
80e96072-2176-4e7f-bef8-e9bfb94e8f23,51,4269.0,CARD,DEPOSIT,IN,KNOWN-51,2026-05-26T17:28:26.453008,54475.36000000001,24
e218fce4-bde7-4c05-a221-4f5156d22e83,51,4599.74,UPI,TRANSFER,AE,KNOWN-51,2026-05-26T18:11:26.453008,56330.73,24
19eb0e5b-f522-4719-8dab-d36779d20352,51,4381.57,CARD,WITHDRAWAL,IN,DEV-46e9a6,2026-05-26T18:50:26.453008,60930.47,25
6648ae1f-fecf-40f6-a22f-8e3c1edf72de,51,1216.55,CARD,DEPOSIT,US,KNOWN-51,2026-05-26T20:28:26.453008,61422.799999999996,24
5440485d-4844-48da-913d-7ce625f6d308,51,4552.07,CARD,DEPOSIT,IN,KNOWN-51,2026-05-26T20:56:26.453008,62639.35,25
1cdff9df-a1c9-4979-a239-f7f245570b3a,52,2387.51,UPI,WITHDRAWAL,IN,DEV-8ac4c6,2026-05-25T17:21:26.453184,0,0
a92f04a0-8bc6-40a6-966c-e7cfb1eff731,52,4257.99,NET_BANKING,TRANSFER,IN,KNOWN-52,2026-05-25T18:26:26.453184,2387.51,1
7d95a9bc-77cd-48be-9218-54a46f9518bb,52,1825.35,NET_BANKING,WITHDRAWAL,IN,DEV-2bc5e5,2026-05-25T19:29:26.453184,6645.5,2
fce5b22e-eb31-4534-9cdd-40a2190590ea,52,3376.4,CARD,DEPOSIT,IN,KNOWN-52,2026-05-25T20:59:26.453184,8470.85,3
e542ed42-daee-447c-a74a-c670a770ae5a,52,2862.06,CARD,TRANSFER,IN,KNOWN-52,2026-05-25T22:08:26.453184,11847.25,4
49b27b1b-cd9f-4cb3-9d5c-6e5111b5bdd6,52,1927.81,UPI,DEPOSIT,IN,KNOWN-52,2026-05-25T22:41:26.453184,14709.31,5
6166dcc1-7bdb-4e9d-9776-99480cf0a8de,52,1766.91,CARD,DEPOSIT,IN,KNOWN-52,2026-05-25T23:03:26.453184,16637.12,6
30592f9d-7015-4ff7-8467-1bac75e90281,52,1669.19,CARD,WITHDRAWAL,IN,KNOWN-52,2026-05-26T00:29:26.453184,18404.03,7
4a644611-8377-4a7f-9c4b-ed385238ec05,52,2234.69,UPI,DEPOSIT,IN,KNOWN-52,2026-05-26T01:28:26.453184,20073.219999999998,8
28bdd859-7806-4987-b641-2469cd4d6318,52,2707.57,NET_BANKING,DEPOSIT,IN,DEV-921dbf,2026-05-26T02:44:26.453184,22307.909999999996,9
af61e533-0989-4b9d-b261-fd91a982e9d5,52,2710.64,CARD,TRANSFER,IN,KNOWN-52,2026-05-26T04:11:26.453184,25015.479999999996,10
130dbeb2-d4a5-4885-a256-201882d55ef7,52,2147.23,CARD,TRANSFER,IN,DEV-54e4c7,2026-05-26T05:21:26.453184,27726.119999999995,11
7cb2ea7a-2f7e-49e5-8143-e7dbd0f94652,52,3885.01,CARD,WITHDRAWAL,IN,KNOWN-52,2026-05-26T06:00:26.453184,29873.349999999995,12
7ba252f9-a89f-41ba-b2aa-4fb14ec74e42,52,4943.31,CARD,WITHDRAWAL,IN,DEV-7f938a,2026-05-26T06:56:26.453184,33758.35999999999,13
5139398e-4a3b-46e8-976c-086c9c9d9076,52,4529.21,CARD,DEPOSIT,IN,KNOWN-52,2026-05-26T07:24:26.453184,38701.66999999999,14
f1387f17-c070-4329-a02f-7ab17a655024,52,2202.57,CARD,WITHDRAWAL,IN,KNOWN-52,2026-05-26T07:35:26.453184,43230.87999999999,15
d2702ed7-45d9-4e4e-9bf8-b75607fdd858,52,3582.62,CARD,WITHDRAWAL,US,DEV-028b0d,2026-05-26T08:55:26.453184,45433.44999999999,16
a52c27c7-65d1-45f4-bdbc-657f16f9f2e1,52,1171.62,CARD,TRANSFER,IN,KNOWN-52,2026-05-26T10:21:26.453184,49016.06999999999,17
5e3a5d5a-43a2-4849-884f-77239fb53abb,52,4849.89,CARD,WITHDRAWAL,IN,DEV-5ca79c,2026-05-26T11:28:26.453184,50187.689999999995,18
ff1ebc9d-9039-4569-bf0d-df3ef9662bd3,52,1629.68,UPI,DEPOSIT,AE,KNOWN-52,2026-05-26T12:25:26.453184,55037.579999999994,19
a6f0515a-6a3d-4202-91df-f7c4e146732c,52,3748.57,CARD,TRANSFER,IN,KNOWN-52,2026-05-26T13:20:26.453184,56667.259999999995,20
1b7ed09b-c636-491b-8039-d7f14577792a,52,3455.0,NET_BANKING,DEPOSIT,IN,KNOWN-52,2026-05-26T14:30:26.453184,60415.829999999994,21
993b19cf-3b3e-4587-84f3-aacd8bf5803e,52,1266.42,CARD,DEPOSIT,IN,KNOWN-52,2026-05-26T14:46:26.453184,63870.829999999994,22
e596d9c6-f267-435d-a89f-ae616cf16a7c,52,2447.68,CARD,TRANSFER,IN,KNOWN-52,2026-05-26T14:53:26.453184,65137.24999999999,23
520619bb-aad5-426a-b740-7ff9c36a4b8b,52,1827.28,CARD,TRANSFER,IN,KNOWN-52,2026-05-26T16:20:26.453184,67584.93,24
fd611ed1-a3b0-4c87-809b-4ecf1afa73fa,52,1797.29,CARD,TRANSFER,IN,KNOWN-52,2026-05-26T17:28:26.453184,67024.7,24
9a2203b7-b8ea-4304-a92e-3fe012bb0104,52,3416.83,CARD,DEPOSIT,IN,KNOWN-52,2026-05-26T17:44:26.453184,68821.98999999999,25
3bbc07cb-f106-46be-8610-2eeb4bb05130,52,1505.71,CARD,DEPOSIT,IN,KNOWN-52,2026-05-26T19:16:26.453184,67980.83,25
3186cdb4-1dff-43d5-bfc7-9a28e269bfc9,52,4603.75,CARD,DEPOSIT,IN,KNOWN-52,2026-05-26T19:57:26.453184,67661.19000000002,25
8f9e1b1d-1031-41c2-be91-42984f0d5946,52,2827.31,NET_BANKING,DEPOSIT,IN,DEV-00d9a5,2026-05-26T20:15:26.453184,72264.94000000002,26
2e860be9-83eb-4d71-af07-7432e23c3c8d,52,1416.16,CARD,WITHDRAWAL,IN,KNOWN-52,2026-05-26T21:30:26.453184,71715.85,26
707172ca-659d-4b3c-9e9d-0d6a3ca3d5a5,52,4551.14,CARD,TRANSFER,IN,KNOWN-52,2026-05-26T23:01:26.453184,68342.14,25
215ae09b-3c18-4817-9d21-413ca28ad038,52,3582.74,CARD,WITHDRAWAL,IN,KNOWN-52,2026-05-26T23:08:26.453184,71126.37,25
45215509-1cac-4250-b0ca-ed5db191d47e,52,4082.32,CARD,DEPOSIT,IN,KNOWN-52,2026-05-27T00:24:26.453184,74709.11,26
8e8570ef-34c3-46c9-8be6-b6696a31cf88,52,4449.17,UPI,TRANSFER,IN,KNOWN-52,2026-05-27T01:57:26.453184,74887.55000000002,25
843df28b-7a07-4e56-8776-68279da95bf6,53,2633.71,UPI,DEPOSIT,IN,KNOWN-53,2026-05-25T17:24:26.453400,0,0
6db10ada-66fc-4e45-a7b2-5079cf2d47d5,53,12180.69,UPI,WITHDRAWAL,IN,KNOWN-53,2026-05-25T18:32:26.453400,2633.71,1
620d389c-f50a-4761-977f-b41b94a3538f,53,5927.45,CARD,WITHDRAWAL,US,KNOWN-53,2026-05-25T18:54:26.453400,14814.400000000001,2
0aae079a-0b4d-4c83-b8a3-9cd79ccfea09,53,10460.94,NET_BANKING,TRANSFER,IN,KNOWN-53,2026-05-25T20:05:26.453400,20741.850000000002,3
3734a84e-df48-4fc8-a024-0789744594bb,53,11550.3,UPI,TRANSFER,IN,KNOWN-53,2026-05-25T20:54:26.453400,31202.79,4
ec8acbc9-0c8f-4693-9118-55fe1501b1de,53,2998.79,CARD,DEPOSIT,IN,KNOWN-53,2026-05-25T22:44:26.453400,42753.09,5
f42ee06d-c0e9-4a76-a8fe-eb1a59737b42,53,10873.84,UPI,WITHDRAWAL,IN,KNOWN-53,2026-05-26T00:08:26.453400,45751.88,6
6f741daf-a393-4eb7-bb89-e47489f5a5ca,53,6214.28,UPI,WITHDRAWAL,SG,KNOWN-53,2026-05-26T01:33:26.453400,56625.72,7
699a5c36-f333-4a9c-a70b-621dc66cbb74,53,7874.66,UPI,WITHDRAWAL,AE,KNOWN-53,2026-05-26T03:13:26.453400,62840.0,8
87913c13-f62d-4825-9c3a-155391561693,53,6165.8,NET_BANKING,WITHDRAWAL,IN,DEV-4dce2f,2026-05-26T03:38:26.453400,70714.66,9
8aba4a63-c237-450f-8f1c-cf2440fdb3f6,53,7228.19,UPI,DEPOSIT,IN,KNOWN-53,2026-05-26T04:18:26.453400,76880.46,10
10b56f6c-4ed9-4fa6-8b36-efeb5aa37cdb,53,8389.89,NET_BANKING,WITHDRAWAL,IN,KNOWN-53,2026-05-26T04:45:26.453400,84108.65000000001,11
dd03e82e-8d2b-4a36-a9fe-2cbcedbba8fe,53,3456.24,UPI,WITHDRAWAL,IN,KNOWN-53,2026-05-26T05:09:26.453400,92498.54000000001,12
c874901c-bc67-4cee-a938-6e329fc6e0ba,53,8782.06,UPI,TRANSFER,IN,KNOWN-53,2026-05-26T05:31:26.453400,95954.78000000001,13
c0ec3473-3b34-42db-a6ab-d3dff7e54e56,53,7251.94,UPI,DEPOSIT,SG,KNOWN-53,2026-05-26T07:04:26.453400,104736.84000000001,14
ad294aad-4f37-43fd-84d6-c0e1d0ffcf8e,53,7465.28,UPI,DEPOSIT,IN,KNOWN-53,2026-05-26T09:03:26.453400,111988.78000000001,15
16c7f167-c920-4b8d-a813-7a5af5a87a01,53,4337.9,UPI,DEPOSIT,IN,KNOWN-53,2026-05-26T09:11:26.453400,119454.06000000001,16
fc538776-23eb-4d2b-89a8-e92f6383caac,54,20439.87,UPI,WITHDRAWAL,IN,KNOWN-54,2026-05-25T18:36:26.453495,0,0
7e42dfb3-15ff-4a9c-a364-fdcd3e527850,54,12742.12,UPI,TRANSFER,IN,KNOWN-54,2026-05-25T20:04:26.453495,20439.87,1
5f51df09-ac00-43db-984b-c6aab28cfd12,54,5741.88,CARD,WITHDRAWAL,IN,KNOWN-54,2026-05-25T21:34:26.453495,33181.99,2
cf1f4ad1-ea94-4e73-bf92-6f2a667fdb20,54,24500.0,NET_BANKING,DEPOSIT,IN,DEV-88bb86,2026-05-25T22:32:26.453495,38923.869999999995,3
2db14d74-0997-40a7-882b-d9102ced903e,54,21190.93,UPI,DEPOSIT,IN,DEV-83bf52,2026-05-25T23:40:26.453495,63423.869999999995,4
a847ca58-868e-4320-bf21-ac7eeb89914a,54,16927.59,NET_BANKING,DEPOSIT,IN,KNOWN-54,2026-05-26T00:26:26.453495,84614.79999999999,5
047f6814-1612-444f-8469-07b82bb8d308,54,11575.94,UPI,WITHDRAWAL,IN,KNOWN-54,2026-05-26T01:22:26.453495,101542.38999999998,6
1a9ef1a9-2071-4dfb-9178-47c73765b40a,54,19747.91,UPI,WITHDRAWAL,IN,KNOWN-54,2026-05-26T02:26:26.453495,113118.32999999999,7
a9962f76-b741-4dca-a41c-959d699a147f,54,19554.58,UPI,TRANSFER,IN,KNOWN-54,2026-05-26T02:59:26.453495,132866.24,8
55e881a0-4be6-4fd9-bdba-cd9d7e87bef6,54,16232.57,UPI,WITHDRAWAL,AE,KNOWN-54,2026-05-26T03:42:26.453495,152420.82,9
c6905fe2-d45d-48f7-b316-7e8c0be9cc1e,54,19035.78,UPI,DEPOSIT,IN,DEV-61b275,2026-05-26T05:04:26.453495,168653.39,10
2254f96e-3612-494f-9b80-a9e1929d52f4,54,23430.54,UPI,TRANSFER,IN,DEV-b2c9aa,2026-05-26T05:13:26.453495,187689.17,11
801a702c-7760-49e5-a655-8a83eb43af77,54,18838.87,UPI,DEPOSIT,IN,KNOWN-54,2026-05-26T06:45:26.453495,211119.71000000002,12
d3a31be8-1493-4d3e-8361-d8a91272556d,54,21672.1,UPI,TRANSFER,IN,DEV-594936,2026-05-26T07:51:26.453495,229958.58000000002,13
12978e59-87f2-41b7-bb47-056dc23820e9,54,19370.26,UPI,TRANSFER,IN,DEV-bbd137,2026-05-26T08:27:26.453495,251630.68000000002,14
0a52dcc2-2a29-4640-b3fd-3c8e60229dda,54,16916.83,CARD,DEPOSIT,IN,KNOWN-54,2026-05-26T08:55:26.453495,271000.94,15
cd578471-6cfc-40a4-b546-0165474d0f65,54,5675.64,UPI,WITHDRAWAL,IN,KNOWN-54,2026-05-26T10:15:26.453495,287917.77,16
47043b3e-362f-4026-aa43-a559f71314bb,54,19195.17,NET_BANKING,WITHDRAWAL,US,KNOWN-54,2026-05-26T10:47:26.453495,293593.41000000003,17
a896878b-9268-4a35-b9d6-daeb04d1981d,55,13162.22,NET_BANKING,DEPOSIT,IN,KNOWN-55,2026-05-25T17:45:26.453613,0,0
bb9cd617-451a-4a2a-99de-426289e659f8,55,22110.02,NET_BANKING,TRANSFER,IN,KNOWN-55,2026-05-25T18:58:26.453613,13162.22,1
336103fc-cc3e-46ad-8cf3-a3c0022c786f,55,24271.67,NET_BANKING,TRANSFER,US,KNOWN-55,2026-05-25T20:14:26.453613,35272.24,2
3acfecca-f332-4a97-be91-9a3391904740,55,7703.25,NET_BANKING,WITHDRAWAL,AE,KNOWN-55,2026-05-25T21:45:26.453613,59543.909999999996,3
7b01a2ac-2442-44b3-bf77-28c71e3ceef3,55,11547.41,NET_BANKING,WITHDRAWAL,IN,KNOWN-55,2026-05-25T23:09:26.453613,67247.16,4
720e250e-ec35-477d-80fe-e21d2b458188,55,21300.97,NET_BANKING,WITHDRAWAL,IN,KNOWN-55,2026-05-26T01:09:26.453613,78794.57,5
b14fd423-81a8-46bf-bfd6-ec43ec4f15dd,55,11323.76,NET_BANKING,WITHDRAWAL,IN,DEV-3cea28,2026-05-26T02:25:26.453613,100095.54000000001,6
23c52dee-564d-42fd-8dea-e87552c9da4a,55,23790.33,NET_BANKING,TRANSFER,IN,KNOWN-55,2026-05-26T02:50:26.453613,111419.3,7
7016ee71-e8a2-453c-bd17-2d2c8fde89b4,55,24497.75,NET_BANKING,TRANSFER,IN,KNOWN-55,2026-05-26T04:34:26.453613,135209.63,8
21fb7d4e-795f-4867-af16-9666152380ae,55,7769.33,NET_BANKING,WITHDRAWAL,AE,DEV-6b2276,2026-05-26T06:09:26.453613,159707.38,9
3eecd575-f7c3-4930-871e-9f66c6b6b69c,55,9465.62,CARD,DEPOSIT,SG,KNOWN-55,2026-05-26T06:54:26.453613,167476.71,10
b48ea70a-1c87-419e-9ca8-3cea46cbb115,55,18017.51,NET_BANKING,DEPOSIT,IN,KNOWN-55,2026-05-26T08:31:26.453613,176942.33,11
afe5d837-9ab7-4bd4-a961-9d75baebbc17,55,23718.6,CARD,TRANSFER,IN,KNOWN-55,2026-05-26T09:27:26.453613,194959.84,12
4f8d1278-6f5f-4445-81b5-977d7b3e7991,55,12951.68,NET_BANKING,DEPOSIT,IN,KNOWN-55,2026-05-26T10:06:26.453613,218678.44,13
d97b760f-1e20-4ec4-819c-7741a434cb0d,55,11361.87,NET_BANKING,WITHDRAWAL,IN,KNOWN-55,2026-05-26T11:43:26.453613,231630.12,14
0c49fc36-f70f-48c9-bcfe-ac455d68720c,55,6111.24,NET_BANKING,WITHDRAWAL,IN,DEV-c81054,2026-05-26T13:13:26.453613,242991.99,15
22abd40b-7ca2-4982-8ca5-bde731a30222,55,6810.94,CARD,WITHDRAWAL,IN,KNOWN-55,2026-05-26T14:42:26.453613,249103.22999999998,16
ee9f25f5-a72a-4c95-8a73-d121dbe481fc,55,7789.9,UPI,TRANSFER,IN,KNOWN-55,2026-05-26T16:31:26.453613,255914.16999999998,17
25dfcf4d-cf42-40f9-a97e-a5d4fd99d81c,55,6680.71,NET_BANKING,TRANSFER,IN,DEV-fafade,2026-05-26T18:31:26.453613,250541.84999999998,17
dbeb83d8-bc4c-4e38-be3b-8aa91a0f8aef,56,66397.5977413167,CARD,TRANSFER,SG,KNOWN-56,2026-05-25T18:41:26.453726,0,0
6881f6d7-e6bf-46da-af9e-894a5019f407,56,12177.8,CARD,WITHDRAWAL,IN,KNOWN-56,2026-05-25T20:30:26.453726,66397.5977413167,1
4bab8662-406d-49f1-9f8b-f681f52f781d,56,20721.02,CARD,WITHDRAWAL,IN,KNOWN-56,2026-05-25T22:29:26.453726,78575.3977413167,2
094ab6e7-ae81-4145-9ef0-9e49a90331ec,56,22587.03,CARD,DEPOSIT,IN,DEV-0c2a1a,2026-05-25T22:48:26.453726,99296.4177413167,3
e8aac201-251c-4ba8-a505-5640810af281,56,13501.19,NET_BANKING,WITHDRAWAL,IN,KNOWN-56,2026-05-25T23:59:26.453726,121883.4477413167,4
bf89b288-1f7a-48c0-bf65-5aa49d91ba5e,56,8620.78,CARD,DEPOSIT,IN,KNOWN-56,2026-05-26T00:12:26.453726,135384.6377413167,5
b014838b-8ca0-44d2-a8d5-898f2285cd1c,56,34487.559158673954,CARD,WITHDRAWAL,IN,KNOWN-56,2026-05-26T00:38:26.453726,144005.4177413167,6
7d8d2db4-e9ac-4e93-ba03-be702c644b35,56,16682.11,CARD,DEPOSIT,IN,KNOWN-56,2026-05-26T02:17:26.453726,178492.97689999064,7
08720ab8-542f-46c1-91a3-eddc59055754,56,22884.48,CARD,WITHDRAWAL,IN,KNOWN-56,2026-05-26T02:23:26.453726,195175.08689999062,8
4da01951-a476-412f-b2b5-ae1883a9c66c,56,19549.06,CARD,DEPOSIT,AE,KNOWN-56,2026-05-26T04:18:26.453726,218059.56689999063,9
118bc7de-2308-4e27-8ce9-4b85e2319e6e,56,10000.04,CARD,DEPOSIT,IN,KNOWN-56,2026-05-26T04:39:26.453726,237608.62689999063,10
38001375-ebd7-451b-8aaa-a2afdb3ab74c,56,24516.71,CARD,TRANSFER,SG,KNOWN-56,2026-05-26T06:16:26.453726,247608.66689999064,11
f3d344a3-e89c-47b8-861c-15599864b20b,56,21311.1,CARD,DEPOSIT,IN,DEV-3774ee,2026-05-26T07:22:26.453726,272125.37689999066,12
14fbae30-aaa1-4ec0-9fea-7e28f1c9d5c0,56,6128.34,CARD,TRANSFER,IN,KNOWN-56,2026-05-26T08:34:26.453726,293436.47689999064,13
37396fe6-7a3b-4f22-96cc-74aeb84808ed,56,9814.99,CARD,TRANSFER,IN,KNOWN-56,2026-05-26T09:24:26.453726,299564.81689999066,14
54062bf9-b24b-4d8c-b4b0-29fc14346292,56,63668.29725958601,CARD,DEPOSIT,AE,KNOWN-56,2026-05-26T10:55:26.453726,309379.80689999065,15
b9cc3e40-8249-4727-8da9-8cb910d3ab68,56,60003.711802093996,CARD,DEPOSIT,IN,KNOWN-56,2026-05-26T11:50:26.453726,373048.10415957664,16
b882a132-291c-4d22-80d1-6e9eb6786af4,56,16424.32,CARD,WITHDRAWAL,IN,KNOWN-56,2026-05-26T13:21:26.453726,433051.81596167065,17
c1d8b1f4-51f3-4401-a336-d1f8014b3bb7,56,20990.768569318963,NET_BANKING,DEPOSIT,IN,KNOWN-56,2026-05-26T14:17:26.453726,449476.13596167066,18
62759723-40a2-42c2-bc97-56fb1478d7da,56,7161.63,UPI,WITHDRAWAL,US,KNOWN-56,2026-05-26T15:33:26.453726,470466.90453098965,19
043ad321-babb-4d12-8bf8-eb3c2951b930,56,13617.84,CARD,TRANSFER,IN,KNOWN-56,2026-05-26T17:13:26.453726,477628.53453098965,20
20bd5c8a-97a7-4fa3-a8ff-c17e9da41786,56,17848.39,UPI,WITHDRAWAL,IN,KNOWN-56,2026-05-26T18:11:26.453726,491246.3745309897,21
4387cc06-41b0-431c-a24c-d35a0b7f2894,56,24645.01,CARD,TRANSFER,IN,KNOWN-56,2026-05-26T18:49:26.453726,442697.166789673,21
35c64f7b-e2e2-4945-b949-ff883aaaa70a,56,12226.25,CARD,WITHDRAWAL,IN,KNOWN-56,2026-05-26T19:17:26.453726,467342.176789673,22
a775a1f5-bc44-4435-9be8-51baba738c07,56,16331.86,CARD,WITHDRAWAL,IN,KNOWN-56,2026-05-26T21:05:26.453726,467390.626789673,22
5ec82ec7-c5cc-4080-9556-481684034989,56,21063.34,CARD,WITHDRAWAL,IN,KNOWN-56,2026-05-26T22:28:26.453726,483722.486789673,23
fdec47eb-070b-4c92-8510-31218eefc944,56,8694.18,CARD,DEPOSIT,IN,KNOWN-56,2026-05-26T23:45:26.453726,461477.776789673,22
ed0c586e-67af-49f7-a5ca-ea61a5069410,56,13761.36,CARD,DEPOSIT,IN,KNOWN-56,2026-05-27T00:53:26.453726,413562.42763099907,20
8faab850-65b1-4aa4-93fd-d865eeb25c10,56,16609.35,CARD,DEPOSIT,IN,DEV-15d2f6,2026-05-27T01:07:26.453726,427323.78763099905,21
4e0a1e79-6fa2-4cf5-b0a6-033d8885a523,56,13595.88,CARD,WITHDRAWAL,IN,DEV-cdd275,2026-05-27T02:18:26.453726,427251.02763099904,21
10a8ba85-2197-42e2-939a-5024000a01aa,56,19351.78,CARD,WITHDRAWAL,IN,KNOWN-56,2026-05-27T02:51:26.453726,417962.42763099895,21
cbff438a-7883-49db-af0a-3798a1071916,56,26611.25354124215,CARD,TRANSFER,US,DEV-b1f75a,2026-05-27T03:25:26.453726,437314.2076309989,22
717a1a4c-884e-4115-b5a6-e83726057b24,56,16840.31,CARD,WITHDRAWAL,IN,KNOWN-56,2026-05-27T04:17:26.453726,463925.4611722411,23
f87b2215-7d9f-497b-845d-992bc0ed5b73,56,19522.81,NET_BANKING,WITHDRAWAL,IN,KNOWN-56,2026-05-27T05:30:26.453726,451216.6711722411,22
e50d59a2-0f3e-474d-9402-8243430e86e4,56,63214.57134220816,CARD,DEPOSIT,IN,KNOWN-56,2026-05-27T06:00:26.453726,470739.4811722411,23
8ff1047c-0e53-4af7-a383-d329dd5ec1bf,56,89887.24668959311,CARD,TRANSFER,IN,KNOWN-56,2026-05-27T06:40:26.453726,509437.34251444926,23
ea37d510-ea5d-4851-90a1-9a9bb83d4a90,56,10516.8,CARD,TRANSFER,IN,DEV-e6b817,2026-05-27T07:53:26.453726,578013.4892040424,23
eafda79d-ca1a-416d-8bd7-314c43ed8660,56,39300.59492540578,CARD,WITHDRAWAL,IN,KNOWN-56,2026-05-27T09:00:26.453726,582401.9492040423,23
7dd3546e-588e-474f-9efb-0c05df517624,57,2796.32,NET_BANKING,DEPOSIT,IN,KNOWN-57,2026-05-25T17:46:26.453972,0,0
9d20f202-e75a-47db-82a2-87a8c628ac62,57,4202.1,CARD,DEPOSIT,IN,KNOWN-57,2026-05-25T19:15:26.453972,2796.32,1
b530d81e-6ebb-433b-87aa-c4fab9895640,57,2299.55,NET_BANKING,TRANSFER,IN,KNOWN-57,2026-05-25T19:35:26.453972,6998.42,2
f18406d0-e3f2-4545-b818-88c8b714d416,57,2902.69,NET_BANKING,TRANSFER,IN,KNOWN-57,2026-05-25T21:08:26.453972,9297.970000000001,3
21a3ebed-4e20-4440-9d66-45c7785730a2,57,1698.9,NET_BANKING,TRANSFER,IN,KNOWN-57,2026-05-25T21:55:26.453972,12200.660000000002,4
72e93242-8cc1-46c6-82d7-dc2551d70494,57,3208.18,NET_BANKING,WITHDRAWAL,AE,KNOWN-57,2026-05-25T22:05:26.453972,13899.560000000001,5
e866ff84-d9e8-471f-9dcd-1592fa1a2850,57,2060.41,NET_BANKING,WITHDRAWAL,IN,KNOWN-57,2026-05-25T23:25:26.453972,17107.74,6
752ba27c-d485-4979-8daf-34ca9d866e16,57,1791.34,NET_BANKING,DEPOSIT,IN,KNOWN-57,2026-05-26T01:06:26.453972,19168.15,7
f00393b7-b4cc-42e1-aae5-97a6b34672a1,57,1336.1,NET_BANKING,TRANSFER,IN,KNOWN-57,2026-05-26T02:55:26.453972,20959.49,8
b2d37260-f2df-4b9d-b1c5-f358bde816ca,57,2026.5,CARD,WITHDRAWAL,IN,KNOWN-57,2026-05-26T03:31:26.453972,22295.59,9
544e3321-af1a-4a58-933e-50088332269b,57,3547.95,NET_BANKING,TRANSFER,IN,KNOWN-57,2026-05-26T04:24:26.453972,24322.09,10
bc7eab52-ab1b-4f4a-8ed3-445ffd752227,57,4749.57,NET_BANKING,TRANSFER,IN,KNOWN-57,2026-05-26T04:50:26.453972,27870.04,11
e35aaf9e-63a4-4311-aa43-2726858c4818,57,1781.6,NET_BANKING,WITHDRAWAL,IN,KNOWN-57,2026-05-26T05:31:26.453972,32619.61,12
329d0242-c055-4c3c-81eb-f5f3d004965e,57,4401.5,UPI,WITHDRAWAL,IN,KNOWN-57,2026-05-26T07:25:26.453972,34401.21,13
be072354-977d-43d2-be75-de562bb6a28f,57,2031.87,NET_BANKING,WITHDRAWAL,AE,DEV-c3f62b,2026-05-26T08:17:26.453972,38802.71,14
ecd67d3f-2408-4475-a2bc-1fa8b887d71a,57,2367.67,NET_BANKING,WITHDRAWAL,IN,KNOWN-57,2026-05-26T09:21:26.453972,40834.58,15
2fef1f38-9b40-448a-80c7-f46864fd0dfc,57,3800.93,NET_BANKING,DEPOSIT,IN,KNOWN-57,2026-05-26T09:26:26.453972,43202.25,16
bd37ed9a-0406-48b2-9dda-a7a63b8328a4,57,3509.76,NET_BANKING,DEPOSIT,IN,KNOWN-57,2026-05-26T10:44:26.453972,47003.18,17
3c74b97d-754b-4a6b-9ac1-08ff63b1d398,57,3625.26,NET_BANKING,WITHDRAWAL,IN,DEV-b59985,2026-05-26T11:47:26.453972,50512.94,18
856db340-6afe-4071-ad76-ff80365bb6e0,57,2048.72,NET_BANKING,WITHDRAWAL,IN,KNOWN-57,2026-05-26T12:58:26.453972,54138.200000000004,19
933b57d9-184b-43ea-9517-7a0314a8ac55,57,4022.99,NET_BANKING,DEPOSIT,IN,KNOWN-57,2026-05-26T14:55:26.453972,56186.920000000006,20
945984ad-0797-4324-9439-b344ff78d25c,57,4814.51,NET_BANKING,TRANSFER,SG,KNOWN-57,2026-05-26T16:13:26.453972,60209.91,21
b8b57f3c-9676-46c8-a9e3-68091b421db9,57,1942.28,NET_BANKING,WITHDRAWAL,US,DEV-7508dc,2026-05-26T17:42:26.453972,65024.420000000006,22
cf8af3f9-5304-4e73-9a93-8049a6c2c7e6,57,4372.11,NET_BANKING,TRANSFER,IN,KNOWN-57,2026-05-26T18:45:26.453972,64170.380000000005,22
1c5e5a4d-a357-4fd1-ba4a-5e29cdfcae62,57,3158.21,NET_BANKING,WITHDRAWAL,IN,KNOWN-57,2026-05-26T20:20:26.453972,62040.840000000004,21
8541ae8f-4041-40e8-b4f7-4faf58515eee,57,2294.57,NET_BANKING,TRANSFER,IN,KNOWN-57,2026-05-26T21:45:26.453972,62296.36,21
a96c0858-0e40-4c39-9a9e-b18639eebba6,57,3529.44,NET_BANKING,WITHDRAWAL,IN,KNOWN-57,2026-05-26T23:15:26.453972,59683.85,20
49bb3d56-8701-467f-8cef-14ea2c15d76d,57,2596.15,NET_BANKING,TRANSFER,IN,KNOWN-57,2026-05-26T23:30:26.453972,61152.880000000005,20
c75e2b4f-f4de-4274-99e9-0eeb622d5cec,58,2255.01,NET_BANKING,DEPOSIT,IN,KNOWN-58,2026-05-25T18:27:26.454155,0,0
c74f5bf0-0a39-43a3-bede-bde744cea443,58,4358.61,NET_BANKING,DEPOSIT,IN,KNOWN-58,2026-05-25T18:33:26.454155,2255.01,1
77fef788-7659-4d13-95fd-01c84dbc59ec,58,1658.2,NET_BANKING,TRANSFER,IN,KNOWN-58,2026-05-25T20:06:26.454155,6613.62,2
bb8f2fdd-6ef0-40ef-bd65-bd33a346b663,58,2341.18,NET_BANKING,TRANSFER,IN,KNOWN-58,2026-05-25T20:53:26.454155,8271.82,3
c20cea4d-b83e-4d39-8079-f5fc54e6da68,58,1563.12,NET_BANKING,DEPOSIT,IN,KNOWN-58,2026-05-25T22:04:26.454155,10613.0,4
77a153f6-d09f-40fd-a6d3-a06a14e8ecb0,58,2069.32,NET_BANKING,WITHDRAWAL,IN,KNOWN-58,2026-05-25T23:01:26.454155,12176.119999999999,5
c20eb939-6793-4736-9be7-3254d939fa18,58,3032.81,CARD,WITHDRAWAL,SG,KNOWN-58,2026-05-26T00:47:26.454155,14245.439999999999,6
7f848a1a-32c0-4f66-88b7-170e83a2e70d,58,1900.9,NET_BANKING,WITHDRAWAL,IN,KNOWN-58,2026-05-26T01:38:26.454155,17278.25,7
b97bea2c-6fae-44f2-88d4-4ee9c67c4568,58,1252.37,UPI,DEPOSIT,IN,KNOWN-58,2026-05-26T03:14:26.454155,19179.15,8
0d66463b-a1b4-4e8e-ba53-632662697e9f,58,3826.96,UPI,DEPOSIT,IN,DEV-851097,2026-05-26T03:40:26.454155,20431.52,9
953515d2-5f9d-4e90-8bb0-c4848926c8cd,58,2494.08,NET_BANKING,TRANSFER,IN,KNOWN-58,2026-05-26T05:32:26.454155,24258.48,10
0cf398bb-efa5-4c6f-9253-590fa34eeaac,58,3244.75,CARD,DEPOSIT,IN,DEV-84d7b1,2026-05-26T06:28:26.454155,26752.559999999998,11
ab0d6223-bc6b-4898-a3b2-8b2355da51ea,58,4134.71,UPI,TRANSFER,IN,DEV-32fab9,2026-05-26T08:22:26.454155,29997.309999999998,12
91c06c3c-be65-404b-8167-d366558fc521,58,4036.57,NET_BANKING,WITHDRAWAL,IN,DEV-8ed1f6,2026-05-26T10:10:26.454155,34132.02,13
24d2b2e4-6998-4117-87e3-712b0c129464,58,4050.59,CARD,TRANSFER,IN,KNOWN-58,2026-05-26T11:28:26.454155,38168.59,14
fb0036f3-4b77-4cdc-bd05-b48fe1de9d57,58,3821.07,UPI,DEPOSIT,US,KNOWN-58,2026-05-26T11:41:26.454155,42219.17999999999,15
3e26c050-c341-4104-8a88-06a7e44b81c4,58,2410.39,UPI,WITHDRAWAL,IN,KNOWN-58,2026-05-26T12:08:26.454155,46040.24999999999,16
43395554-70ac-414f-86fd-937f46e849e3,58,3090.66,NET_BANKING,TRANSFER,IN,DEV-9174e3,2026-05-26T12:46:26.454155,48450.63999999999,17
a6196b69-8022-4d2f-9048-d4f789c6b226,58,1973.98,NET_BANKING,DEPOSIT,IN,KNOWN-58,2026-05-26T14:25:26.454155,51541.29999999999,18
66b9cd48-7f18-4205-978b-e684c6ad258e,58,3635.26,NET_BANKING,DEPOSIT,IN,DEV-de59a3,2026-05-26T14:53:26.454155,53515.27999999999,19
6eb2b0cc-55df-4072-8ac8-c02575deae0d,58,3676.1,NET_BANKING,TRANSFER,SG,KNOWN-58,2026-05-26T15:39:26.454155,57150.53999999999,20
6b656045-4d86-4aac-9b5a-0ef4239c2236,58,2675.93,CARD,WITHDRAWAL,IN,KNOWN-58,2026-05-26T16:39:26.454155,60826.63999999999,21
469ce7cc-3be6-40c9-8bbb-bc809f73b908,58,2460.66,UPI,DEPOSIT,AE,KNOWN-58,2026-05-26T16:45:26.454155,63502.56999999999,22
282b8909-c9e6-4dc9-a5e7-5fe83cf68ef3,58,4250.42,UPI,WITHDRAWAL,IN,DEV-9b706b,2026-05-26T17:54:26.454155,65963.23,23
b01061af-9562-4ae7-9fd6-31b5545bfa98,58,2093.96,NET_BANKING,DEPOSIT,IN,KNOWN-58,2026-05-26T19:54:26.454155,63600.03,22
2d802ead-dad0-4893-8872-069e0e875c2c,58,4632.54,NET_BANKING,DEPOSIT,IN,DEV-31f304,2026-05-26T20:54:26.454155,61694.61000000001,21
c585eaba-5f0c-4a20-8235-3429b885dab4,58,3987.77,UPI,WITHDRAWAL,IN,KNOWN-58,2026-05-26T21:13:26.454155,66327.15000000001,22
578e752f-09ef-4c86-ab5e-65288da4c6f3,58,3011.39,NET_BANKING,DEPOSIT,IN,KNOWN-58,2026-05-26T22:03:26.454155,70314.92000000001,23
4903d781-b54b-492d-a14e-a8b3617044ff,58,1163.06,UPI,WITHDRAWAL,IN,KNOWN-58,2026-05-26T22:32:26.454155,71763.19000000002,23
fe58dfac-3478-418f-9153-b608e9735801,58,3219.62,NET_BANKING,TRANSFER,IN,KNOWN-58,2026-05-26T22:38:26.454155,72926.25000000001,24
120b386a-0734-4eee-a7d6-831785d65ccf,59,36867.67,UPI,DEPOSIT,IN,KNOWN-59,2026-05-25T17:32:26.454360,0,0
7c91db4b-fa3a-4fd6-be5f-1064c881b2ed,59,42116.62,UPI,WITHDRAWAL,IN,KNOWN-59,2026-05-25T18:35:26.454360,36867.67,1
3d4ff581-daa8-4721-95f9-f9bc08874f2f,59,32802.53,UPI,DEPOSIT,IN,DEV-87ab06,2026-05-25T20:02:26.454360,78984.29000000001,2
a0da093c-96a6-4563-8ddf-44dd214aa182,59,35027.69,UPI,TRANSFER,IN,KNOWN-59,2026-05-25T21:35:26.454360,111786.82,3
d88c1e5c-90e0-4f5b-93bf-ab76ed5113a5,59,34078.42,UPI,WITHDRAWAL,IN,KNOWN-59,2026-05-25T23:26:26.454360,146814.51,4
c8a2509a-e96f-451e-b36b-83307a708035,59,24913.0,UPI,TRANSFER,IN,KNOWN-59,2026-05-26T00:43:26.454360,180892.93,5
ee0c3389-fb14-4ac0-b25c-0a7a3264efb7,59,21752.97,UPI,DEPOSIT,IN,DEV-398d83,2026-05-26T01:07:26.454360,205805.93,6
16e92611-3cfe-4695-a1f9-1d0a1bdec1c7,59,46126.34,NET_BANKING,TRANSFER,IN,KNOWN-59,2026-05-26T01:54:26.454360,227558.9,7
b56af08c-8243-4103-b39b-9e000793f15f,59,17556.18,UPI,TRANSFER,IN,KNOWN-59,2026-05-26T02:53:26.454360,273685.24,8
302b1cff-068b-4c51-81d7-9e9c1c2f4102,59,23557.31,CARD,TRANSFER,IN,KNOWN-59,2026-05-26T03:18:26.454360,291241.42,9
47c2c411-377d-4de9-b84a-bd8d50ef42d9,59,37246.66,UPI,WITHDRAWAL,IN,KNOWN-59,2026-05-26T04:53:26.454360,314798.73,10
e0d05814-9dd1-4494-8ae5-b351605edbdc,59,38809.12,UPI,DEPOSIT,IN,KNOWN-59,2026-05-26T06:15:26.454360,352045.39,11
4a77a250-374d-404d-bd3e-bb38a1a27325,59,22778.27,UPI,TRANSFER,IN,DEV-6b28f4,2026-05-26T08:07:26.454360,390854.51,12
14907c1e-fadf-4996-9c42-70c46d40d556,59,42765.26,UPI,DEPOSIT,IN,KNOWN-59,2026-05-26T09:01:26.454360,413632.78,13
5cda88cb-2d42-491d-9736-8b594f9668d6,59,10042.62,UPI,TRANSFER,IN,KNOWN-59,2026-05-26T10:42:26.454360,456398.04000000004,14
2b35e9c5-bcc7-4054-ba47-6735a9facb54,59,48738.67,UPI,DEPOSIT,IN,KNOWN-59,2026-05-26T11:50:26.454360,466440.66000000003,15
a3d47a56-f689-4b1f-b31d-d520aa90b116,59,12240.41,CARD,TRANSFER,IN,KNOWN-59,2026-05-26T13:22:26.454360,515179.33,16
f8997d38-8eea-4b4d-ac58-327d9984b04c,59,19846.99,NET_BANKING,DEPOSIT,IN,KNOWN-59,2026-05-26T14:31:26.454360,527419.74,17
790af0af-bad6-47d6-a222-75543fff5769,59,27949.38,UPI,TRANSFER,US,KNOWN-59,2026-05-26T16:04:26.454360,547266.73,18
9b8d34ab-eaf3-49a8-818b-841365f0f0d4,59,20020.71,UPI,WITHDRAWAL,IN,KNOWN-59,2026-05-26T16:51:26.454360,575216.11,19
72c92ff8-c310-4332-b8e3-eef581f27d0c,59,15784.84,UPI,WITHDRAWAL,IN,KNOWN-59,2026-05-26T17:32:26.454360,595236.82,20
0d848de7-3416-4dd9-94af-54f5f8b97147,59,28399.58,UPI,WITHDRAWAL,IN,KNOWN-59,2026-05-26T19:32:26.454360,532037.37,19
bac489cd-bd4e-4149-ab6a-560133126166,59,17458.73,UPI,TRANSFER,IN,KNOWN-59,2026-05-26T19:53:26.454360,560436.95,20
04739e2a-cce0-467f-908d-65b172491699,59,23810.3,CARD,TRANSFER,IN,KNOWN-59,2026-05-26T20:29:26.454360,545093.15,20
81191e11-acd6-45ae-a374-4b2d86263a5a,59,21868.97,UPI,DEPOSIT,SG,KNOWN-59,2026-05-26T21:13:26.454360,568903.4500000001,21
a0a47e98-b3b0-4040-bcce-b911a59a1860,60,10971.48,NET_BANKING,WITHDRAWAL,IN,KNOWN-60,2026-05-25T17:32:26.454525,0,0
3f2024b7-abd7-41e9-99b8-d682108fbadc,60,9570.38,NET_BANKING,DEPOSIT,IN,KNOWN-60,2026-05-25T17:49:26.454525,10971.48,1
5b2175cb-fef1-463e-87df-45147a744aa1,60,3643.14,NET_BANKING,DEPOSIT,IN,DEV-2b428d,2026-05-25T18:15:26.454525,20541.86,2
cc24a8e0-f554-4158-bfb3-c3d33bae1d28,60,9978.51,NET_BANKING,DEPOSIT,IN,KNOWN-60,2026-05-25T18:37:26.454525,24185.0,3
b8d12637-013e-41d6-896e-93674753ef94,60,11936.1,NET_BANKING,TRANSFER,AE,KNOWN-60,2026-05-25T20:11:26.454525,34163.51,4
33d93e7a-bdc5-4cfe-979c-31beab4842da,60,10739.74,UPI,WITHDRAWAL,IN,KNOWN-60,2026-05-25T21:01:26.454525,46099.61,5
aa53d109-f783-428d-8343-00aca75bf729,60,5190.94,NET_BANKING,WITHDRAWAL,IN,KNOWN-60,2026-05-25T21:58:26.454525,56839.35,6
fd7f212f-26d8-4b61-bdaf-14ecc2c54dc0,60,7012.43,NET_BANKING,WITHDRAWAL,IN,KNOWN-60,2026-05-25T22:33:26.454525,62030.29,7
7d82c9a7-9246-4959-a4f5-4beb1b093626,60,11410.06,NET_BANKING,DEPOSIT,IN,KNOWN-60,2026-05-25T23:43:26.454525,69042.72,8
5900969b-ca64-4af5-80f7-d2771c41d58d,60,5201.81,NET_BANKING,TRANSFER,IN,KNOWN-60,2026-05-26T00:03:26.454525,80452.78,9
561e836a-56b3-4e5c-8889-1bfb84be5754,60,11465.15,NET_BANKING,DEPOSIT,IN,DEV-9e233a,2026-05-26T01:06:26.454525,85654.59,10
e0477794-9a8b-493f-8a66-b85d4f23d12d,60,7884.23,NET_BANKING,DEPOSIT,IN,KNOWN-60,2026-05-26T02:06:26.454525,97119.73999999999,11
98fa411c-0f70-480a-afee-880b1e904f4e,60,8892.66,NET_BANKING,WITHDRAWAL,IN,DEV-b86d4f,2026-05-26T02:13:26.454525,105003.96999999999,12
cb273af6-0f15-421f-a2e5-64f9565b668f,60,5462.83,UPI,DEPOSIT,IN,KNOWN-60,2026-05-26T02:37:26.454525,113896.62999999999,13
98648315-978f-43df-bba8-27c569ef3c72,60,6565.99,NET_BANKING,TRANSFER,IN,KNOWN-60,2026-05-26T02:56:26.454525,119359.45999999999,14
dcf2ce7a-8d8e-4078-9692-701e4f822f5e,60,10965.87,NET_BANKING,TRANSFER,IN,KNOWN-60,2026-05-26T04:33:26.454525,125925.45,15
37c66aa7-9b2c-4974-be54-861adb8c60cc,60,12012.9,NET_BANKING,WITHDRAWAL,US,KNOWN-60,2026-05-26T05:23:26.454525,136891.32,16
2302b748-d58d-483c-9acb-9968701b221e,60,4256.9,NET_BANKING,TRANSFER,IN,DEV-3702f6,2026-05-26T06:01:26.454525,148904.22,17
91eaa755-5c44-461a-ac03-84165f5b30e3,60,9249.6,NET_BANKING,DEPOSIT,IN,KNOWN-60,2026-05-26T07:26:26.454525,153161.12,18
904f04f0-8875-4c24-8460-2b6559801e45,60,6165.57,NET_BANKING,WITHDRAWAL,IN,KNOWN-60,2026-05-26T09:21:26.454525,162410.72,19
74df2c29-9087-4e19-b48c-c2ed4c7627b9,60,3468.28,NET_BANKING,WITHDRAWAL,IN,KNOWN-60,2026-05-26T09:39:26.454525,168576.29,20
b2af8119-50e0-4d1f-be98-36ff60d566d7,60,7359.12,NET_BANKING,WITHDRAWAL,IN,DEV-029efb,2026-05-26T10:06:26.454525,172044.57,21
481d65ef-9a37-457b-b720-57d0b6175464,60,9068.53,CARD,TRANSFER,IN,KNOWN-60,2026-05-26T11:42:26.454525,179403.69,22
dae9f881-b4c8-4f80-9951-aacbea36718a,60,4631.07,NET_BANKING,WITHDRAWAL,IN,KNOWN-60,2026-05-26T12:54:26.454525,188472.22,23
fcb41dee-fd73-499f-baff-847d896c39e4,60,12084.21,NET_BANKING,WITHDRAWAL,IN,DEV-71760c,2026-05-26T14:42:26.454525,193103.29,24
57178791-05c3-49c7-99fc-a371b3bc129e,60,7523.59,CARD,WITHDRAWAL,IN,KNOWN-60,2026-05-26T16:20:26.454525,205187.5,25
e71d31e9-f46e-4522-af19-2f8ee4f79a3a,60,4681.0,NET_BANKING,WITHDRAWAL,IN,KNOWN-60,2026-05-26T17:28:26.454525,212711.09,26
a6642e12-6980-40f5-a744-ad7be4ca6925,60,11662.63,NET_BANKING,TRANSFER,IN,KNOWN-60,2026-05-26T18:27:26.454525,193207.08999999997,24
03bd167b-f053-493a-8514-c08a0336d26d,61,1134.1,UPI,TRANSFER,US,DEV-748417,2026-05-25T17:46:26.454713,0,0
83f18f20-4280-4372-8c71-135f5bcc9020,61,4610.75,CARD,WITHDRAWAL,IN,KNOWN-61,2026-05-25T18:57:26.454713,1134.1,1
5fd37560-84b6-42cc-b083-8d85cf30f599,61,4399.25,UPI,DEPOSIT,SG,KNOWN-61,2026-05-25T20:53:26.454713,5744.85,2
31ecc0b6-10a1-4e34-a65c-2a7ea55e4ee4,61,2400.26,UPI,TRANSFER,IN,DEV-88925b,2026-05-25T21:57:26.454713,10144.1,3
505f608f-c9ec-488d-84a3-7f4e64a38cfb,61,3264.15,UPI,TRANSFER,IN,KNOWN-61,2026-05-25T22:23:26.454713,12544.36,4
6477fb85-de09-4f59-8bb5-16f37c7643ef,61,1953.8,UPI,DEPOSIT,IN,KNOWN-61,2026-05-25T23:31:26.454713,15808.51,5
fa6a0fef-ed04-4cd1-9767-5c346fa26100,61,1317.97,UPI,DEPOSIT,AE,KNOWN-61,2026-05-26T01:01:26.454713,17762.31,6
b297f7fa-9dc6-4029-ae1b-3f0fda5d59a2,61,4050.32,UPI,TRANSFER,US,KNOWN-61,2026-05-26T01:12:26.454713,19080.280000000002,7
9a67b1a9-a0ff-4482-aae8-5fad7458e58d,61,3002.19,UPI,TRANSFER,IN,KNOWN-61,2026-05-26T02:05:26.454713,23130.600000000002,8
a128e133-59b7-46e6-89ba-ea8cbd5c1125,61,2835.32,UPI,WITHDRAWAL,IN,DEV-3e83a2,2026-05-26T03:10:26.454713,26132.79,9
f1239424-e3bf-4161-9505-8f6d97bef44f,61,2456.47,UPI,TRANSFER,IN,KNOWN-61,2026-05-26T03:35:26.454713,28968.11,10
e71bccba-a7dd-4054-bb4f-0e7af08cc8a8,61,3628.27,UPI,DEPOSIT,IN,KNOWN-61,2026-05-26T04:41:26.454713,31424.58,11
824a27a3-66be-41c3-90c5-278cf3622db5,61,3102.97,UPI,DEPOSIT,IN,KNOWN-61,2026-05-26T06:41:26.454713,35052.85,12
d210c8a7-0a96-46ed-8bf4-146ec4cc83af,61,3246.84,UPI,DEPOSIT,IN,KNOWN-61,2026-05-26T07:38:26.454713,38155.82,13
949f6b2d-4b69-4da5-a6b8-63575008fb64,61,2264.78,UPI,DEPOSIT,IN,KNOWN-61,2026-05-26T07:48:26.454713,41402.66,14
81819574-e482-4290-9920-d1645cc6b78c,61,2936.27,NET_BANKING,TRANSFER,IN,KNOWN-61,2026-05-26T08:49:26.454713,43667.44,15
26c0023d-80c4-4c57-88c9-c76a1fa1e9c7,61,4521.67,UPI,DEPOSIT,IN,KNOWN-61,2026-05-26T10:19:26.454713,46603.71,16
8271cf8d-6d4c-45e2-b78c-927b4a346c09,61,2168.15,CARD,DEPOSIT,AE,DEV-9dd47b,2026-05-26T11:40:26.454713,51125.38,17
82633313-b8d6-4cd3-aff9-bbb1d57f9051,61,3440.45,UPI,TRANSFER,IN,DEV-b68fc0,2026-05-26T12:59:26.454713,53293.53,18
a70306ae-d613-4ba4-bba2-0073013049aa,61,4112.03,UPI,TRANSFER,IN,KNOWN-61,2026-05-26T14:51:26.454713,56733.979999999996,19
0ad22580-b371-423a-b61a-68905280ad2c,61,3991.59,UPI,DEPOSIT,IN,DEV-fbe4ed,2026-05-26T16:09:26.454713,60846.009999999995,20
5ea75a29-c828-40aa-9f39-986448740cf8,61,4385.07,UPI,TRANSFER,IN,KNOWN-61,2026-05-26T17:27:26.454713,64837.59999999999,21
203a245f-e953-49da-94db-adb90368284b,61,2293.46,CARD,WITHDRAWAL,AE,KNOWN-61,2026-05-26T18:21:26.454713,68088.56999999998,21
bdd257d9-b92b-46f3-90a8-bbc72a530e8d,61,4220.44,UPI,WITHDRAWAL,IN,KNOWN-61,2026-05-26T20:09:26.454713,65771.27999999998,21
1d848971-3e11-4553-8ed8-7205f232113d,61,3939.84,NET_BANKING,WITHDRAWAL,IN,KNOWN-61,2026-05-26T21:58:26.454713,63192.20999999999,20
4da2ba86-d1f9-46d2-8c90-7c3a0cd322f6,61,2070.25,UPI,WITHDRAWAL,IN,KNOWN-61,2026-05-26T23:39:26.454713,61914.09999999999,19
71853cf8-7a55-4ac9-b09f-ed7e20929cdc,61,3648.51,NET_BANKING,TRANSFER,SG,KNOWN-61,2026-05-27T00:02:26.454713,63984.34999999999,20
ac64d641-a29d-4b52-91ba-cf3bfa71f509,61,3522.51,NET_BANKING,WITHDRAWAL,IN,KNOWN-61,2026-05-27T01:01:26.454713,67632.85999999999,21
46174b11-608e-4bd1-98f0-5401c364ad01,62,26297.68,CARD,WITHDRAWAL,US,KNOWN-62,2026-05-25T17:31:26.454903,0,0
aa0502d3-23a7-4e78-a8b7-d6d3c18b9b7e,62,32017.26,CARD,WITHDRAWAL,IN,KNOWN-62,2026-05-25T18:32:26.454903,26297.68,1
7e42c546-2d56-467b-91e0-d1d8f44ce64c,62,10146.78,CARD,WITHDRAWAL,IN,KNOWN-62,2026-05-25T20:12:26.454903,58314.94,2
ee396d24-ed1b-413d-b2f9-def9264f2f41,62,34127.12,CARD,TRANSFER,IN,KNOWN-62,2026-05-25T21:55:26.454903,68461.72,3
8e340d59-580a-4eb6-88cf-4bd89026cb97,62,14656.82,CARD,DEPOSIT,IN,KNOWN-62,2026-05-25T22:12:26.454903,102588.84,4
cacc7cb2-0525-40c0-9629-1f222163959f,62,42904.62,CARD,WITHDRAWAL,IN,DEV-9cc365,2026-05-25T23:25:26.454903,117245.66,5
9a288b99-cace-4669-9d88-4f9fb6ccf8b7,62,36225.45,UPI,DEPOSIT,IN,KNOWN-62,2026-05-25T23:49:26.454903,160150.28,6
c6234b06-d788-48e8-a779-089fb2cb4833,62,34213.6,CARD,TRANSFER,IN,KNOWN-62,2026-05-26T00:33:26.454903,196375.72999999998,7
e7500a81-ee56-4e0a-842e-cd585eb99002,62,33261.76,CARD,TRANSFER,IN,KNOWN-62,2026-05-26T01:51:26.454903,230589.33,8
17dfc684-4703-40f4-8ab4-8415610b523a,62,11869.44,CARD,DEPOSIT,IN,KNOWN-62,2026-05-26T02:50:26.454903,263851.08999999997,9
b91e684e-edc4-4c35-a6ae-a7905280ba80,62,34067.46,CARD,WITHDRAWAL,IN,KNOWN-62,2026-05-26T03:37:26.454903,275720.52999999997,10
0befb94c-03aa-4197-bd38-d6a86ecdd96a,62,40332.9,CARD,TRANSFER,IN,KNOWN-62,2026-05-26T04:20:26.454903,309787.99,11
20551d5b-a728-4f17-a14b-81f26d7d6ce5,62,30425.71,CARD,DEPOSIT,IN,KNOWN-62,2026-05-26T06:13:26.454903,350120.89,12
bde88f5f-4f72-47e3-aa59-b9c94b9c1131,62,16249.7,CARD,WITHDRAWAL,IN,KNOWN-62,2026-05-26T07:39:26.454903,380546.60000000003,13
b04fe2c8-50b6-4516-8ff3-dbb66e2133cd,62,12570.5,CARD,DEPOSIT,IN,KNOWN-62,2026-05-26T07:58:26.454903,396796.30000000005,14
e2a967c3-ebb7-4a13-91f2-8a7690167bbc,62,46699.18,CARD,DEPOSIT,US,KNOWN-62,2026-05-26T08:43:26.454903,409366.80000000005,15
973ecfdb-0f0d-41f5-822c-f1557badb7a1,62,45166.49,NET_BANKING,TRANSFER,IN,KNOWN-62,2026-05-26T10:19:26.454903,456065.98000000004,16
eeefff25-e399-4227-9935-9f57a8e2f796,62,10783.77,CARD,DEPOSIT,IN,KNOWN-62,2026-05-26T11:48:26.454903,501232.47000000003,17
368ed1e5-a8de-4cd8-a008-557345f999cc,62,18625.89,CARD,TRANSFER,IN,KNOWN-62,2026-05-26T13:02:26.454903,512016.24000000005,18
27609a4a-33eb-43fd-9785-3fe7de3afe03,62,25294.23,CARD,WITHDRAWAL,IN,KNOWN-62,2026-05-26T14:14:26.454903,530642.13,19
aa4fe16b-020d-4881-91f3-a90fdc921e31,62,30541.24,CARD,TRANSFER,US,KNOWN-62,2026-05-26T15:12:26.454903,555936.36,20
69a67f3d-56b8-432b-a148-fb514d5667b0,62,24369.15,CARD,TRANSFER,IN,KNOWN-62,2026-05-26T16:52:26.454903,586477.6,21
b2037250-bb8c-4262-bdfe-eaa82b0ea64d,62,13225.56,CARD,TRANSFER,IN,KNOWN-62,2026-05-26T17:33:26.454903,584549.0700000001,21
7d4d5237-151a-416d-a27c-933f018b6cd5,62,49170.72,NET_BANKING,DEPOSIT,IN,KNOWN-62,2026-05-26T18:05:26.454903,597774.6300000001,22
8c5870ae-69d1-48e2-b8ef-2a75321c3f49,62,22779.75,CARD,TRANSFER,IN,KNOWN-62,2026-05-26T19:01:26.454903,614928.0900000001,22
8620aad7-cf8b-472b-a7b4-f3f94e8dd1b3,62,19112.64,NET_BANKING,WITHDRAWAL,IN,DEV-c8976d,2026-05-26T19:17:26.454903,637707.8400000001,23
b9aed60c-084b-4c06-b118-f63794f39548,62,48193.99,CARD,DEPOSIT,IN,KNOWN-62,2026-05-26T19:46:26.454903,656820.4800000001,24
726ce4c0-6fbc-4c21-9cac-7ce6edcb06e3,62,14992.9,NET_BANKING,WITHDRAWAL,IN,KNOWN-62,2026-05-26T21:12:26.454903,694867.6900000001,24
1bf2fd8f-5bca-477d-bf7b-67d7b1b62cf3,62,28279.66,CARD,WITHDRAWAL,IN,DEV-a5b8f7,2026-05-26T22:23:26.454903,661076.65,23
1eeb1056-09dc-4fc3-a230-844e6f9c6908,62,14288.86,CARD,TRANSFER,SG,KNOWN-62,2026-05-26T22:55:26.454903,689356.31,24
ffac3e23-6600-4e1a-a558-fa9686d4ea23,62,22985.55,CARD,WITHDRAWAL,IN,KNOWN-62,2026-05-27T00:37:26.454903,590301.5000000001,22
15892ab9-b7da-4861-953e-29b4ae48c0a2,62,12352.41,CARD,TRANSFER,IN,KNOWN-62,2026-05-27T02:11:26.454903,580025.29,22
0efa41f8-c13d-464d-89b2-e73af9e75463,62,25178.95,CARD,WITHDRAWAL,IN,KNOWN-62,2026-05-27T03:35:26.454903,580508.2600000001,22
6232faab-80bc-407f-8760-9f22dc4edb19,62,17430.19,CARD,TRANSFER,IN,KNOWN-62,2026-05-27T04:20:26.454903,571619.75,22
373c1a91-f757-4513-a247-42c15de24f47,62,36653.22,CARD,TRANSFER,IN,KNOWN-62,2026-05-27T05:56:26.454903,548717.0399999999,22
1ce826fa-0090-43dd-a21d-959ca5d024c7,63,14335.13,UPI,WITHDRAWAL,IN,KNOWN-63,2026-05-25T18:42:26.455123,0,0
d51a394c-b1f5-4834-9e8f-200e89833fc8,63,19314.12,UPI,TRANSFER,IN,KNOWN-63,2026-05-25T20:06:26.455123,14335.13,1
0db1c3c2-4d86-4ca6-b74e-34415b058fda,63,8097.18,UPI,DEPOSIT,IN,KNOWN-63,2026-05-25T20:50:26.455123,33649.25,2
ef1f5f05-ca2f-4b3c-8523-918cbc4e70d9,63,18235.424019138878,UPI,WITHDRAWAL,IN,KNOWN-63,2026-05-25T21:35:26.455123,41746.43,3
bebed197-b1dc-4127-ae4c-e3fb58c3db2e,63,21388.06,UPI,WITHDRAWAL,IN,KNOWN-63,2026-05-25T21:48:26.455123,59981.854019138875,4
ce5de974-f9f6-44f6-bce7-6fedb33cc8f3,63,20077.620852660646,UPI,TRANSFER,IN,KNOWN-63,2026-05-25T22:18:26.455123,81369.91401913887,5
60ff17f1-bfd9-48ce-a39f-0433b7b23921,63,13864.18,UPI,WITHDRAWAL,AE,DEV-b9b6d2,2026-05-26T00:06:26.455123,101447.53487179952,6
a2b88535-758f-4358-a2ad-fef931d4825c,63,10901.33,UPI,TRANSFER,IN,KNOWN-63,2026-05-26T01:14:26.455123,115311.71487179952,7
4a14380f-eac0-4b5a-bedc-af033c6ffe82,63,14650.49,CARD,TRANSFER,IN,KNOWN-63,2026-05-26T01:46:26.455123,126213.04487179952,8
3561f0db-0d04-4d62-903b-a6e114281d44,63,5654.63,NET_BANKING,TRANSFER,IN,KNOWN-63,2026-05-26T03:16:26.455123,140863.53487179952,9
10273393-f0a3-4b98-9744-f438ea40443f,63,15526.51,UPI,WITHDRAWAL,IN,KNOWN-63,2026-05-26T04:53:26.455123,146518.16487179953,10
5b041ec8-445a-476a-abe3-2084ff05ca61,63,5555.29,NET_BANKING,DEPOSIT,IN,DEV-1136a9,2026-05-26T05:04:26.455123,162044.67487179954,11
320c9f80-75c5-41e3-9808-10fdf651b1c7,63,59749.8691205745,NET_BANKING,TRANSFER,IN,KNOWN-63,2026-05-26T05:09:26.455123,167599.96487179954,12
b5d2dd2a-6b3d-4a95-b219-0f23263dae58,63,8009.02,UPI,TRANSFER,IN,KNOWN-63,2026-05-26T05:28:26.455123,227349.83399237404,13
0c00525d-f183-4b80-8c69-f82121168597,63,16016.91,UPI,WITHDRAWAL,US,KNOWN-63,2026-05-26T06:24:26.455123,235358.85399237403,14
a8153e1c-2818-4d91-82ca-87ffa0e6bf88,63,21817.51,UPI,DEPOSIT,IN,KNOWN-63,2026-05-26T08:00:26.455123,251375.76399237404,15
ce2c998a-98d9-4635-8792-5413b34c2169,64,6992.643655028374,UPI,WITHDRAWAL,IN,KNOWN-64,2026-05-25T18:08:26.455216,0,0
98393135-5f35-4ff0-afc1-11a27a5cabc5,64,3199.34,NET_BANKING,DEPOSIT,IN,KNOWN-64,2026-05-25T19:07:26.455216,6992.643655028374,1
bf872e6c-5aeb-4024-a69f-f97fa5e712da,64,2736.05,CARD,DEPOSIT,IN,KNOWN-64,2026-05-25T19:42:26.455216,10191.983655028374,2
317dbe78-8984-4163-bf08-9ee1f8fe85f1,64,4057.1,CARD,WITHDRAWAL,IN,KNOWN-64,2026-05-25T21:35:26.455216,12928.033655028376,3
66ca4d13-d34d-4c84-ad1f-0932cd1b6c73,64,1612.42,NET_BANKING,TRANSFER,IN,DEV-79f97b,2026-05-25T22:33:26.455216,16985.133655028374,4
f88eb142-54ce-4bd6-ad60-2f9b838c67e1,64,4612.87,NET_BANKING,WITHDRAWAL,IN,KNOWN-64,2026-05-26T00:26:26.455216,18597.553655028372,5
4713d89c-5caf-4b3d-9fac-6ba92f262732,64,2934.471626812672,NET_BANKING,DEPOSIT,SG,KNOWN-64,2026-05-26T01:49:26.455216,23210.42365502837,6
dff8b003-e9c9-48a1-9679-815e188c04c1,64,2346.15,NET_BANKING,DEPOSIT,IN,KNOWN-64,2026-05-26T02:12:26.455216,26144.895281841043,7
c5142c2f-8c9f-4135-b311-439f1f27feb6,64,1675.72,NET_BANKING,TRANSFER,IN,KNOWN-64,2026-05-26T03:13:26.455216,28491.045281841045,8
68a2a105-d240-43d5-82f8-3f750b9f7a00,64,14370.39669295277,NET_BANKING,TRANSFER,SG,DEV-4dd608,2026-05-26T04:03:26.455216,30166.765281841046,9
411096a1-1d55-48ea-88ba-f5ec91057ea7,64,1069.38,NET_BANKING,DEPOSIT,SG,KNOWN-64,2026-05-26T05:44:26.455216,44537.16197479382,10
ebb268d1-3bd2-43f6-baf8-8a8420bdb61e,64,2494.91,NET_BANKING,WITHDRAWAL,IN,KNOWN-64,2026-05-26T07:05:26.455216,45606.541974793814,11
b7ca0ee7-5a4d-4440-81c1-4f6fed960f72,64,1868.94,UPI,DEPOSIT,IN,KNOWN-64,2026-05-26T07:56:26.455216,48101.45197479382,12
d781437e-598b-4935-bd33-4e12c9fcb727,64,2868.46,UPI,WITHDRAWAL,US,DEV-9b4526,2026-05-26T09:36:26.455216,49970.39197479382,13
698a4a2f-652c-441f-aaca-d04627532b31,64,9065.937151221344,NET_BANKING,TRANSFER,IN,KNOWN-64,2026-05-26T10:52:26.455216,52838.85197479382,14
7decb08b-f4e0-4626-8173-1e2e3580a8b6,64,2232.39,NET_BANKING,DEPOSIT,IN,KNOWN-64,2026-05-26T11:08:26.455216,61904.78912601517,15
b296756f-60ae-462a-9489-6391fcab192f,64,4444.7,NET_BANKING,WITHDRAWAL,IN,KNOWN-64,2026-05-26T13:02:26.455216,64137.179126015166,16
be6f554f-ab14-4159-a401-0d4cbf49a94c,64,3948.29,NET_BANKING,DEPOSIT,IN,KNOWN-64,2026-05-26T14:47:26.455216,68581.87912601516,17
82f6c021-62b9-4c80-a79b-d1f4cead01e2,64,1093.61,NET_BANKING,TRANSFER,US,KNOWN-64,2026-05-26T16:12:26.455216,72530.16912601516,18
7a32716d-f300-4a16-97f6-62ce43640cd6,65,10252.18,NET_BANKING,DEPOSIT,IN,KNOWN-65,2026-05-25T18:30:26.455329,0,0
f74a5f31-765a-4f60-8404-6a93189c5012,65,12174.61,UPI,TRANSFER,IN,KNOWN-65,2026-05-25T19:22:26.455329,10252.18,1
611e1132-a323-4a13-9b6e-bcb6e8cbc215,65,5428.48,UPI,DEPOSIT,IN,KNOWN-65,2026-05-25T20:30:26.455329,22426.79,2
4a5a1a02-2b52-41b8-bce2-087ea8f10cdb,65,6506.036354625702,UPI,TRANSFER,IN,DEV-5b8b4b,2026-05-25T21:32:26.455329,27855.27,3
0b2e9c73-b088-4bed-81e7-82b0a57c55f4,65,7161.92,NET_BANKING,TRANSFER,IN,DEV-685f5d,2026-05-25T23:11:26.455329,34361.3063546257,4
17545720-405c-425e-bd89-73fdf2ef1afe,65,5281.27,UPI,DEPOSIT,IN,KNOWN-65,2026-05-26T01:10:26.455329,41523.2263546257,5
ec423dd3-46ac-44c1-9d2a-2a3c042c775a,65,4714.12,UPI,DEPOSIT,IN,DEV-bdf64d,2026-05-26T02:42:26.455329,46804.496354625706,6
0408fe67-d6bc-4d8a-9c1a-b17f89f85170,65,8399.12,UPI,WITHDRAWAL,IN,KNOWN-65,2026-05-26T03:44:26.455329,51518.61635462571,7
c490ba89-043e-4858-9c9c-bbeecdec04e5,65,6599.57,UPI,DEPOSIT,SG,KNOWN-65,2026-05-26T04:34:26.455329,59917.73635462571,8
ff57d990-46f6-43dd-8e6e-a5b9909ad93f,65,3160.05,UPI,WITHDRAWAL,IN,KNOWN-65,2026-05-26T06:09:26.455329,66517.3063546257,9
30f5f1b9-bb5a-4fc4-99f9-625e57318bef,65,8511.14,UPI,WITHDRAWAL,IN,KNOWN-65,2026-05-26T07:18:26.455329,69677.3563546257,10
9f48b926-a976-4e86-84fa-a76438a5c432,65,7383.28,UPI,TRANSFER,IN,KNOWN-65,2026-05-26T07:48:26.455329,78188.4963546257,11
0f1a2d44-f4a6-4c4f-9007-b42b66cbd24d,65,2703.42,UPI,WITHDRAWAL,IN,KNOWN-65,2026-05-26T09:34:26.455329,85571.7763546257,12
e61dbec5-bf3a-4725-a65a-42b71217c430,65,5418.06,CARD,TRANSFER,IN,DEV-d86e6e,2026-05-26T10:33:26.455329,88275.1963546257,13
e3276a30-5fdb-4025-8601-a25adb76d378,65,7033.27,UPI,WITHDRAWAL,IN,KNOWN-65,2026-05-26T10:40:26.455329,93693.2563546257,14
4b258910-ba6f-401e-89a8-a5753920f1e1,65,10841.07,UPI,WITHDRAWAL,IN,KNOWN-65,2026-05-26T12:05:26.455329,100726.5263546257,15
ec6316b6-bb96-4409-8892-8f17df8badd2,65,3345.63,UPI,DEPOSIT,IN,KNOWN-65,2026-05-26T13:00:26.455329,111567.59635462571,16
c962324e-0abc-4ddb-bf4e-117a4c52dabb,65,17755.389675682396,UPI,TRANSFER,IN,KNOWN-65,2026-05-26T14:16:26.455329,114913.22635462572,17
04b5a70d-1097-404e-98cf-e570c20ff2b5,65,7024.109768444101,UPI,DEPOSIT,SG,KNOWN-65,2026-05-26T14:54:26.455329,132668.61603030813,18
173bdb9b-e90e-419d-bae3-840bf4a8e6db,65,4316.27,UPI,WITHDRAWAL,IN,KNOWN-65,2026-05-26T16:29:26.455329,139692.72579875222,19
2144605d-f5b6-4f1f-92d7-26a0e971517a,65,5204.21,NET_BANKING,TRANSFER,SG,DEV-23a324,2026-05-26T17:56:26.455329,144008.9957987522,20
48d7aeed-4a05-4880-ba48-56895250dfdf,65,9355.07,UPI,WITHDRAWAL,US,KNOWN-65,2026-05-26T18:38:26.455329,138961.0257987522,20
ec1e09c7-90d2-4f4a-b5f9-29aed8a28a2c,65,10487.614445996676,UPI,TRANSFER,IN,DEV-87d121,2026-05-26T19:20:26.455329,148316.0957987522,21
841fc1db-0479-4823-b445-67ab85edcb54,65,9892.12,UPI,TRANSFER,IN,DEV-3355fa,2026-05-26T20:28:26.455329,146629.1002447489,21
526dad68-6643-4252-9b39-2f02ffbf7576,65,8419.48,UPI,TRANSFER,IN,KNOWN-65,2026-05-26T21:12:26.455329,151092.7402447489,21
769f7187-7022-45b9-8a02-69f191325545,65,12456.95,UPI,DEPOSIT,SG,KNOWN-65,2026-05-26T21:32:26.455329,159512.2202447489,22
3852906b-bb95-47b7-9621-c9dac4ef22b6,65,7278.06,UPI,TRANSFER,IN,KNOWN-65,2026-05-26T21:39:26.455329,165463.13389012322,22
3c6a729c-8546-41a0-95a0-0ed5c87681c4,66,17645.43,CARD,TRANSFER,IN,KNOWN-66,2026-05-25T17:26:26.455496,0,0
5c340cef-d2d9-4ea8-a30b-0121bf691150,66,18349.46,UPI,WITHDRAWAL,IN,KNOWN-66,2026-05-25T17:59:26.455496,17645.43,1
3bc776d6-4890-42cb-8e05-9fadf357b4dc,66,5889.09,UPI,DEPOSIT,IN,KNOWN-66,2026-05-25T19:28:26.455496,35994.89,2
94942f63-42f1-4eea-a3f4-9052b2122ccb,66,15566.33,CARD,DEPOSIT,SG,KNOWN-66,2026-05-25T21:07:26.455496,41883.979999999996,3
94f37682-d25b-4406-aa36-132d5805f956,66,23006.89,UPI,DEPOSIT,IN,KNOWN-66,2026-05-25T21:45:26.455496,57450.31,4
7f6bbc1b-a7d8-47a6-bdfa-16e81bf8bd7d,66,16398.46,UPI,TRANSFER,IN,KNOWN-66,2026-05-25T23:17:26.455496,80457.2,5
19300d7e-ddba-497f-8d2c-46e04ba9e96d,66,23387.63,CARD,TRANSFER,IN,KNOWN-66,2026-05-25T23:49:26.455496,96855.66,6
cb377b4e-69c3-4563-9cb7-29771f4847a2,66,18600.69,CARD,DEPOSIT,SG,KNOWN-66,2026-05-26T00:39:26.455496,120243.29000000001,7
783d2027-f08b-4a0f-b44c-0378fec40bbe,66,23252.99,UPI,TRANSFER,IN,KNOWN-66,2026-05-26T01:32:26.455496,138843.98,8
91ef426e-1f49-4c80-ac2e-7fb7ff9ff440,66,10090.33,UPI,WITHDRAWAL,IN,KNOWN-66,2026-05-26T03:26:26.455496,162096.97,9
3140d1a7-ead8-4808-a853-262f46bc6446,66,20397.67,NET_BANKING,TRANSFER,IN,KNOWN-66,2026-05-26T04:50:26.455496,172187.3,10
ed7f24e7-3e5a-4ccb-9a1f-10cace6f6053,66,6654.85,CARD,WITHDRAWAL,IN,DEV-082e72,2026-05-26T05:34:26.455496,192584.96999999997,11
66f6b6c1-0379-434d-ba53-078b59195bdb,66,18030.19,UPI,TRANSFER,IN,DEV-96c81d,2026-05-26T06:22:26.455496,199239.81999999998,12
75d56103-bbd9-4cfa-ab5f-56478bbbbdcb,66,14486.44,UPI,DEPOSIT,AE,KNOWN-66,2026-05-26T06:45:26.455496,217270.00999999998,13
ae67dbdf-5f99-41f0-9042-ca5809f9bd18,66,21508.45,UPI,DEPOSIT,IN,KNOWN-66,2026-05-26T08:29:26.455496,231756.44999999998,14
891caa61-e744-4e54-8f63-cee81b4cd7c2,66,21273.62,UPI,TRANSFER,IN,KNOWN-66,2026-05-26T10:23:26.455496,253264.9,15
3c60f67b-638d-4154-808f-79d86f52f0a9,66,8096.87,UPI,WITHDRAWAL,IN,KNOWN-66,2026-05-26T11:02:26.455496,274538.52,16
f3ff8a54-0e66-4a52-97b0-78a6bd15ca40,66,8412.77,UPI,WITHDRAWAL,IN,KNOWN-66,2026-05-26T12:26:26.455496,282635.39,17
114e3528-bec7-4af2-8d9d-18c17b82e8dc,66,6696.26,UPI,WITHDRAWAL,IN,KNOWN-66,2026-05-26T13:18:26.455496,291048.16000000003,18
6556ca99-8b04-4ad5-82eb-a2a0f07cce8e,66,10881.38,UPI,WITHDRAWAL,US,DEV-10d831,2026-05-26T13:44:26.455496,297744.42000000004,19
474f4fca-430b-40f5-a88b-4d0992ac433d,66,10367.74,UPI,WITHDRAWAL,IN,KNOWN-66,2026-05-26T14:59:26.455496,308625.80000000005,20
6854601c-504b-41e3-b960-0d3c5ca86b38,66,17597.81,NET_BANKING,DEPOSIT,IN,KNOWN-66,2026-05-26T15:24:26.455496,318993.54000000004,21
80f81ad3-92e4-4051-a1e5-5366f53e548f,66,20354.43,UPI,TRANSFER,IN,DEV-c6da42,2026-05-26T16:11:26.455496,336591.35000000003,22
d7875c7b-717b-4432-9a2a-22d693772a88,66,18795.9,NET_BANKING,WITHDRAWAL,IN,KNOWN-66,2026-05-26T16:59:26.455496,356945.78,23
1eb2f51a-92cc-4462-8dd1-b3de2973c95c,66,17699.73,UPI,DEPOSIT,IN,KNOWN-66,2026-05-26T17:32:26.455496,358096.25000000006,23
1d452522-7bc9-4ac7-b611-85b54a78fe31,66,20689.36,UPI,WITHDRAWAL,IN,KNOWN-66,2026-05-26T18:06:26.455496,357446.52,23
1c51d2b4-8c87-4719-a2be-040a98bec394,66,20360.49,UPI,WITHDRAWAL,IN,KNOWN-66,2026-05-26T18:39:26.455496,378135.88,24
3471187c-e7ec-40ee-b424-3f57ea5219e6,66,14304.31,UPI,WITHDRAWAL,AE,KNOWN-66,2026-05-26T20:10:26.455496,392607.27999999997,24
d302e5bb-0a7d-4a21-9298-84111c55c8c2,66,12572.95,UPI,WITHDRAWAL,IN,KNOWN-66,2026-05-26T21:17:26.455496,391345.26,24
54ec6915-5773-4476-855e-6be6e9c0819b,66,20729.99,UPI,WITHDRAWAL,IN,KNOWN-66,2026-05-26T22:52:26.455496,380911.32,24
f3225151-7ae8-44e0-92a7-00f9bfaeaf55,66,11115.52,NET_BANKING,DEPOSIT,IN,KNOWN-66,2026-05-26T23:08:26.455496,401641.31,25
6da6d077-e2c2-430e-92c7-70a383deb6ac,66,22037.01,UPI,WITHDRAWAL,IN,KNOWN-66,2026-05-26T23:42:26.455496,396358.37,25
0910802d-eb65-4638-a7d7-2f9fc06a1047,66,21784.8,UPI,DEPOSIT,IN,KNOWN-66,2026-05-27T00:31:26.455496,395007.75,25
1aae98b4-50d6-4926-8f45-d530cca85022,66,22727.03,CARD,TRANSFER,IN,DEV-2b9ebc,2026-05-27T00:43:26.455496,398191.86,25
412846fe-0ec5-4ca2-9b74-e83b60e3351d,66,7062.27,UPI,DEPOSIT,IN,DEV-9aa901,2026-05-27T01:32:26.455496,420918.89,26
5a4b93af-0a88-4cbe-a826-63053a1c35ae,66,18522.48,UPI,TRANSFER,IN,KNOWN-66,2026-05-27T01:39:26.455496,404728.17000000004,26
153f72a1-a95a-4fc8-981c-34edfd933a2e,66,22552.83,NET_BANKING,DEPOSIT,IN,KNOWN-66,2026-05-27T02:10:26.455496,423250.65,27
327cba58-31fa-4690-918a-f7b7752e30c6,66,18339.2,UPI,TRANSFER,IN,KNOWN-66,2026-05-27T03:32:26.455496,435713.14999999997,27
1f01d675-d1d6-455b-b847-2015b20ac932,67,11061.44,CARD,WITHDRAWAL,IN,KNOWN-67,2026-05-25T17:55:26.455725,0,0
7cc87c29-3fb2-47d9-8ec3-1a20fe4374aa,67,31892.24,NET_BANKING,TRANSFER,IN,KNOWN-67,2026-05-25T18:48:26.455725,11061.44,1
a29f90ca-7e96-4b0e-9bbb-4d00ec89822c,67,128426.35160454546,CARD,DEPOSIT,IN,KNOWN-67,2026-05-25T19:24:26.455725,42953.68,2
0193e0fe-c9d8-43e5-9242-8cc780fb223c,67,18076.91,CARD,WITHDRAWAL,IN,KNOWN-67,2026-05-25T21:21:26.455725,171380.03160454545,3
06b025dd-2cfa-4263-9e7c-2fc99659416c,67,13027.2,UPI,TRANSFER,US,KNOWN-67,2026-05-25T22:22:26.455725,189456.94160454546,4
3e728d69-073e-4a6a-a6a9-db1c37bf3b25,67,49697.07,UPI,WITHDRAWAL,IN,DEV-2e84e9,2026-05-25T23:30:26.455725,202484.14160454547,5
80b1aa59-276e-4d36-afe2-a6c6cb098a6b,67,13827.23,CARD,DEPOSIT,IN,KNOWN-67,2026-05-26T00:43:26.455725,252181.21160454547,6
bba64f02-6c23-41b4-9618-777ddf188db3,67,17131.41,CARD,WITHDRAWAL,US,KNOWN-67,2026-05-26T01:40:26.455725,266008.44160454546,7
52834cc4-24d1-48c2-8970-2652e34e295b,67,29792.505902307275,CARD,DEPOSIT,IN,DEV-1375c8,2026-05-26T02:16:26.455725,283139.85160454543,8
bb76b8be-ba8e-462c-95b5-cfb3e4eb99f2,67,36650.48078617175,CARD,DEPOSIT,IN,KNOWN-67,2026-05-26T03:39:26.455725,312932.3575068527,9
c17c3ae4-1eda-47bd-95c7-b4f68cd45da8,67,14709.73,CARD,WITHDRAWAL,IN,KNOWN-67,2026-05-26T04:20:26.455725,349582.83829302446,10
8d08d6d4-8504-4f5c-88a3-424c4cb05208,67,14866.48,CARD,TRANSFER,AE,KNOWN-67,2026-05-26T05:06:26.455725,364292.56829302444,11
7a4e9657-a1f7-408a-97ab-67e543e28d07,67,35143.24,CARD,DEPOSIT,IN,KNOWN-67,2026-05-26T05:14:26.455725,379159.0482930244,12
2cb9f856-6ef7-4039-99b6-15d54fe026df,67,84234.85836838279,UPI,WITHDRAWAL,IN,DEV-e8d989,2026-05-26T07:01:26.455725,414302.2882930244,13
1a718b07-7943-4799-b816-7998c6f57249,67,11224.36,CARD,WITHDRAWAL,IN,KNOWN-67,2026-05-26T08:27:26.455725,498537.1466614072,14
2f4ad8a0-8b35-4b3d-8290-0dd97470d74e,67,31639.39,NET_BANKING,WITHDRAWAL,IN,KNOWN-67,2026-05-26T08:40:26.455725,509761.5066614072,15
9a32da05-b196-4e85-a3b7-72da3b7a061b,67,12267.79,CARD,DEPOSIT,IN,KNOWN-67,2026-05-26T10:20:26.455725,541400.8966614072,16
b42ace2b-d7ba-4af9-ac4a-3e75fdbd97ee,67,25647.42,CARD,WITHDRAWAL,AE,DEV-5f518a,2026-05-26T10:54:26.455725,553668.6866614072,17
b863c57f-90e2-4d77-92a4-058918c2a834,67,17513.89,CARD,TRANSFER,IN,KNOWN-67,2026-05-26T11:24:26.455725,579316.1066614073,18
12e82dac-6945-4c27-95f2-725199efce57,67,23037.203219653547,CARD,DEPOSIT,IN,DEV-d32706,2026-05-26T12:03:26.455725,596829.9966614073,19
fd078022-9e49-414d-bc5c-8fe9b3a185cd,67,19464.7,CARD,WITHDRAWAL,IN,KNOWN-67,2026-05-26T12:47:26.455725,619867.1998810609,20
9a88f453-5caf-4c03-9884-eb8d646e229f,67,24786.38,CARD,WITHDRAWAL,IN,KNOWN-67,2026-05-26T14:38:26.455725,639331.8998810608,21
86bc654f-8300-4f4e-9225-f1b81a7d31a7,67,20030.14,CARD,WITHDRAWAL,IN,KNOWN-67,2026-05-26T14:58:26.455725,664118.2798810608,22
369eda6b-04ce-41e6-bff4-435850470df0,67,32067.96,CARD,WITHDRAWAL,SG,KNOWN-67,2026-05-26T16:48:26.455725,684148.4198810608,23
dbd545ed-56d0-40ae-b7ca-a1ddeeb5e40c,67,34463.72,NET_BANKING,DEPOSIT,IN,KNOWN-67,2026-05-26T17:21:26.455725,716216.3798810608,24
3e820253-3381-4d75-9a11-0c7d85da57e4,67,16720.35,NET_BANKING,TRANSFER,IN,KNOWN-67,2026-05-26T19:20:26.455725,707726.4198810607,23
2437af6b-b981-48d8-967a-007e3703430e,67,32745.05,CARD,DEPOSIT,IN,KNOWN-67,2026-05-26T20:50:26.455725,596020.4182765153,23
db077c3c-20da-43fc-aded-2d3cde66c6d2,67,47730.36,CARD,TRANSFER,IN,KNOWN-67,2026-05-26T21:44:26.455725,610688.5582765155,23
f279e6a1-ed90-46d7-b3e0-e5895971d5e9,67,80039.10378143497,UPI,DEPOSIT,IN,KNOWN-67,2026-05-26T22:40:26.455725,645391.7182765154,23
05a929be-baaa-4e6a-a064-b681f5de3306,67,15800.09,UPI,TRANSFER,IN,KNOWN-67,2026-05-27T00:13:26.455725,675733.7520579504,23
20caf122-db7c-4bf9-a7df-4823b3b2f3a1,67,24215.21,CARD,TRANSFER,IN,KNOWN-67,2026-05-27T00:40:26.455725,691533.8420579503,24
ed425d99-fb6e-49b5-92fa-1b38098f4d97,67,42350.25,CARD,WITHDRAWAL,AE,DEV-78d701,2026-05-27T02:36:26.455725,654997.906155643,22
5b0583ef-1137-4946-8355-c5916196fb48,67,40183.73,CARD,TRANSFER,IN,KNOWN-67,2026-05-27T04:26:26.455725,645987.9453694713,21
aa2511d9-0cb7-4e4f-8945-5521f8227f48,67,62122.50302969998,CARD,DEPOSIT,IN,DEV-939aa3,2026-05-27T05:34:26.455725,636161.9553694712,20
5f9bc1db-42aa-4711-ab3a-29b0de37cc25,67,44507.92,NET_BANKING,WITHDRAWAL,IN,KNOWN-67,2026-05-27T06:18:26.455725,698284.4583991712,21
2f478b31-7930-4268-8be8-80df082799ec,67,22625.18,CARD,TRANSFER,IN,KNOWN-67,2026-05-27T07:13:26.455725,658557.5200307885,21
55a724c0-4455-410a-a2ed-73fc4d29728b,68,95348.8145977594,NET_BANKING,WITHDRAWAL,IN,KNOWN-68,2026-05-25T18:15:26.455967,0,0
b91db6ad-07e0-459c-986a-6e6a778e059b,68,38529.49,CARD,DEPOSIT,IN,DEV-e5d099,2026-05-25T20:11:26.455967,95348.8145977594,1
f6dcdc82-a5ca-4cdd-b988-7dd72cdff7f2,68,29550.68,UPI,DEPOSIT,IN,DEV-26e1d6,2026-05-25T21:02:26.455967,133878.3045977594,2
f6b7a7a3-d99f-4582-972b-9b183a19ca74,68,176798.55563752048,CARD,TRANSFER,IN,KNOWN-68,2026-05-25T22:24:26.455967,163428.98459775938,3
3b325e89-3101-4e75-8208-1b37291543e0,68,42400.882047748724,NET_BANKING,WITHDRAWAL,IN,KNOWN-68,2026-05-25T23:45:26.455967,340227.5402352798,4
8d14ed48-7dba-468f-9e30-c7a8b0e4caf6,68,12447.12,CARD,TRANSFER,US,DEV-9a8ec1,2026-05-26T00:07:26.455967,382628.42228302854,5
7e3aa769-c41c-42b1-85d5-0f384ea12938,68,42297.55,CARD,WITHDRAWAL,IN,KNOWN-68,2026-05-26T01:13:26.455967,395075.54228302854,6
d7987538-8101-41fc-ad5b-9d667dbe7a5d,68,38484.65,UPI,TRANSFER,IN,KNOWN-68,2026-05-26T02:06:26.455967,437373.0922830285,7
2ddd8b38-a18d-4460-b213-d0fa5cc90d3b,68,39518.55,CARD,TRANSFER,IN,KNOWN-68,2026-05-26T03:57:26.455967,475857.74228302855,8
4a1f7331-7e11-435c-9ee6-b71bf508924a,68,37530.23,CARD,TRANSFER,IN,KNOWN-68,2026-05-26T05:09:26.455967,515376.29228302854,9
101ee3ac-68c3-49ca-9bdb-4e143fc96e60,68,20362.57,CARD,WITHDRAWAL,IN,KNOWN-68,2026-05-26T06:35:26.455967,552906.5222830286,10
e57b84d7-ac78-4ee8-a8d5-03a1c93bc779,68,35883.58,CARD,TRANSFER,IN,KNOWN-68,2026-05-26T07:47:26.455967,573269.0922830285,11
7ea60e01-24c4-4bd0-bfd9-18f0fa1849d4,68,25978.91,CARD,WITHDRAWAL,IN,DEV-fbc504,2026-05-26T08:54:26.455967,609152.6722830285,12
c8b7aef3-803b-40e6-b074-8ee4f08aed88,68,129589.71130883793,CARD,TRANSFER,IN,KNOWN-68,2026-05-26T09:12:26.455967,635131.5822830285,13
cc779af3-4f3a-48fb-a842-90005f88c132,68,11075.36,CARD,WITHDRAWAL,IN,DEV-67b1c4,2026-05-26T10:00:26.455967,764721.2935918665,14
8328bee0-83eb-4698-9c0b-419e24e02e0f,68,35682.61,CARD,TRANSFER,IN,KNOWN-68,2026-05-26T10:35:26.455967,775796.6535918665,15
b82efc1f-7044-45ea-b4a5-c40f93921b08,68,34318.49350554466,CARD,TRANSFER,IN,KNOWN-68,2026-05-26T12:12:26.455967,811479.2635918665,16
9550e64c-2a0d-41b2-92ad-a9d66560bf25,68,33775.31,CARD,TRANSFER,IN,KNOWN-68,2026-05-26T13:23:26.455967,845797.7570974111,17
fd405d75-4918-4c3e-820b-9bc950a6c29e,68,39836.85,UPI,TRANSFER,IN,KNOWN-68,2026-05-26T13:47:26.455967,879573.067097411,18
d09cf489-f50e-4852-9ecc-21dd4a5344dd,68,99296.72074787754,CARD,WITHDRAWAL,IN,KNOWN-68,2026-05-26T14:32:26.455967,919409.917097411,19
f96e4e49-1bca-4614-bd74-f39c02f7a663,68,11916.17,CARD,TRANSFER,IN,DEV-c3fb8c,2026-05-26T14:50:26.455967,1018706.6378452885,20
4a40b947-5998-482f-8dea-787eaa817e75,68,12927.77,CARD,WITHDRAWAL,SG,KNOWN-68,2026-05-26T15:48:26.455967,1030622.8078452885,21
7a78ff38-659c-4ca1-a629-2a98adb6481b,68,38478.21,CARD,WITHDRAWAL,IN,KNOWN-68,2026-05-26T16:51:26.455967,1043550.5778452886,22
7a2384a1-7fe8-435d-8ae6-ad4729779633,68,16170.64,CARD,DEPOSIT,IN,DEV-2b7aa5,2026-05-26T17:16:26.455967,1082028.7878452886,23
fc208b01-127b-4590-afe9-c7766ed3ecff,68,33198.3,CARD,DEPOSIT,IN,DEV-4efc3a,2026-05-26T18:02:26.455967,1098199.4278452885,24
b930f235-4803-485a-ad6a-1fbede342d96,68,34260.34,UPI,TRANSFER,SG,DEV-17ae6e,2026-05-26T18:46:26.455967,1036048.9132475292,24
a7540675-14b3-4e67-9987-ab6b9b702475,68,13808.09,CARD,TRANSFER,IN,KNOWN-68,2026-05-26T20:34:26.455967,1031779.7632475292,24
650f12ce-a19e-4d4c-86df-d4f4dedd02de,68,49936.47,UPI,WITHDRAWAL,IN,KNOWN-68,2026-05-26T20:56:26.455967,1045587.8532475291,25
dd1baf34-be8f-4b9d-a53e-b96b310a16f4,68,18109.49,CARD,TRANSFER,IN,KNOWN-68,2026-05-26T21:24:26.455967,1065973.6432475292,25
16574046-e0b3-4f57-a29c-e3ce64d5448e,68,21826.45,CARD,TRANSFER,IN,KNOWN-68,2026-05-26T23:06:26.455967,907284.5776100087,25
cfcda0a7-9514-4a08-9898-2cf9e57c3411,68,30010.47,CARD,TRANSFER,IN,DEV-aa9f5f,2026-05-27T00:31:26.455967,874263.02556226,24
c83140c4-c9aa-44ea-9955-f35718095e3e,69,2777.75,CARD,TRANSFER,IN,KNOWN-69,2026-05-25T17:26:26.456185,0,0
8b646641-d531-4bca-82ce-996d9365b1ec,69,4712.84,NET_BANKING,TRANSFER,IN,DEV-e858ec,2026-05-25T19:06:26.456185,2777.75,1
bc94b67a-5879-48c1-a750-6a81f7b3a55b,69,4672.69,CARD,DEPOSIT,IN,KNOWN-69,2026-05-25T19:13:26.456185,7490.59,2
b2c98083-1bbd-4858-a8ff-956f360c34ee,69,1134.04,CARD,WITHDRAWAL,IN,KNOWN-69,2026-05-25T19:46:26.456185,12163.279999999999,3
57b7d5a5-5836-4e7f-90f7-1705c42e4cc0,69,1208.56,CARD,WITHDRAWAL,IN,KNOWN-69,2026-05-25T19:59:26.456185,13297.32,4
1501a244-b0dc-431f-ac5f-12a2a65ed734,69,1000.86,CARD,TRANSFER,IN,KNOWN-69,2026-05-25T20:55:26.456185,14505.88,5
e90bb9bb-929e-4a58-ab02-1f2efc66e28f,69,4896.2,CARD,DEPOSIT,IN,KNOWN-69,2026-05-25T22:21:26.456185,15506.74,6
eabda457-2f20-4ae3-aafc-1cfd003e2297,69,3878.33,NET_BANKING,TRANSFER,IN,KNOWN-69,2026-05-25T22:53:26.456185,20402.94,7
c301c564-bab4-4ebb-be0a-e094c3e8a35a,69,2307.78,CARD,TRANSFER,IN,KNOWN-69,2026-05-25T23:05:26.456185,24281.269999999997,8
0a5d52a4-a5da-4a94-bebe-39eff033d823,69,4201.06,CARD,TRANSFER,IN,KNOWN-69,2026-05-25T23:22:26.456185,26589.049999999996,9
dc24bd5b-7970-47eb-9790-702dd6b2cad2,69,3223.09,CARD,WITHDRAWAL,IN,KNOWN-69,2026-05-26T00:06:26.456185,30790.109999999997,10
3f5b03c8-fa2c-4d21-bcad-f4a6412b44a5,69,4494.64,CARD,DEPOSIT,IN,KNOWN-69,2026-05-26T01:23:26.456185,34013.2,11
7ecd8c06-5e1f-40fd-9365-6dd0cbfbce51,69,4142.38,CARD,DEPOSIT,IN,DEV-f5c1a0,2026-05-26T01:33:26.456185,38507.84,12
8d357561-22db-46c5-8e83-4f15f7a18a41,69,2980.26,NET_BANKING,DEPOSIT,IN,KNOWN-69,2026-05-26T01:47:26.456185,42650.219999999994,13
79e5e6a6-19c6-40f9-8554-76d7a749d57c,69,3408.11,UPI,DEPOSIT,IN,KNOWN-69,2026-05-26T02:08:26.456185,45630.479999999996,14
24f1360a-a572-450b-bb19-d21cc09c32d0,69,4622.92,CARD,DEPOSIT,IN,DEV-7fed50,2026-05-26T03:54:26.456185,49038.59,15
f61f67b3-06fa-40b4-a29e-d3e6b8d66b33,69,4654.55,CARD,TRANSFER,IN,KNOWN-69,2026-05-26T05:09:26.456185,53661.509999999995,16
71971c82-44b0-4a03-8f21-21bbfaff5701,69,4995.37,CARD,WITHDRAWAL,IN,KNOWN-69,2026-05-26T06:37:26.456185,58316.06,17
37f34dd0-f9c2-4aac-b75a-606cd18da1c0,69,1852.57,UPI,WITHDRAWAL,IN,KNOWN-69,2026-05-26T07:54:26.456185,63311.43,18
641376ff-093f-416c-80e3-157b27c928d6,69,3436.46,CARD,WITHDRAWAL,IN,KNOWN-69,2026-05-26T08:31:26.456185,65164.0,19
d5f77b82-a435-4c75-8fe1-601f87ff9d2f,69,4499.57,CARD,DEPOSIT,IN,KNOWN-69,2026-05-26T09:47:26.456185,68600.46,20
93968e32-a49a-4bca-80cd-a6ab2607cb7d,69,2815.13,NET_BANKING,WITHDRAWAL,IN,DEV-d82cb3,2026-05-26T10:29:26.456185,73100.03,21
786f94b7-c942-4051-8e96-46ba6aa7839f,69,3965.16,CARD,WITHDRAWAL,SG,KNOWN-69,2026-05-26T12:26:26.456185,75915.16,22
7f64e194-a50a-4908-8ed0-613fe152db3b,69,3527.06,CARD,DEPOSIT,IN,KNOWN-69,2026-05-26T14:00:26.456185,79880.32,23
a49fbfd1-ed6a-4232-88e5-1c8706721cca,70,6972.72,CARD,TRANSFER,IN,KNOWN-70,2026-05-25T18:44:26.456331,0,0
f1a3d29e-34e3-4d02-b150-3e63b9adc51e,70,4081.67,NET_BANKING,DEPOSIT,IN,KNOWN-70,2026-05-25T20:26:26.456331,6972.72,1
21afea4e-ff1f-4596-8d1b-dc6cdcfe2c45,70,10566.36,NET_BANKING,TRANSFER,IN,KNOWN-70,2026-05-25T21:05:26.456331,11054.39,2
2c75d461-8184-49d6-9533-d06b8e8e178f,70,9917.32,UPI,DEPOSIT,IN,KNOWN-70,2026-05-25T22:55:26.456331,21620.75,3
2878f72f-fe5f-4f2c-a1c9-ab5e05b7411c,70,13618.809424476834,UPI,TRANSFER,IN,KNOWN-70,2026-05-25T23:19:26.456331,31538.07,4
871892ae-cfa8-4337-a66e-fbd423427437,70,6486.21,UPI,WITHDRAWAL,IN,KNOWN-70,2026-05-26T00:04:26.456331,45156.879424476836,5
2b1edf37-034d-4e55-a51a-265de9a529f8,70,10602.73,UPI,DEPOSIT,IN,DEV-458c4b,2026-05-26T01:34:26.456331,51643.089424476835,6
9b36899c-0912-47dd-a0c3-1cbb67e4789b,70,8788.31,UPI,TRANSFER,IN,KNOWN-70,2026-05-26T01:47:26.456331,62245.81942447684,7
3546166d-05b8-4e45-aa1a-a4b2f96a643b,70,19539.65398131617,UPI,TRANSFER,IN,KNOWN-70,2026-05-26T02:22:26.456331,71034.12942447684,8
bf71165b-5c06-44b3-aea4-54e0d5b4a169,70,19362.578890208468,NET_BANKING,DEPOSIT,IN,KNOWN-70,2026-05-26T02:41:26.456331,90573.783405793,9
4dfeda7a-035b-443a-803a-4ca722191ef0,70,6291.67,UPI,TRANSFER,IN,DEV-1b9994,2026-05-26T03:50:26.456331,109936.36229600146,10
c9ce873f-8e0d-48ce-a3ca-374a2290be10,70,2543.62,UPI,TRANSFER,IN,KNOWN-70,2026-05-26T05:47:26.456331,116228.03229600146,11
6d1c9bbf-1304-4922-b9d5-9a3454474d83,70,12327.25942299861,CARD,DEPOSIT,IN,KNOWN-70,2026-05-26T06:37:26.456331,118771.65229600146,12
2f379002-af36-47c7-b7bd-a68ca6a532d9,70,7898.11,UPI,WITHDRAWAL,IN,DEV-2de689,2026-05-26T06:52:26.456331,131098.91171900005,13
02fbb5d1-90b4-48bb-b547-de7f358300fb,70,2607.76,UPI,TRANSFER,SG,KNOWN-70,2026-05-26T07:37:26.456331,138997.02171900004,14
1c2d99a6-6865-4f68-bf14-2b078ac0094a,70,10784.05,UPI,WITHDRAWAL,IN,KNOWN-70,2026-05-26T08:41:26.456331,141604.78171900005,15
2ba98887-22af-4bdd-8d31-77253b115e9d,70,5889.11,UPI,WITHDRAWAL,IN,DEV-4d52dc,2026-05-26T08:49:26.456331,152388.83171900004,16
e0421447-4186-47a5-b7c2-8631142f0329,71,2503.86,UPI,DEPOSIT,IN,DEV-36cae7,2026-05-25T17:29:26.456434,0,0
5d0ba6e4-05b9-4b6c-b066-84f7fe6e1ae6,71,1287.89,CARD,DEPOSIT,IN,KNOWN-71,2026-05-25T18:59:26.456434,2503.86,1
c7dbbfad-0587-4a17-8ba2-840c7d7362b9,71,3609.03,UPI,DEPOSIT,IN,KNOWN-71,2026-05-25T19:54:26.456434,3791.75,2
99a1668a-4e3b-4c31-8790-db140eb30582,71,5916.523470997487,CARD,WITHDRAWAL,IN,KNOWN-71,2026-05-25T21:04:26.456434,7400.780000000001,3
5e02f4d9-9949-4db8-87e8-83614a1553f1,71,3915.35,NET_BANKING,TRANSFER,IN,KNOWN-71,2026-05-25T21:10:26.456434,13317.303470997487,4
752b25a1-4e2c-478e-a4c3-a792a25da48f,71,1414.22,CARD,WITHDRAWAL,IN,KNOWN-71,2026-05-25T21:51:26.456434,17232.653470997488,5
9fcf6d68-f505-4965-883e-5107104072cb,71,4601.5574387144625,NET_BANKING,TRANSFER,IN,DEV-6bd7b1,2026-05-25T23:38:26.456434,18646.87347099749,6
9e0836dd-826b-4d4a-9807-1506e6b6a27b,71,3157.4,CARD,DEPOSIT,US,KNOWN-71,2026-05-26T00:26:26.456434,23248.43090971195,7
7d41a360-1b72-4a92-932d-0aebbae3d574,71,3602.6,CARD,TRANSFER,IN,KNOWN-71,2026-05-26T00:45:26.456434,26405.830909711953,8
29e6fb9b-e905-43c2-afa7-ac02cc5134d1,71,9494.659621090012,NET_BANKING,WITHDRAWAL,AE,KNOWN-71,2026-05-26T01:50:26.456434,30008.43090971195,9
6e10c644-80c6-4500-8a67-b1d69046d0c9,71,2443.44,CARD,WITHDRAWAL,US,KNOWN-71,2026-05-26T03:29:26.456434,39503.090530801965,10
36c4eec5-6140-42fb-9f99-1471496b2bef,71,1126.81,NET_BANKING,WITHDRAWAL,IN,KNOWN-71,2026-05-26T05:02:26.456434,41946.53053080197,11
4214fa73-5495-4580-9865-0696a38e7c4c,71,1478.09,CARD,TRANSFER,IN,KNOWN-71,2026-05-26T06:24:26.456434,43073.340530801965,12
9094e754-a89e-4815-ae5e-db45ca3be7d7,71,4577.13,CARD,DEPOSIT,AE,KNOWN-71,2026-05-26T06:47:26.456434,44551.43053080196,13
63291e7a-65dd-4939-bfd5-fc68cb39a3f7,71,7840.404227187543,CARD,WITHDRAWAL,IN,DEV-076614,2026-05-26T07:47:26.456434,49128.56053080196,14
48b86722-2999-47e3-857a-4a8c01bef417,71,4881.02,CARD,TRANSFER,IN,KNOWN-71,2026-05-26T08:09:26.456434,56968.9647579895,15
a290f4c2-e2d8-47dc-8724-f08eadf4742b,71,1991.53,CARD,WITHDRAWAL,IN,KNOWN-71,2026-05-26T10:09:26.456434,61849.9847579895,16
fa459ba5-4b0f-46cd-bac5-4661dbf90e78,71,5403.217137515898,UPI,WITHDRAWAL,IN,KNOWN-71,2026-05-26T11:24:26.456434,63841.5147579895,17
b47646f9-f5cc-4e6a-a84d-2f9afb8fe051,71,1259.63,NET_BANKING,TRANSFER,AE,KNOWN-71,2026-05-26T13:08:26.456434,69244.73189550539,18
cdb97cc1-4ee5-4d63-94f6-82195827f93d,71,6465.558763396221,CARD,WITHDRAWAL,IN,KNOWN-71,2026-05-26T14:05:26.456434,70504.3618955054,19
6128ae38-5660-41f5-aeba-9a3323ad66c7,71,1977.59,UPI,TRANSFER,SG,KNOWN-71,2026-05-26T15:29:26.456434,76969.92065890162,20
cb2b1dc0-1419-4b33-bd28-6d320dfa3a46,71,12003.306661591268,UPI,WITHDRAWAL,US,KNOWN-71,2026-05-26T16:21:26.456434,78947.51065890162,21
585c25d6-dd57-4eef-ba3a-31837740bad1,71,9539.303041846351,CARD,TRANSFER,IN,DEV-965b7b,2026-05-26T18:03:26.456434,88446.95732049289,21
3137d696-f46e-4609-aa54-14754d460fce,71,7992.17298976283,CARD,TRANSFER,IN,KNOWN-71,2026-05-26T19:51:26.456434,96698.37036233924,21
217f07d8-ed8a-463f-b8f4-bd67c7496c0a,71,1581.87,CARD,TRANSFER,IN,KNOWN-71,2026-05-26T21:00:26.456434,101081.51335210205,21
2bb5895a-2e0c-4da3-8567-938435a43661,71,3990.49,CARD,DEPOSIT,IN,KNOWN-71,2026-05-26T22:20:26.456434,91417.28988110456,19
88248159-fd66-4a17-8e1b-164ebd2cd9da,71,16785.12069993193,NET_BANKING,DEPOSIT,IN,KNOWN-71,2026-05-26T23:11:26.456434,95407.77988110456,20
9c97a4df-b4d7-42d5-9804-9c9b1d1519b4,71,4703.83,CARD,DEPOSIT,IN,KNOWN-71,2026-05-26T23:37:26.456434,112192.90058103649,21
075b991a-489f-4380-8fb4-629a38d81315,71,1674.04,CARD,TRANSFER,IN,KNOWN-71,2026-05-26T23:59:26.456434,112295.17314232203,21
1d75efd9-4579-46f1-a012-04b4bec7ce93,72,1022.23,CARD,WITHDRAWAL,SG,DEV-443ea4,2026-05-25T18:47:26.456610,0,0
7598ad3a-81ca-47d5-a43a-26d98316eb2a,72,4722.92,CARD,TRANSFER,IN,KNOWN-72,2026-05-25T20:10:26.456610,1022.23,1
57169d5b-3541-442c-abac-6fe5713d1553,72,4854.7,NET_BANKING,TRANSFER,IN,DEV-ca4dc5,2026-05-25T21:28:26.456610,5745.15,2
77fd2a25-ffee-406b-a899-108f10146eff,72,9310.530954429569,CARD,TRANSFER,IN,KNOWN-72,2026-05-25T23:08:26.456610,10599.849999999999,3
2b99430b-1a86-4773-8e15-ad97163e93f3,72,2704.63,CARD,TRANSFER,IN,KNOWN-72,2026-05-26T00:52:26.456610,19910.380954429565,4
240308fd-1170-4620-b643-b10f7f660b03,72,1166.38,CARD,TRANSFER,SG,KNOWN-72,2026-05-26T02:21:26.456610,22615.010954429566,5
90c8666e-f989-4d4f-bc69-91ad7fcf2f9b,72,11218.771313396463,CARD,DEPOSIT,IN,KNOWN-72,2026-05-26T03:10:26.456610,23781.390954429568,6
5755a4db-248e-4f70-abb6-76f63e81f85a,72,3434.93,CARD,WITHDRAWAL,IN,DEV-64e87e,2026-05-26T04:29:26.456610,35000.16226782603,7
9319edd7-d54a-4c5c-9b76-9da204452c9f,72,3579.71,CARD,TRANSFER,IN,DEV-4f915d,2026-05-26T04:41:26.456610,38435.09226782603,8
99e8afa8-9a02-4808-8b50-4c530a03dd98,72,3835.47,CARD,WITHDRAWAL,IN,DEV-37a7dd,2026-05-26T04:54:26.456610,42014.80226782603,9
9d692aec-c292-439f-bad3-0365f660b88f,72,4439.96,CARD,TRANSFER,IN,KNOWN-72,2026-05-26T05:02:26.456610,45850.27226782603,10
f0f3f51f-0283-43b3-87b6-b4cbac63b7e2,72,1383.94,CARD,WITHDRAWAL,IN,KNOWN-72,2026-05-26T06:19:26.456610,50290.23226782603,11
6111bbd1-2b08-482f-b958-c1e64c5cb213,72,2689.64,CARD,WITHDRAWAL,IN,KNOWN-72,2026-05-26T07:04:26.456610,51674.172267826034,12
56e0d4ad-527a-42b7-8a12-2f25d6be2662,72,1278.91,NET_BANKING,DEPOSIT,IN,KNOWN-72,2026-05-26T07:41:26.456610,54363.81226782603,13
f061dc21-b18e-44d1-983f-6756feebb8f4,72,3027.88,CARD,TRANSFER,SG,DEV-c1c897,2026-05-26T08:55:26.456610,55642.72226782604,14
91ca8009-f46c-4393-880c-e63a1c167146,73,35959.24,CARD,WITHDRAWAL,US,KNOWN-73,2026-05-25T17:18:26.456705,0,0
dba157a5-d320-457f-b53b-c95c062750c0,73,37709.56,UPI,DEPOSIT,IN,KNOWN-73,2026-05-25T17:25:26.456705,35959.24,1
8b88d40b-108d-4a8c-ac97-72940c8fa70a,73,49667.74,CARD,WITHDRAWAL,IN,DEV-a8b573,2026-05-25T19:15:26.456705,73668.79999999999,2
254b46be-3b2f-4bfb-aa60-f982d4c2dbd7,73,48995.99281052664,CARD,DEPOSIT,US,KNOWN-73,2026-05-25T20:17:26.456705,123336.53999999998,3
a528f156-12e8-4d17-9ac6-ef1c3da30768,73,46974.92,CARD,WITHDRAWAL,AE,DEV-60add0,2026-05-25T22:13:26.456705,172332.5328105266,4
c9e9a70c-0f76-483f-bbf6-9b824c0ffb3e,73,49617.97,CARD,WITHDRAWAL,IN,KNOWN-73,2026-05-26T00:00:26.456705,219307.4528105266,5
15246c8b-d2ed-4208-a876-026ee6c76d59,73,19646.51,CARD,WITHDRAWAL,IN,KNOWN-73,2026-05-26T00:57:26.456705,268925.42281052656,6
f9b32ccf-c30a-4587-94f9-c54a39cdc098,73,54856.45413014516,CARD,WITHDRAWAL,IN,KNOWN-73,2026-05-26T02:45:26.456705,288571.9328105266,7
a51c62c8-8d4a-4170-bfeb-6cf2ccff6b47,73,12424.21,CARD,DEPOSIT,IN,KNOWN-73,2026-05-26T04:31:26.456705,343428.3869406717,8
08ce9147-15ab-46d5-9074-e167661f121b,73,32644.99,CARD,WITHDRAWAL,IN,DEV-99da2a,2026-05-26T06:26:26.456705,355852.59694067173,9
838830b2-84b0-4945-b012-9977f58e0548,73,40434.98692900482,CARD,WITHDRAWAL,AE,DEV-d6f217,2026-05-26T07:12:26.456705,388497.5869406717,10
55b35464-7f61-4c9a-a65c-5c960ef9f403,73,32736.8,CARD,TRANSFER,IN,KNOWN-73,2026-05-26T07:56:26.456705,428932.57386967656,11
35a09b93-cedc-4314-92f0-ef8fdbd88988,73,23489.97,CARD,WITHDRAWAL,IN,KNOWN-73,2026-05-26T08:16:26.456705,461669.37386967655,12
421ee694-6875-4113-abbf-47f914786517,73,30397.19,CARD,TRANSFER,IN,KNOWN-73,2026-05-26T09:59:26.456705,485159.3438696766,13
7f3ad6d8-a5d1-4d32-9d35-98206e413ede,73,23177.4,CARD,DEPOSIT,IN,KNOWN-73,2026-05-26T10:57:26.456705,515556.5338696766,14
365aad72-2957-42b1-a4c9-471abbd99723,73,33363.73,CARD,TRANSFER,IN,KNOWN-73,2026-05-26T12:04:26.456705,538733.9338696765,15
19e34b99-3d14-48f7-95b6-08a578e6de4d,74,5245.3,CARD,DEPOSIT,IN,KNOWN-74,2026-05-25T18:14:26.456811,0,0
832b0519-2b1b-4af2-aa16-d96352e187a6,74,7491.32,CARD,DEPOSIT,IN,KNOWN-74,2026-05-25T19:30:26.456811,5245.3,1
0063740f-93a5-4fc5-ba54-0ab5619243a7,74,16628.73,CARD,TRANSFER,IN,KNOWN-74,2026-05-25T21:20:26.456811,12736.619999999999,2
8060c254-a304-421e-84f1-d55a6859eeb6,74,8131.02,CARD,WITHDRAWAL,SG,KNOWN-74,2026-05-25T21:37:26.456811,29365.35,3
a72c3d6c-5e2f-4f3d-87a3-0341b188397b,74,6665.4,CARD,TRANSFER,IN,KNOWN-74,2026-05-25T22:54:26.456811,37496.369999999995,4
d1f45d24-d488-4f2d-b3e6-bc8417c6ce61,74,10595.62,NET_BANKING,WITHDRAWAL,IN,DEV-3c86cf,2026-05-26T00:12:26.456811,44161.77,5
18cdc9a7-8691-4d7e-971e-8366db0d5e14,74,18566.5,CARD,DEPOSIT,IN,KNOWN-74,2026-05-26T01:28:26.456811,54757.39,6
7b0e4bfd-ac2f-47b4-9ec6-fa5b27f6a1ec,74,13424.99,NET_BANKING,DEPOSIT,IN,KNOWN-74,2026-05-26T02:45:26.456811,73323.89,7
0217d898-636c-484e-841c-27a57f8adcf6,74,6163.32,UPI,WITHDRAWAL,IN,KNOWN-74,2026-05-26T03:54:26.456811,86748.88,8
0f15a96d-bd33-4064-8131-6e4cbc7f84e0,74,7959.26,UPI,DEPOSIT,SG,KNOWN-74,2026-05-26T05:23:26.456811,92912.20000000001,9
cbc5f0cd-8ff5-42d5-a896-b5f3f7ed71a3,74,7571.96,NET_BANKING,WITHDRAWAL,IN,KNOWN-74,2026-05-26T05:45:26.456811,100871.46,10
82dfaff8-e0f4-4725-93a9-c8cf42b99b5e,74,6264.08,CARD,WITHDRAWAL,IN,KNOWN-74,2026-05-26T06:49:26.456811,108443.42000000001,11
dbbba086-e144-4212-a6fe-80e13a3ad214,74,21580.22,CARD,WITHDRAWAL,IN,DEV-eed6a7,2026-05-26T08:45:26.456811,114707.50000000001,12
c9366254-f727-4601-8032-6dbd2705cd28,74,9401.64,CARD,TRANSFER,IN,KNOWN-74,2026-05-26T09:48:26.456811,136287.72000000003,13
9901e056-f317-4c00-84e2-871b1def27ac,74,8941.78,CARD,TRANSFER,IN,KNOWN-74,2026-05-26T10:18:26.456811,145689.36000000004,14
856f5b93-47e6-476f-8154-d4d021f7ed76,74,23279.51,CARD,WITHDRAWAL,IN,KNOWN-74,2026-05-26T11:46:26.456811,154631.14000000004,15
c55809c7-e278-403b-a9f9-766834142e9c,74,13933.4,UPI,TRANSFER,IN,KNOWN-74,2026-05-26T13:23:26.456811,177910.65000000005,16
5d688e17-9849-4175-b215-e146f10f1a96,74,15845.0,CARD,WITHDRAWAL,IN,DEV-ee3f9f,2026-05-26T14:26:26.456811,191844.05000000005,17
267040b3-3ebc-4ae1-8ed5-5bb9d7b16ba0,74,20320.62,CARD,TRANSFER,AE,KNOWN-74,2026-05-26T16:16:26.456811,207689.05000000005,18
835d7280-8307-44e8-823f-a38672eac608,74,9683.98,CARD,DEPOSIT,IN,KNOWN-74,2026-05-26T17:36:26.456811,228009.67000000004,19
ba9ab78d-2a99-4a50-8c16-a86331749ff1,74,18479.11,CARD,WITHDRAWAL,IN,KNOWN-74,2026-05-26T18:05:26.456811,237693.65000000005,20
db1b59cf-1bab-4618-be0f-64e5fae14d92,74,18164.9,CARD,DEPOSIT,IN,KNOWN-74,2026-05-26T19:22:26.456811,250927.46000000002,20
0d0c6f9f-8b67-4f84-a442-69f0c89312f2,74,18786.15,CARD,DEPOSIT,IN,KNOWN-74,2026-05-26T19:41:26.456811,261601.04,20
81c10f5e-2c14-4915-b189-a1ab43cde49e,74,16807.92,CARD,TRANSFER,IN,KNOWN-74,2026-05-26T19:51:26.456811,280387.19,21
ddd276f5-1d89-4f2a-91db-f471ed330185,74,14942.97,CARD,WITHDRAWAL,IN,KNOWN-74,2026-05-26T20:13:26.456811,297195.11,22
e1f77eb0-04b5-4cd3-b728-3530945e3726,74,12387.58,CARD,DEPOSIT,IN,KNOWN-74,2026-05-26T20:20:26.456811,312138.07999999996,23
f429d620-e32b-4a74-ae04-0625693b8ad5,74,5981.83,CARD,DEPOSIT,US,DEV-936ae2,2026-05-26T20:28:26.456811,324525.66,24
eb73888f-e839-46ab-a0ed-8669e095ab62,74,17942.95,NET_BANKING,TRANSFER,IN,KNOWN-74,2026-05-26T21:11:26.456811,330507.49,25
9cfa353d-1c2f-4e8b-89b7-29836fb367e3,74,11188.69,CARD,DEPOSIT,IN,KNOWN-74,2026-05-26T22:35:26.456811,323690.69,24
57c19ac3-5832-4a63-8346-e4ba00949899,74,8679.47,CARD,WITHDRAWAL,IN,DEV-73e79b,2026-05-26T23:14:26.456811,328213.98,24
9939d5f8-9156-48c6-988d-0970933be321,74,8487.79,CARD,TRANSFER,IN,KNOWN-74,2026-05-26T23:29:26.456811,336893.44999999995,25
efd98eda-2ca1-4539-b74f-a8d280c9009f,74,17494.93,UPI,DEPOSIT,IN,KNOWN-74,2026-05-27T00:42:26.456811,334785.61999999994,25
b9dace92-6c72-457e-ba9b-cd7f7a8586e9,74,11500.65,CARD,DEPOSIT,AE,KNOWN-74,2026-05-27T01:58:26.456811,333714.04999999993,25
3336dd1a-7451-47f7-85f6-7315b349e617,74,21340.95,UPI,WITHDRAWAL,IN,KNOWN-74,2026-05-27T02:03:26.456811,345214.69999999995,26
054beab9-c43e-4826-a082-ab8a82ca0959,75,16718.6,NET_BANKING,WITHDRAWAL,US,DEV-f84849,2026-05-25T17:39:26.457035,0,0
72557291-2d5f-493b-a240-d3d90b7581eb,75,12402.81,NET_BANKING,WITHDRAWAL,US,KNOWN-75,2026-05-25T18:36:26.457035,16718.6,1
d2a63a3e-d6cc-41cf-9cbb-a07992fd4c03,75,24202.5,NET_BANKING,DEPOSIT,IN,KNOWN-75,2026-05-25T20:02:26.457035,29121.409999999996,2
69dc838e-a443-4cb1-b61d-33aa1cabb334,75,8995.49,NET_BANKING,TRANSFER,SG,DEV-81e80b,2026-05-25T21:10:26.457035,53323.909999999996,3
afdcf015-7edc-45f3-b2a4-1b8a50c6b5cb,75,16461.26,NET_BANKING,WITHDRAWAL,IN,KNOWN-75,2026-05-25T22:43:26.457035,62319.399999999994,4
3e8e09ac-d184-419a-82b4-f03ebc775e0f,75,16242.71,NET_BANKING,TRANSFER,IN,KNOWN-75,2026-05-25T23:54:26.457035,78780.65999999999,5
b3c6620f-8698-48f1-976d-754de2eca94e,75,15784.36,NET_BANKING,TRANSFER,IN,KNOWN-75,2026-05-26T00:31:26.457035,95023.37,6
7e0ac04d-5872-464a-b537-65a663c5d199,75,19035.42,NET_BANKING,WITHDRAWAL,IN,KNOWN-75,2026-05-26T00:53:26.457035,110807.73,7
f35ba3ca-e294-41af-a35c-5fa7a383d337,75,12305.9,NET_BANKING,TRANSFER,IN,KNOWN-75,2026-05-26T02:39:26.457035,129843.15,8
386d4a10-7acd-4481-b67e-4c8c161752b5,75,10423.85,NET_BANKING,TRANSFER,IN,DEV-1fcdcb,2026-05-26T02:48:26.457035,142149.05,9
a4f06ca5-fdd9-4ce7-9e36-4ddb32dfbff0,75,15343.98,NET_BANKING,WITHDRAWAL,IN,KNOWN-75,2026-05-26T04:35:26.457035,152572.9,10
45e8ed75-367c-4619-b994-55c0716a1638,75,21400.43,NET_BANKING,DEPOSIT,IN,DEV-41ae20,2026-05-26T05:02:26.457035,167916.88,11
ac39f8bf-9ef4-423d-8112-b58d9a303a70,75,22826.12,NET_BANKING,TRANSFER,IN,KNOWN-75,2026-05-26T06:05:26.457035,189317.31,12
6eedd340-e3bb-4972-83b1-2ab3e2d05e95,75,22853.78,NET_BANKING,TRANSFER,IN,KNOWN-75,2026-05-26T06:46:26.457035,212143.43,13
c2da18d6-0aef-44cf-9ff5-3819fa09edc8,75,21540.04,NET_BANKING,WITHDRAWAL,IN,DEV-773cbb,2026-05-26T08:46:26.457035,234997.21,14
aa4ae1cb-1628-4483-810d-d7674a3268e6,75,15497.78,NET_BANKING,DEPOSIT,IN,KNOWN-75,2026-05-26T09:34:26.457035,256537.25,15
156c0512-aa0e-478e-a404-c3f35216be0a,75,14774.67,NET_BANKING,TRANSFER,AE,KNOWN-75,2026-05-26T09:57:26.457035,272035.03,16
a2155f88-1dc6-4165-a6a5-8711c6783597,75,22186.36,NET_BANKING,TRANSFER,IN,KNOWN-75,2026-05-26T10:36:26.457035,286809.7,17
53f08efb-66d0-4f2a-87f4-d706ebf3824b,75,18490.0,NET_BANKING,WITHDRAWAL,IN,KNOWN-75,2026-05-26T12:21:26.457035,308996.06,18
40f0b601-6bd8-4245-a2e0-c09ec995f6ae,75,14004.21,UPI,TRANSFER,IN,DEV-d474de,2026-05-26T13:19:26.457035,327486.06,19
38128a74-e6f8-4918-9817-57f7fac9655b,75,17352.36,CARD,DEPOSIT,IN,KNOWN-75,2026-05-26T14:17:26.457035,341490.27,20
4f28fc3d-e3c2-4012-aae4-085499d8fb69,75,22247.16,NET_BANKING,WITHDRAWAL,IN,KNOWN-75,2026-05-26T15:38:26.457035,358842.63,21
8043f9d7-1589-4dc3-9600-932eccdf220f,75,5372.9,NET_BANKING,TRANSFER,IN,KNOWN-75,2026-05-26T16:15:26.457035,381089.79,22
858e7009-dc43-4f1a-bd2f-8c371b138d67,75,21119.75,NET_BANKING,TRANSFER,IN,KNOWN-75,2026-05-26T16:43:26.457035,386462.69,23
fddf46b0-66c5-445f-832c-8fc410ced313,75,10601.01,NET_BANKING,DEPOSIT,IN,KNOWN-75,2026-05-26T18:19:26.457035,390863.83999999997,23
0679a531-f253-4f05-b05f-a9bc2eea8ae8,75,12273.53,NET_BANKING,WITHDRAWAL,IN,KNOWN-75,2026-05-26T19:02:26.457035,389062.04000000004,23
1d9482ae-0aee-4e2c-9504-f8291a6d60b8,75,22948.49,UPI,DEPOSIT,IN,KNOWN-75,2026-05-26T19:44:26.457035,401335.57000000007,24
d8418bed-022a-42c2-b354-7c8bd8b96ec4,75,24767.31,NET_BANKING,TRANSFER,IN,KNOWN-75,2026-05-26T20:19:26.457035,400081.56000000006,24
b39dfeae-b499-4f8a-ac7a-f4b1cff1fc26,75,23296.36,NET_BANKING,DEPOSIT,IN,KNOWN-75,2026-05-26T20:46:26.457035,424848.87000000005,25
157e3620-1a48-48fe-a291-92ca97ef0310,75,22251.76,NET_BANKING,WITHDRAWAL,IN,KNOWN-75,2026-05-26T20:56:26.457035,448145.23000000004,26
a66fd3b4-0766-4d15-a4b7-8367effc2c4b,76,4285.72,NET_BANKING,WITHDRAWAL,IN,KNOWN-76,2026-05-25T17:40:26.457233,0,0
53f4f0cb-dbaf-4ee2-8ae4-ea019472af87,76,4231.78,NET_BANKING,TRANSFER,IN,KNOWN-76,2026-05-25T17:49:26.457233,4285.72,1
c26dde1b-989a-440e-ad18-3e96a5a862f2,76,3400.47,NET_BANKING,TRANSFER,IN,DEV-adf424,2026-05-25T19:09:26.457233,8517.5,2
9b2352ed-f387-4510-b88d-f2e4be029fb1,76,3870.16,NET_BANKING,TRANSFER,IN,DEV-37ed57,2026-05-25T19:34:26.457233,11917.97,3
43d78807-c1de-4a3d-a1c9-5b99fd2cff3d,76,4207.77,NET_BANKING,TRANSFER,IN,DEV-caeec9,2026-05-25T21:02:26.457233,15788.13,4
30a3284a-abe3-4500-9855-89081d0c20ae,76,4016.4,NET_BANKING,DEPOSIT,IN,DEV-52df42,2026-05-25T23:01:26.457233,19995.9,5
692294d5-6d51-4802-a7b6-462dee93b30b,76,1183.22,UPI,WITHDRAWAL,IN,DEV-0d7bb2,2026-05-25T23:22:26.457233,24012.300000000003,6
540608f1-7a81-4ba6-aba7-13307e7cf05a,76,4946.99,NET_BANKING,WITHDRAWAL,IN,KNOWN-76,2026-05-26T01:15:26.457233,25195.520000000004,7
8997197c-712a-47d6-af84-0d34600c03d5,76,4518.17,NET_BANKING,TRANSFER,IN,KNOWN-76,2026-05-26T01:26:26.457233,30142.510000000002,8
ef3aec95-a97f-442e-b39c-cf12cf84732f,76,2120.42,NET_BANKING,DEPOSIT,IN,KNOWN-76,2026-05-26T02:57:26.457233,34660.68,9
41bf4c51-86e5-4f1c-b6ea-918b2e6d6ab2,76,1315.86,NET_BANKING,WITHDRAWAL,IN,KNOWN-76,2026-05-26T04:15:26.457233,36781.1,10
69c7e316-63ad-4e1f-87b4-10d80cd73241,76,2935.76,NET_BANKING,WITHDRAWAL,AE,DEV-a2a60f,2026-05-26T05:52:26.457233,38096.96,11
fd36859f-3184-40e8-b865-4b88ac3fda7b,76,2326.06,NET_BANKING,TRANSFER,IN,KNOWN-76,2026-05-26T07:15:26.457233,41032.72,12
b0ea001e-4982-43c1-9645-c134d7349d77,76,1642.62,NET_BANKING,WITHDRAWAL,IN,DEV-02d2db,2026-05-26T07:32:26.457233,43358.78,13
ae7b9c05-f835-413e-960f-53ebe5997288,76,4303.15,NET_BANKING,DEPOSIT,IN,KNOWN-76,2026-05-26T08:52:26.457233,45001.4,14
64a790ba-c33b-4515-91f7-e7cace9df7e6,76,4888.26,UPI,WITHDRAWAL,IN,KNOWN-76,2026-05-26T09:51:26.457233,49304.55,15
b8c03af7-f396-45f0-ba9b-f5be32438cba,76,2173.41,NET_BANKING,DEPOSIT,IN,KNOWN-76,2026-05-26T10:59:26.457233,54192.810000000005,16
0f5311c7-521c-4e2c-b85f-b27d3501a49f,76,4955.11,NET_BANKING,DEPOSIT,IN,KNOWN-76,2026-05-26T12:34:26.457233,56366.22,17
9f837600-9208-4f8a-bf0c-1c50e4c3eaf5,76,1204.16,NET_BANKING,WITHDRAWAL,SG,KNOWN-76,2026-05-26T14:12:26.457233,61321.33,18
1431c785-abf3-44ca-9e4d-0c3477434564,76,2554.75,NET_BANKING,TRANSFER,IN,DEV-a25296,2026-05-26T15:06:26.457233,62525.490000000005,19
d605959f-1284-4b04-9722-a637cea57203,76,3606.96,NET_BANKING,WITHDRAWAL,US,KNOWN-76,2026-05-26T15:41:26.457233,65080.240000000005,20
ba82eba9-33fc-4283-8169-aa51bdd72967,76,2569.47,NET_BANKING,WITHDRAWAL,IN,KNOWN-76,2026-05-26T16:57:26.457233,68687.20000000001,21
a94ff97e-63d4-4ecc-82ff-643adfbcb265,76,1130.38,UPI,TRANSFER,IN,KNOWN-76,2026-05-26T18:21:26.457233,62739.170000000006,20
5087575c-b8b6-4aaf-8e7b-e5ebf32d7b47,76,2782.98,UPI,WITHDRAWAL,IN,KNOWN-76,2026-05-26T20:08:26.457233,56598.92000000001,19
2c90e9ee-f0b4-49f2-9545-e9f28ea2e8ec,76,2376.72,NET_BANKING,WITHDRAWAL,IN,KNOWN-76,2026-05-26T20:38:26.457233,59381.900000000016,20
88338bd1-f0ee-4838-8e3f-ae7bc3b8fda9,77,16393.84,CARD,DEPOSIT,IN,KNOWN-77,2026-05-25T18:12:26.457394,0,0
997acb0e-ec23-419f-9c72-11de20886600,77,28809.49,CARD,WITHDRAWAL,IN,KNOWN-77,2026-05-25T18:17:26.457394,16393.84,1
4c230b70-a8a0-4c71-83d5-f2804143a78f,77,28463.58,NET_BANKING,WITHDRAWAL,IN,KNOWN-77,2026-05-25T19:42:26.457394,45203.33,2
c45b5f5e-e27d-466e-b208-0ec41c8306c4,77,38084.27,CARD,DEPOSIT,AE,KNOWN-77,2026-05-25T21:15:26.457394,73666.91,3
3b4a58ca-abbc-4473-9ab4-1fe88502bf43,77,44762.58,CARD,TRANSFER,IN,KNOWN-77,2026-05-25T22:12:26.457394,111751.18,4
c00a0805-583c-4ab9-84fe-4977fb8de9db,77,10668.11,CARD,DEPOSIT,IN,DEV-42df08,2026-05-25T22:23:26.457394,156513.76,5
0aef7c5e-e94b-4f0e-85c1-fb27afd076eb,77,45217.61,CARD,WITHDRAWAL,IN,KNOWN-77,2026-05-25T23:36:26.457394,167181.87,6
6b823866-46d5-4370-aeb8-e30a511fc398,77,14278.73,CARD,DEPOSIT,IN,KNOWN-77,2026-05-26T01:03:26.457394,212399.47999999998,7
07e5d6cf-b2ec-4f90-905c-13635c7d5d57,77,44518.99,CARD,DEPOSIT,IN,DEV-120143,2026-05-26T01:40:26.457394,226678.21,8
58f15916-5acd-40ba-a659-e23daecaaf5b,77,25266.02,CARD,WITHDRAWAL,IN,KNOWN-77,2026-05-26T03:40:26.457394,271197.2,9
2b4add0c-4875-4f76-8bda-70b52abd72ed,77,45614.98,CARD,WITHDRAWAL,IN,DEV-202dc6,2026-05-26T04:44:26.457394,296463.22000000003,10
19d10188-fcf0-46d1-add1-8b34e918573b,77,33488.51,NET_BANKING,WITHDRAWAL,IN,KNOWN-77,2026-05-26T06:03:26.457394,342078.2,11
9e65e6bd-9131-4b59-b034-5100a1c12f05,77,47224.5,CARD,TRANSFER,IN,KNOWN-77,2026-05-26T06:41:26.457394,375566.71,12
c2a02232-b69a-4348-b5d1-26635ebbde1a,77,26386.41,CARD,TRANSFER,IN,KNOWN-77,2026-05-26T07:47:26.457394,422791.21,13
ab6d415d-be51-4b59-885e-b92ea14bff8b,77,27825.5,CARD,TRANSFER,IN,DEV-4ca58d,2026-05-26T08:34:26.457394,449177.62,14
54fe4678-7eb3-42fa-9b22-fb4df849203c,77,33427.55,UPI,DEPOSIT,IN,KNOWN-77,2026-05-26T10:27:26.457394,477003.12,15
c9e74a81-9434-4cc4-8821-d875557aaaa3,77,49151.67,CARD,WITHDRAWAL,IN,KNOWN-77,2026-05-26T11:46:26.457394,510430.67,16
702c884e-8a59-43a0-b807-0ae2f09e4778,77,11485.9,CARD,DEPOSIT,IN,KNOWN-77,2026-05-26T12:02:26.457394,559582.34,17
93c9f247-b27b-4002-89b2-defc2d8c06fb,77,42435.83,CARD,DEPOSIT,IN,KNOWN-77,2026-05-26T12:56:26.457394,571068.24,18
0f30babd-2e01-4599-bd13-08d08c45aa38,77,16534.65,CARD,WITHDRAWAL,AE,DEV-f511f5,2026-05-26T14:30:26.457394,613504.07,19
6b816921-fbc0-4ed4-b4bc-2d3620c1dbb2,77,18693.6,CARD,DEPOSIT,IN,KNOWN-77,2026-05-26T15:04:26.457394,630038.72,20
a3740f18-501d-41d5-8ea6-b20a6ff84648,77,13992.63,CARD,TRANSFER,IN,DEV-e75052,2026-05-26T17:01:26.457394,648732.32,21
fafeea42-b42a-4f1f-a0c3-9552ac19036b,77,23308.76,CARD,DEPOSIT,IN,KNOWN-77,2026-05-26T19:00:26.457394,617521.6199999999,20
9c619540-c39a-40fb-bcb7-16aaf65fbd72,77,21594.57,CARD,DEPOSIT,IN,KNOWN-77,2026-05-26T19:23:26.457394,640830.3799999999,21
7e48ae49-f1d5-4029-aadd-0441783a084d,77,35005.33,CARD,TRANSFER,IN,KNOWN-77,2026-05-26T21:21:26.457394,595877.1,20
3b5e1a75-e5b5-48bc-a2be-954995f44a74,77,43009.84,CARD,DEPOSIT,IN,KNOWN-77,2026-05-26T23:05:26.457394,575451.74,19
485b7727-c4f7-4754-b3d1-2563b0a5a26a,77,42278.07,CARD,WITHDRAWAL,IN,KNOWN-77,2026-05-27T00:14:26.457394,573243.97,19
95ab5493-99d9-4c98-a1ae-1680a96cbd67,77,14141.76,CARD,TRANSFER,IN,KNOWN-77,2026-05-27T01:54:26.457394,556724.3200000001,18
1ba4c603-5351-460c-919b-c3244e1936bc,78,7544.95,CARD,WITHDRAWAL,IN,KNOWN-78,2026-05-25T18:22:26.457580,0,0
15c88366-6fb0-4297-ac17-2b2a138bd26c,78,5981.56,NET_BANKING,WITHDRAWAL,IN,KNOWN-78,2026-05-25T18:36:26.457580,7544.95,1
00b5a7fa-e9ad-4b3a-8ca7-3d3fb0452b5d,78,16432.564091278986,UPI,TRANSFER,IN,KNOWN-78,2026-05-25T20:24:26.457580,13526.51,2
bc07d283-4626-4a83-9f84-34f4ea7ac5d4,78,11665.78,NET_BANKING,TRANSFER,IN,KNOWN-78,2026-05-25T20:51:26.457580,29959.074091278984,3
bc64ce07-35be-4596-89d0-c14b278969ba,78,8232.9,UPI,WITHDRAWAL,IN,KNOWN-78,2026-05-25T21:19:26.457580,41624.85409127898,4
3b181a56-a4f9-49db-be0a-d5960a0d2d66,78,10539.19,NET_BANKING,DEPOSIT,IN,KNOWN-78,2026-05-25T21:46:26.457580,49857.754091278985,5
ea2bdae9-e342-474b-ba63-f6e57b4a6371,78,2509.67,UPI,WITHDRAWAL,IN,KNOWN-78,2026-05-25T23:20:26.457580,60396.94409127899,6
8319c75a-c771-4166-8059-c08d06c3d1d8,78,4022.1,UPI,TRANSFER,IN,KNOWN-78,2026-05-26T01:05:26.457580,62906.614091278985,7
23d6a83b-5136-48e7-a75d-1dedc20d810d,78,19923.163592597502,UPI,DEPOSIT,US,DEV-2b5e5c,2026-05-26T02:53:26.457580,66928.71409127899,8
3661a6a4-4df5-481e-aba2-e4d77cee3a46,78,10287.3,UPI,WITHDRAWAL,IN,DEV-3e86f5,2026-05-26T04:32:26.457580,86851.87768387649,9
2cc0269a-62b5-45ef-a67a-bc9bc5d18dad,78,11063.11,CARD,DEPOSIT,US,KNOWN-78,2026-05-26T05:52:26.457580,97139.17768387649,10
6c48a3aa-d1c6-4ccb-a077-5bae70457c83,78,12102.95,UPI,WITHDRAWAL,IN,KNOWN-78,2026-05-26T07:46:26.457580,108202.2876838765,11
7e0964e5-a802-46be-b3b0-9590d83b04df,78,5828.39,CARD,TRANSFER,SG,KNOWN-78,2026-05-26T08:00:26.457580,120305.23768387649,12
c5c19ee8-ad81-4b47-99e4-6fe19db46d4e,78,9080.8,UPI,WITHDRAWAL,IN,KNOWN-78,2026-05-26T08:46:26.457580,126133.62768387649,13
acda70e5-e546-42f0-ab92-89fe7e764ea3,78,5804.62,UPI,TRANSFER,IN,KNOWN-78,2026-05-26T09:05:26.457580,135214.42768387648,14
ee1c7f83-fb75-4d47-b574-09c56c1c0257,78,11956.1,UPI,DEPOSIT,IN,DEV-73570a,2026-05-26T10:51:26.457580,141019.04768387647,15
6a385fdd-d111-4e35-bb92-25864b1b9b4a,78,7293.27,UPI,DEPOSIT,IN,KNOWN-78,2026-05-26T11:22:26.457580,152975.14768387648,16
0b013e24-59b3-4e6f-8042-55c155b7862c,78,37316.89498566423,UPI,WITHDRAWAL,IN,KNOWN-78,2026-05-26T11:30:26.457580,160268.41768387647,17
ac29c2c5-5efa-4dbc-86ea-8c536e9753f9,78,6722.49,CARD,WITHDRAWAL,IN,DEV-b1154d,2026-05-26T12:12:26.457580,197585.3126695407,18
0b863e00-d9a4-4f9f-9364-cdcb30a7f8d9,78,9434.8,NET_BANKING,DEPOSIT,US,KNOWN-78,2026-05-26T12:46:26.457580,204307.8026695407,19
b443f476-1b04-46dd-893c-bde52199f08e,78,11876.29,UPI,TRANSFER,IN,KNOWN-78,2026-05-26T14:28:26.457580,213742.60266954068,20
be6a2bd7-480d-4240-927b-e98bfc5003d1,78,4101.83,UPI,WITHDRAWAL,IN,KNOWN-78,2026-05-26T15:06:26.457580,225618.89266954068,21
8cc37e7e-bf96-4182-a7ec-d1897415272b,78,5598.57,NET_BANKING,WITHDRAWAL,IN,KNOWN-78,2026-05-26T16:31:26.457580,229720.72266954067,22
d4e97afa-53ce-400e-8ea1-61df2cdcb97a,78,4604.33,NET_BANKING,WITHDRAWAL,IN,KNOWN-78,2026-05-26T17:15:26.457580,235319.29266954068,23
3006b527-63a5-49a9-996d-75d4e7080fa1,78,10735.93,UPI,WITHDRAWAL,IN,KNOWN-78,2026-05-26T18:51:26.457580,226397.1126695407,22
62b243f9-3bde-40b9-9e99-c7bcc391c715,78,12127.55,UPI,DEPOSIT,IN,KNOWN-78,2026-05-26T20:25:26.457580,220700.4785782617,22
35bd9567-3b14-43ae-98fc-23dba6a75601,78,23984.955739780795,UPI,TRANSFER,IN,DEV-a5a833,2026-05-26T22:13:26.457580,202390.1585782617,20
09a6e12d-a394-4ed6-bf64-923783df952f,78,41060.62948182231,UPI,WITHDRAWAL,SG,KNOWN-78,2026-05-26T22:18:26.457580,226375.1143180425,21
4fa1e7fb-5c99-433e-951f-fb1afe9cba31,78,7593.29,UPI,WITHDRAWAL,IN,KNOWN-78,2026-05-26T22:52:26.457580,267435.7437998648,22
dc755571-b59b-48a2-9e90-ec21798833c7,78,8498.85,UPI,DEPOSIT,IN,DEV-daf6e6,2026-05-26T23:12:26.457580,275029.03379986476,23
9e4c661f-cf92-4d58-9baa-2693c448af4c,78,7173.1,UPI,TRANSFER,IN,KNOWN-78,2026-05-26T23:24:26.457580,281018.21379986475,23
4055e9a6-56e4-4af2-8c0e-93429d884841,79,34036.86,UPI,TRANSFER,SG,KNOWN-79,2026-05-25T18:40:26.457798,0,0
3dc96acc-4656-4bee-8c70-f5f154e186e3,79,37013.28,NET_BANKING,DEPOSIT,IN,KNOWN-79,2026-05-25T20:23:26.457798,34036.86,1
993d4a36-ba45-411b-9b8f-ec3c686cad01,79,46697.56,CARD,WITHDRAWAL,IN,KNOWN-79,2026-05-25T21:12:26.457798,71050.14,2
e94d076f-87c4-4a4a-9272-2b3f31ed6516,79,44337.33,CARD,DEPOSIT,SG,KNOWN-79,2026-05-25T22:30:26.457798,117747.7,3
a3b6db24-9682-4785-a4dd-d44309a72a71,79,20733.61,CARD,TRANSFER,IN,KNOWN-79,2026-05-25T22:48:26.457798,162085.03,4
ca707a1f-db05-4671-b8aa-6d5809656062,79,36794.03,CARD,WITHDRAWAL,IN,KNOWN-79,2026-05-25T23:02:26.457798,182818.64,5
7e3ee71f-3417-4a89-b8f7-eef4da7f692c,79,27573.48,CARD,WITHDRAWAL,US,KNOWN-79,2026-05-25T23:44:26.457798,219612.67,6
4f23b373-494d-4f08-b5fb-a460bd230390,79,41387.22,CARD,WITHDRAWAL,IN,KNOWN-79,2026-05-26T01:19:26.457798,247186.15000000002,7
16286e8f-3f9b-4136-b5ab-e13e66230495,79,37215.39,CARD,WITHDRAWAL,IN,DEV-625241,2026-05-26T02:18:26.457798,288573.37,8
03dbb83b-e69b-4713-b2bc-cff3b3e4fd31,79,12317.42,CARD,DEPOSIT,IN,KNOWN-79,2026-05-26T02:56:26.457798,325788.76,9
6a25241e-c552-4c32-9e4c-ba557ada9570,79,18615.08,CARD,TRANSFER,IN,KNOWN-79,2026-05-26T03:08:26.457798,338106.18,10
e7013738-1ae2-47ce-8ab1-01d9c40599d9,79,11188.5,CARD,DEPOSIT,IN,DEV-7fc4ce,2026-05-26T04:02:26.457798,356721.26,11
6632a439-b41a-4c2f-86c3-902055f9ebe9,79,45832.32,CARD,WITHDRAWAL,IN,DEV-da0fa7,2026-05-26T05:11:26.457798,367909.76,12
2c1c54aa-d877-4862-ad71-8c0a11293002,79,42606.88,CARD,WITHDRAWAL,IN,DEV-af1024,2026-05-26T06:08:26.457798,413742.08,13
317626ae-2af3-439a-88ea-2b7a7b07b55e,79,18251.04,CARD,WITHDRAWAL,IN,KNOWN-79,2026-05-26T06:28:26.457798,456348.96,14
69169c1b-32fa-4c7b-af54-d8ba65665905,79,25523.93,CARD,WITHDRAWAL,IN,KNOWN-79,2026-05-26T08:13:26.457798,474600.0,15
9ce0761e-7d7a-4446-9278-1858c28135d4,79,38711.38,CARD,TRANSFER,IN,DEV-9a73a4,2026-05-26T08:46:26.457798,500123.93,16
7fa122cf-c5b8-43a6-bf83-0d220bc42447,79,38126.52,CARD,WITHDRAWAL,IN,KNOWN-79,2026-05-26T09:11:26.457798,538835.3099999999,17
032d3d99-ea3a-4325-9938-07bcba7ca0b5,79,24757.04,CARD,TRANSFER,IN,KNOWN-79,2026-05-26T09:49:26.457798,576961.83,18
ab3d76e5-b7ce-4e26-9fc4-e729884c6212,79,40433.83,CARD,WITHDRAWAL,IN,KNOWN-79,2026-05-26T11:08:26.457798,601718.87,19
de142e2f-9315-44a4-8228-0c93bd37fc3e,79,21812.39,CARD,TRANSFER,SG,DEV-f92abd,2026-05-26T12:56:26.457798,642152.7,20
d5793929-bc93-415f-8ea5-261aec495188,79,18846.22,UPI,TRANSFER,IN,KNOWN-79,2026-05-26T14:22:26.457798,663965.09,21
13b23aee-c1df-4058-9b6a-fac37da85804,79,33068.04,CARD,DEPOSIT,SG,KNOWN-79,2026-05-26T15:09:26.457798,682811.3099999999,22
59684fd6-008f-4faa-ae9b-a9143d65f8cc,80,14265.26,UPI,TRANSFER,IN,DEV-f50617,2026-05-25T17:35:26.457943,0,0
6b6e1136-068a-4947-bcdf-a0b02d5d1a3c,80,19632.09,CARD,TRANSFER,IN,DEV-489070,2026-05-25T18:53:26.457943,14265.26,1
ca2d6920-9a54-4e06-b97e-2e414363aca1,80,13368.82,CARD,DEPOSIT,IN,KNOWN-80,2026-05-25T20:38:26.457943,33897.35,2
b0f713ce-6abb-4906-a6ec-596ca8d52adb,80,11855.85,CARD,WITHDRAWAL,IN,KNOWN-80,2026-05-25T21:54:26.457943,47266.17,3
f26b8d78-846f-43b4-9651-9dccd07d79d0,80,18681.45,CARD,WITHDRAWAL,IN,KNOWN-80,2026-05-25T23:19:26.457943,59122.02,4
bd592d38-589f-4ef3-aae1-0dcd89fa360a,80,43095.67,CARD,DEPOSIT,IN,DEV-1f1085,2026-05-26T00:30:26.457943,77803.47,5
0652ee05-1348-4699-b5db-2198499a7647,80,11779.55,CARD,WITHDRAWAL,IN,KNOWN-80,2026-05-26T01:23:26.457943,120899.14,6
519a4033-f042-4f9d-94ee-48caa39987fd,80,13696.64,CARD,WITHDRAWAL,IN,KNOWN-80,2026-05-26T02:18:26.457943,132678.69,7
860a32b1-ec1a-4e24-9f65-af160639d9d7,80,27819.47,CARD,DEPOSIT,SG,KNOWN-80,2026-05-26T02:35:26.457943,146375.33000000002,8
9873b9c7-50e8-4b9c-a0c9-3b85eeec7721,80,39817.07,CARD,TRANSFER,IN,KNOWN-80,2026-05-26T04:34:26.457943,174194.80000000002,9
6d93c8ff-4b5d-4369-898b-4df2c3e7dcd9,80,13976.99,CARD,WITHDRAWAL,IN,KNOWN-80,2026-05-26T06:10:26.457943,214011.87000000002,10
912b7603-7582-4ac8-881c-dfd12e02c11c,80,18466.55,CARD,TRANSFER,IN,KNOWN-80,2026-05-26T06:15:26.457943,227988.86000000002,11
1b2e970f-1ab3-422a-b81e-e327f16139d1,80,49482.28,CARD,WITHDRAWAL,IN,KNOWN-80,2026-05-26T07:37:26.457943,246455.41,12
b2a24093-3625-42bc-9231-4b111eb2fdc2,80,45719.37,CARD,WITHDRAWAL,IN,KNOWN-80,2026-05-26T08:47:26.457943,295937.69,13
5f20cf5a-977b-45bf-ba01-ee7fd7ce324d,80,21856.32,UPI,DEPOSIT,IN,KNOWN-80,2026-05-26T10:17:26.457943,341657.06,14
e5605717-a96d-485c-9442-5b6d230232ca,80,48069.48,CARD,TRANSFER,IN,DEV-2d242c,2026-05-26T11:32:26.457943,363513.38,15
89ad6fd5-9825-44d5-bcde-fb03cc5f1f65,80,44473.63,CARD,DEPOSIT,IN,KNOWN-80,2026-05-26T12:56:26.457943,411582.86,16
ca2bf7a7-a1d8-4c29-a351-e964dff3119a,80,16068.17,CARD,DEPOSIT,IN,DEV-a6a38b,2026-05-26T13:11:26.457943,456056.49,17
9e01c5e3-1cb3-450b-9c0e-bb9bff73efa5,80,14873.76,CARD,WITHDRAWAL,IN,KNOWN-80,2026-05-26T14:39:26.457943,472124.66,18
7799d078-f854-496d-9e52-7b9330e6ebf5,80,11888.1,CARD,TRANSFER,IN,KNOWN-80,2026-05-26T16:30:26.457943,486998.42,19
7ada49f3-60d0-4ae9-8b12-522f72b08ef0,80,31580.6,NET_BANKING,TRANSFER,IN,DEV-597b31,2026-05-26T18:21:26.457943,484621.25999999995,19
dbadf571-1dad-46e5-b7bf-de995f889876,80,37572.86,CARD,TRANSFER,IN,KNOWN-80,2026-05-26T19:46:26.457943,496569.76999999996,19
7e7eedf6-7385-4354-a980-5eb539c704a1,80,34628.7,CARD,DEPOSIT,US,KNOWN-80,2026-05-26T20:45:26.457943,520773.80999999994,19
ff1aa4cd-9e16-414f-9aea-a7e291ee5d52,80,27054.5,UPI,DEPOSIT,SG,KNOWN-80,2026-05-26T21:53:26.457943,555402.5099999999,20
a2c50221-26ce-4068-8106-a4e8afd9a520,80,37807.25,CARD,DEPOSIT,SG,KNOWN-80,2026-05-26T22:17:26.457943,570601.1599999999,20
07908c5f-e301-460d-98df-27f43dcd5dd2,80,46367.43,CARD,DEPOSIT,IN,KNOWN-80,2026-05-26T23:38:26.457943,589726.9599999998,20
bfe6cc21-a45c-495b-833a-110fd5fd7e61,80,37311.77,CARD,WITHDRAWAL,IN,DEV-8d320e,2026-05-27T01:19:26.457943,592998.7200000001,20
379755ae-07ac-467f-995e-310acba5f6a1,80,24915.33,CARD,WITHDRAWAL,SG,DEV-92a965,2026-05-27T02:44:26.457943,577014.83,18
f5a35998-fa21-4e85-92e8-64072ad86809,80,31843.87,UPI,DEPOSIT,IN,DEV-e77cfc,2026-05-27T04:29:26.457943,601930.1599999999,19
30fe6829-ded7-4c5a-b8af-5aca24c8cfc2,80,44605.66,CARD,TRANSFER,IN,DEV-ac2d99,2026-05-27T06:10:26.457943,593956.96,19
623d0e93-2d59-4cc8-9af7-d7aaca1db8c9,80,35273.4,CARD,DEPOSIT,SG,KNOWN-80,2026-05-27T07:47:26.457943,556636.8,17
893e46ec-bc91-4d2c-9c8d-245c4b6ce273,80,19015.41,CARD,DEPOSIT,SG,DEV-6aeb51,2026-05-27T08:05:26.457943,591910.2000000001,18
bf2eb022-2c9a-4853-847d-1bf304c4bde0,80,42901.15,CARD,DEPOSIT,AE,DEV-b1fe73,2026-05-27T10:00:26.457943,565206.2400000001,18
fe890e21-6355-46de-bdbb-e4e741c1c32e,81,4900.24,CARD,DEPOSIT,IN,DEV-b34a6c,2026-05-25T17:35:26.458190,0,0
86ec13ce-5db3-4518-92f9-2ae04cbde840,81,2034.09,UPI,TRANSFER,IN,KNOWN-81,2026-05-25T18:43:26.458190,4900.24,1
7bfe4913-9935-4753-8efb-cb5b6a46abb0,81,3477.67,CARD,DEPOSIT,IN,DEV-a86db7,2026-05-25T19:18:26.458190,6934.33,2
dc73856c-6595-4e95-8b76-dee71557dbeb,81,4595.33,CARD,DEPOSIT,IN,KNOWN-81,2026-05-25T19:49:26.458190,10412.0,3
053f4277-1582-4b61-bbb7-d8e698c06aa6,81,1141.01,CARD,TRANSFER,IN,KNOWN-81,2026-05-25T21:46:26.458190,15007.33,4
cbf322e4-4910-4e76-9258-4e1af857b59b,81,1155.04,CARD,DEPOSIT,AE,KNOWN-81,2026-05-25T21:51:26.458190,16148.34,5
b7388bf8-c1e8-428e-830e-a1f33c933802,81,1700.18,CARD,WITHDRAWAL,IN,DEV-354900,2026-05-25T22:05:26.458190,17303.38,6
4bf19a6d-2982-4469-be3a-3680b1f1b020,81,3298.98,UPI,DEPOSIT,IN,KNOWN-81,2026-05-25T23:55:26.458190,19003.56,7
b8b409f6-4fab-4ae5-a41e-4d19bfa66e09,81,3494.13,CARD,TRANSFER,IN,DEV-6c93fc,2026-05-26T00:12:26.458190,22302.54,8
c10fd464-7fef-40bf-af76-d6a3c8097178,81,2318.05,CARD,WITHDRAWAL,IN,KNOWN-81,2026-05-26T01:55:26.458190,25796.670000000002,9
40a27aab-4a60-45ce-a776-7365253c71ed,81,1069.58,CARD,TRANSFER,AE,KNOWN-81,2026-05-26T03:04:26.458190,28114.72,10
23006b2e-56cb-4fac-81b7-eefa17358279,81,1464.02,CARD,WITHDRAWAL,IN,KNOWN-81,2026-05-26T04:40:26.458190,29184.300000000003,11
1b28750b-9ee9-449e-9778-87e94536d062,81,3807.38,NET_BANKING,DEPOSIT,IN,KNOWN-81,2026-05-26T05:46:26.458190,30648.320000000003,12
746aa0d1-e6f5-4ba4-b07e-58d1f1ea4142,81,3187.73,CARD,WITHDRAWAL,IN,KNOWN-81,2026-05-26T06:12:26.458190,34455.700000000004,13
051f9d2a-243f-482f-a9b5-96d4092d28ad,81,2774.09,CARD,DEPOSIT,IN,KNOWN-81,2026-05-26T07:34:26.458190,37643.43000000001,14
76f97c30-b7bb-4beb-957d-53af42519e85,81,2130.16,CARD,TRANSFER,IN,KNOWN-81,2026-05-26T09:14:26.458190,40417.520000000004,15
7752d2da-a2e0-4a0b-a2e9-bf3d23f0a19e,81,8828.752977360251,CARD,DEPOSIT,IN,KNOWN-81,2026-05-26T11:04:26.458190,42547.68000000001,16
2e42752c-3ba9-41c4-976e-8be525d6c57d,81,4260.64,CARD,DEPOSIT,IN,KNOWN-81,2026-05-26T12:07:26.458190,51376.43297736026,17
9d49ad64-4044-4fdb-bf65-7b4ce48469eb,81,3437.39,CARD,DEPOSIT,IN,KNOWN-81,2026-05-26T13:00:26.458190,55637.07297736026,18
4b5b01a5-50d1-44c4-a35d-e2922bbb9a52,81,2478.56,CARD,DEPOSIT,IN,DEV-5bdc62,2026-05-26T14:57:26.458190,59074.46297736026,19
001cf9e1-0957-4f6e-9c11-8246c2c67a5f,81,3336.67475551233,CARD,WITHDRAWAL,IN,KNOWN-81,2026-05-26T16:31:26.458190,61553.022977360255,20
584d7263-117c-4319-ae71-1438a7ce9a3c,81,1617.37,CARD,DEPOSIT,IN,DEV-67a3bb,2026-05-26T18:03:26.458190,59989.45773287258,20
0f866f69-8148-4946-87bb-ac8a6f43fa38,81,3898.46,CARD,WITHDRAWAL,IN,KNOWN-81,2026-05-26T18:32:26.458190,61606.82773287258,21
36f60ff8-dbe7-4ed7-9490-8092563d459f,82,1598.6,CARD,DEPOSIT,IN,KNOWN-82,2026-05-25T18:18:26.458349,0,0
99225514-5500-4817-bb75-566a9a4325f8,82,4103.55,CARD,WITHDRAWAL,IN,KNOWN-82,2026-05-25T19:13:26.458349,1598.6,1
8b6679ce-ac3f-495f-a3b9-1cec29c07a61,82,2741.87,CARD,DEPOSIT,IN,DEV-fe3323,2026-05-25T20:54:26.458349,5702.15,2
cd5d4d4a-8c37-4135-9b37-3c71590afdec,82,3528.55,UPI,TRANSFER,IN,DEV-fc8d62,2026-05-25T21:59:26.458349,8444.02,3
e5fc0275-6825-40cc-bdfe-a8ac77e1e54d,82,4112.91,CARD,DEPOSIT,IN,DEV-2c9c6c,2026-05-25T22:34:26.458349,11972.57,4
18e76b20-5552-4187-abab-83afd3883743,82,4504.16,CARD,WITHDRAWAL,IN,KNOWN-82,2026-05-25T23:42:26.458349,16085.48,5
091e6834-bbc6-4b49-9788-844c9d5b5252,82,2549.48,CARD,TRANSFER,IN,KNOWN-82,2026-05-26T01:29:26.458349,20589.64,6
a6589761-095c-4095-9ebb-74f4a34386ec,82,2303.67,NET_BANKING,DEPOSIT,IN,KNOWN-82,2026-05-26T02:45:26.458349,23139.12,7
55e190de-abe3-4f40-ae55-24ba95066e98,82,2585.53,CARD,TRANSFER,SG,KNOWN-82,2026-05-26T03:56:26.458349,25442.79,8
390f4cb8-5e62-4b36-b1cc-961329ea5b70,82,1440.84,UPI,TRANSFER,US,KNOWN-82,2026-05-26T05:39:26.458349,28028.32,9
3ddbd160-5d1f-4d1c-8bd5-d3f193e40b6b,82,3819.27,CARD,DEPOSIT,IN,KNOWN-82,2026-05-26T07:05:26.458349,29469.16,10
c948e9e7-5d83-4c09-bf5c-adc5bddf4f90,82,2882.58,CARD,DEPOSIT,IN,KNOWN-82,2026-05-26T08:56:26.458349,33288.43,11
9aba944a-ec0b-479b-a6fe-8988b6adf3fe,82,3780.68,CARD,DEPOSIT,IN,DEV-686cbe,2026-05-26T09:03:26.458349,36171.01,12
2af4b66d-0b2d-474a-a814-42e7fc605f64,82,1997.43,CARD,DEPOSIT,IN,KNOWN-82,2026-05-26T10:27:26.458349,39951.69,13
998913a1-7ce0-49ae-a973-42c919d4085e,82,2599.25,CARD,WITHDRAWAL,IN,KNOWN-82,2026-05-26T12:21:26.458349,41949.12,14
7fb3d8b2-0e26-464f-988b-7e86fe7e3b22,82,1357.99,CARD,WITHDRAWAL,IN,KNOWN-82,2026-05-26T13:44:26.458349,44548.37,15
123ad4d0-1285-45e4-8577-45069af808e6,82,4789.73,CARD,TRANSFER,IN,KNOWN-82,2026-05-26T13:49:26.458349,45906.36,16
14f8bb5f-1bc9-4a5b-9f86-c9c6d288d5f9,82,1585.78,UPI,DEPOSIT,SG,KNOWN-82,2026-05-26T15:36:26.458349,50696.09,17
619801f5-4098-44d1-b30e-cb2b2740a66e,83,6730.62,UPI,WITHDRAWAL,IN,DEV-66e3c0,2026-05-25T17:53:26.458459,0,0
77516da9-f13a-4d3a-b6e6-4f4c47792bb2,83,4721.49,UPI,WITHDRAWAL,IN,KNOWN-83,2026-05-25T18:07:26.458459,6730.62,1
6fe9559a-247d-44b8-8a10-408f4df2093a,83,2948.15,UPI,TRANSFER,IN,KNOWN-83,2026-05-25T19:26:26.458459,11452.11,2
42027f3b-98ee-423e-8984-78b6c6de4ecf,83,8389.17,UPI,TRANSFER,IN,KNOWN-83,2026-05-25T20:00:26.458459,14400.26,3
1a2467ef-3445-4c25-b205-999f5ab788a0,83,4077.01,UPI,TRANSFER,SG,KNOWN-83,2026-05-25T21:38:26.458459,22789.43,4
54753de9-122e-4be3-af9c-ffa1385001ea,83,11456.54,UPI,DEPOSIT,IN,KNOWN-83,2026-05-25T22:33:26.458459,26866.440000000002,5
b2a7e698-6786-4923-9caf-3abdf1cdad96,83,11778.7,UPI,TRANSFER,IN,KNOWN-83,2026-05-26T00:18:26.458459,38322.98,6
5ec5d35e-d25e-434a-a5ba-dc58fdb5bb85,83,3491.89,CARD,TRANSFER,IN,KNOWN-83,2026-05-26T00:55:26.458459,50101.68000000001,7
0fdb4312-9eae-4a66-b6f4-880ecb71b460,83,11893.15,UPI,WITHDRAWAL,IN,KNOWN-83,2026-05-26T02:41:26.458459,53593.57000000001,8
2bfd01aa-b1b2-4432-be19-a088973f65d7,83,11042.33,UPI,DEPOSIT,IN,KNOWN-83,2026-05-26T04:40:26.458459,65486.72000000001,9
fc76cf96-c2e0-4e8d-aa68-c41667ab8259,83,8370.23,UPI,DEPOSIT,IN,KNOWN-83,2026-05-26T05:40:26.458459,76529.05,10
a0991684-8420-4c87-92bc-5dae6ca38ef4,83,8576.9,UPI,TRANSFER,US,KNOWN-83,2026-05-26T07:35:26.458459,84899.28,11
51acec58-1451-4dee-9b7e-0db6e1f67c81,83,7370.76,UPI,DEPOSIT,IN,DEV-76041a,2026-05-26T08:58:26.458459,93476.18,12
d72ff321-885c-4ecd-850d-a6f1be38aebb,83,7656.74,UPI,DEPOSIT,IN,KNOWN-83,2026-05-26T10:24:26.458459,100846.93999999999,13
69e0b3d7-5332-4117-aa1d-8a1e6de9d0d6,83,9838.78,UPI,WITHDRAWAL,IN,KNOWN-83,2026-05-26T11:39:26.458459,108503.68,14
7d4534c8-6972-43a6-9db9-f893b4e2ab57,83,3497.21,UPI,WITHDRAWAL,IN,KNOWN-83,2026-05-26T12:06:26.458459,118342.45999999999,15
7f92fba4-a802-4494-a14d-cd0a27f9d9d9,83,6126.18,UPI,TRANSFER,IN,KNOWN-83,2026-05-26T13:07:26.458459,121839.67,16
a5bbf3e8-abba-434e-8430-c0e2c14daeab,83,10925.6,UPI,TRANSFER,IN,KNOWN-83,2026-05-26T13:19:26.458459,127965.85,17
d29db7d2-9738-4376-86d8-d8ba6474f3f7,83,6200.17,UPI,DEPOSIT,SG,KNOWN-83,2026-05-26T14:21:26.458459,138891.45,18
30b431be-5132-4f5b-a92c-76e966133f51,83,7929.92,UPI,TRANSFER,IN,DEV-b3f908,2026-05-26T14:41:26.458459,145091.62000000002,19
c07df179-5a31-4d0e-8f8a-12046a549ff1,83,9557.91,UPI,WITHDRAWAL,IN,KNOWN-83,2026-05-26T15:52:26.458459,153021.54000000004,20
0aeb1c4d-dccb-4abc-ba22-fc8fbc7c8dfb,83,5626.12,UPI,TRANSFER,IN,KNOWN-83,2026-05-26T17:23:26.458459,162579.45000000004,21
604f462e-d4c8-4bbf-9f94-517a54885569,83,3844.77,UPI,WITHDRAWAL,IN,KNOWN-83,2026-05-26T19:01:26.458459,156753.46000000005,20
a3319d19-c7a2-4e10-a151-64bd95591d65,83,3115.23,UPI,DEPOSIT,AE,KNOWN-83,2026-05-26T20:04:26.458459,149260.91,19
5ebde0e6-88a1-4fcb-8b05-ce0e1956cae9,83,5917.57,UPI,TRANSFER,IN,KNOWN-83,2026-05-26T20:54:26.458459,152376.14,20
fccf0048-6f79-45bd-9177-84a259406aca,83,10764.16,UPI,DEPOSIT,SG,KNOWN-83,2026-05-26T22:13:26.458459,154216.7,20
97523873-5441-4dec-bc0d-9530a6dc2a88,83,2500.26,NET_BANKING,WITHDRAWAL,IN,KNOWN-83,2026-05-26T23:24:26.458459,153524.32000000004,20
e9049ac4-96e1-4a7c-9ad9-2570994bc9cf,83,3448.54,UPI,TRANSFER,IN,KNOWN-83,2026-05-27T00:22:26.458459,144245.88000000003,20
07d2d9ac-6f38-43bf-a85a-db9201d40c0d,83,2587.55,UPI,TRANSFER,IN,KNOWN-83,2026-05-27T01:38:26.458459,144202.53000000003,20
b2034792-89e5-4e47-b08f-8b8fa8dce143,83,5506.85,UPI,WITHDRAWAL,IN,KNOWN-83,2026-05-27T02:10:26.458459,146790.08000000002,21
e94dbc67-2ea5-48ff-bce7-229c2e8c503d,83,5402.78,UPI,DEPOSIT,IN,KNOWN-83,2026-05-27T02:28:26.458459,152296.93000000002,22
e2f68099-80d2-4982-b67d-5f980dc7f6c9,83,2735.34,NET_BANKING,DEPOSIT,IN,DEV-f4598c,2026-05-27T02:53:26.458459,145806.55999999997,22
2b450519-b0bd-40cc-8de0-4aacac537231,83,3456.09,UPI,DEPOSIT,IN,DEV-342c40,2026-05-27T04:51:26.458459,137499.57,22
4e32a7fa-18f8-44c8-a501-2b660346e623,83,11375.7,UPI,TRANSFER,IN,KNOWN-83,2026-05-27T05:34:26.458459,140955.66,23
1cca068d-f182-400b-9ff8-b80493638d38,83,7775.01,UPI,TRANSFER,IN,KNOWN-83,2026-05-27T06:45:26.458459,143961.13,23
523fa57c-08c9-45f8-bef5-9d6d34484087,83,6653.24,UPI,WITHDRAWAL,IN,KNOWN-83,2026-05-27T08:13:26.458459,143159.24,23
5ad756f0-fb97-4986-ad3e-eafc57fb944e,84,9893.67,CARD,TRANSFER,IN,DEV-f7785f,2026-05-25T17:42:26.458713,0,0
eee48d5c-360f-49bd-8f57-74cc191b1052,84,18893.38,UPI,WITHDRAWAL,IN,DEV-6d75a1,2026-05-25T18:28:26.458713,9893.67,1
4465752a-d3a2-4897-817c-86257c47cf23,84,16213.97,CARD,WITHDRAWAL,IN,KNOWN-84,2026-05-25T20:06:26.458713,28787.050000000003,2
d1c21eeb-d0e3-4573-85b0-1e926c41a144,84,14082.7,CARD,DEPOSIT,IN,KNOWN-84,2026-05-25T20:48:26.458713,45001.020000000004,3
53e5aec9-0032-4e1b-a7b7-b233089d568c,84,19528.68,CARD,DEPOSIT,IN,DEV-80fc64,2026-05-25T21:09:26.458713,59083.72,4
2b22956c-0cf1-44a6-81cc-a62ad9ab4d90,84,8422.27,NET_BANKING,WITHDRAWAL,IN,KNOWN-84,2026-05-25T21:33:26.458713,78612.4,5
d8db2fae-c31d-4b27-9110-15b41a101c2e,84,15520.7,CARD,WITHDRAWAL,IN,KNOWN-84,2026-05-25T23:11:26.458713,87034.67,6
ca9e79c3-827f-418f-a02b-a81b7b52a2a1,84,5881.63,CARD,TRANSFER,SG,KNOWN-84,2026-05-26T00:34:26.458713,102555.37,7
cdc89bbc-1dd3-499c-a58e-7c32472b5f64,84,24004.89,NET_BANKING,TRANSFER,US,KNOWN-84,2026-05-26T02:31:26.458713,108437.0,8
4135f22f-a90e-4937-9c99-f87b31dd571a,84,12628.12,CARD,DEPOSIT,IN,KNOWN-84,2026-05-26T04:28:26.458713,132441.89,9
7513a84a-82d9-4d03-ba1a-7439ed1e75b6,84,22933.0,CARD,DEPOSIT,IN,KNOWN-84,2026-05-26T05:35:26.458713,145070.01,10
250f7708-c433-4c70-ab15-40bbc5d77ace,84,13335.02,NET_BANKING,DEPOSIT,IN,KNOWN-84,2026-05-26T06:49:26.458713,168003.01,11
3692a9f5-3626-4149-8a06-d6116797ef70,84,17747.6,CARD,TRANSFER,IN,KNOWN-84,2026-05-26T08:14:26.458713,181338.03,12
8a952d2c-9281-4a5e-be7a-9400a32d4736,84,24443.31,CARD,TRANSFER,IN,DEV-1b9cdd,2026-05-26T09:17:26.458713,199085.63,13
b6ccddbc-f1e3-4c05-9c87-bd19da01fcbb,84,23329.11,CARD,TRANSFER,IN,KNOWN-84,2026-05-26T10:12:26.458713,223528.94,14
cd022c46-2366-49b2-a7ea-6f2a4afed886,85,5729.23,UPI,WITHDRAWAL,IN,KNOWN-85,2026-05-25T17:15:26.458808,0,0
dc868a56-c56f-4eb6-87e3-9c530edd9416,85,6421.32,NET_BANKING,TRANSFER,IN,KNOWN-85,2026-05-25T17:43:26.458808,5729.23,1
d048969a-a141-4703-8d63-6f8417fd69ce,85,6967.88,NET_BANKING,DEPOSIT,IN,KNOWN-85,2026-05-25T18:41:26.458808,12150.55,2
3a858624-6b3f-43b7-bea6-ed40eeaa430f,85,11579.95,UPI,DEPOSIT,IN,KNOWN-85,2026-05-25T19:53:26.458808,19118.43,3
b8634abc-18da-4f1b-8e42-d0a80ed337f9,85,12082.45,NET_BANKING,WITHDRAWAL,IN,DEV-20ba9b,2026-05-25T20:14:26.458808,30698.38,4
5ad4a5e3-2004-4ae9-afef-03ec9e8fbe70,85,11999.06,UPI,TRANSFER,SG,KNOWN-85,2026-05-25T21:14:26.458808,42780.83,5
00a5d237-e620-4d9d-8588-81636dad179b,85,3620.57,UPI,WITHDRAWAL,IN,DEV-5a0376,2026-05-25T21:26:26.458808,54779.89,6
65a2fdee-d824-410f-94d5-0c786e330e03,85,7111.67,UPI,WITHDRAWAL,IN,DEV-000b13,2026-05-25T22:31:26.458808,58400.46,7
61b7187f-308c-4b88-94bf-18cc37e701dd,85,5306.42,UPI,DEPOSIT,IN,KNOWN-85,2026-05-26T00:22:26.458808,65512.13,8
cd5015ad-2832-4e48-93ea-14bdca83a505,85,6193.04,UPI,WITHDRAWAL,IN,KNOWN-85,2026-05-26T00:59:26.458808,70818.55,9
2e45cff8-b3fc-4050-ac15-82286215f5ce,85,8881.77,UPI,WITHDRAWAL,SG,KNOWN-85,2026-05-26T01:56:26.458808,77011.59,10
84d4da38-4cb3-433d-9483-5b50ef47585f,85,4270.01,UPI,TRANSFER,IN,KNOWN-85,2026-05-26T03:48:26.458808,85893.36,11
44eaec6e-ea86-45e1-8286-f44d5743b8a1,85,5045.0,CARD,WITHDRAWAL,IN,KNOWN-85,2026-05-26T04:45:26.458808,90163.37,12
202ef7d8-70e2-4bbf-91ff-f9f811964f2b,85,9323.25,UPI,WITHDRAWAL,IN,KNOWN-85,2026-05-26T05:48:26.458808,95208.37,13
86041c3e-e668-4d63-b9c7-0784ec0c3dd9,85,5016.53,UPI,TRANSFER,IN,DEV-d62937,2026-05-26T07:24:26.458808,104531.62,14
d9a6e694-0bc7-4749-9e68-498381abb866,85,12489.48,UPI,WITHDRAWAL,IN,KNOWN-85,2026-05-26T08:20:26.458808,109548.15,15
d0532257-8b37-4933-b8c0-18bd075b6197,85,5326.41,NET_BANKING,WITHDRAWAL,IN,KNOWN-85,2026-05-26T09:42:26.458808,122037.62999999999,16
8c431d55-c766-4ba6-9172-78f64c860eca,85,10696.23,UPI,TRANSFER,IN,KNOWN-85,2026-05-26T10:07:26.458808,127364.04,17
d926a4a6-edac-40e1-8ea6-74f595a141c0,85,7162.17,UPI,TRANSFER,IN,KNOWN-85,2026-05-26T11:27:26.458808,138060.27,18
3f2f824f-9433-4934-be87-cbf9cf9aaf28,85,6495.97,UPI,DEPOSIT,SG,KNOWN-85,2026-05-26T13:21:26.458808,145222.44,19
780eecb0-6792-4d5d-862a-f4837e7099a6,85,8939.73,UPI,DEPOSIT,US,KNOWN-85,2026-05-26T13:53:26.458808,151718.41,20
37d8328f-5fdc-4b51-9df3-50d27676a4c1,85,11496.68,NET_BANKING,TRANSFER,AE,DEV-26f0ab,2026-05-26T15:41:26.458808,160658.14,21
c8827b22-1050-4935-b813-657697c57c90,85,9229.22,UPI,DEPOSIT,US,KNOWN-85,2026-05-26T16:13:26.458808,172154.82,22
b55d0efd-d9ce-48ec-9a2d-fb63320201e5,85,5376.64,UPI,WITHDRAWAL,IN,KNOWN-85,2026-05-26T17:54:26.458808,169233.49,21
f528d59c-a3c7-4e7b-b502-316da1250d54,85,8765.65,UPI,WITHDRAWAL,IN,KNOWN-85,2026-05-26T19:36:26.458808,167642.25,21
c0a29a99-b0f5-4da3-8971-8787067b78f3,85,3660.83,UPI,TRANSFER,SG,KNOWN-85,2026-05-26T19:47:26.458808,176407.9,22
208da407-0921-4e6e-8945-0c274709146b,85,11397.91,UPI,WITHDRAWAL,IN,KNOWN-85,2026-05-26T20:20:26.458808,156406.33,21
4e509cd9-7b79-45ab-9beb-66793ea80d03,85,9079.21,UPI,WITHDRAWAL,US,KNOWN-85,2026-05-26T21:36:26.458808,152184.61,20
378747c7-be13-4e62-a444-4ed9743db1fd,85,4388.51,UPI,WITHDRAWAL,AE,DEV-4a9b9c,2026-05-26T22:48:26.458808,154152.15,20
87b1a86b-0f8f-4252-a0cf-2840ec990357,85,7505.83,UPI,WITHDRAWAL,IN,KNOWN-85,2026-05-26T23:55:26.458808,158540.66,21
fafe203a-f94a-43bf-b5e3-ab670c79f584,85,8295.73,NET_BANKING,TRANSFER,IN,KNOWN-85,2026-05-27T01:37:26.458808,154547.02999999997,20
72dd79eb-dab8-4f5c-aade-7051ae7f70a9,85,8615.36,UPI,DEPOSIT,IN,KNOWN-85,2026-05-27T03:07:26.458808,153960.99,20
72befd19-7eff-4db3-974e-55c0a00bfc78,85,2654.63,UPI,WITHDRAWAL,IN,KNOWN-85,2026-05-27T03:23:26.458808,162576.34999999998,21
3aa623b4-1116-4cac-9eb2-08c107fdcb66,85,11333.61,CARD,TRANSFER,IN,KNOWN-85,2026-05-27T04:46:26.458808,155915.96999999997,20
a507ad1f-044e-4de7-92ba-a792487216eb,85,2602.78,UPI,TRANSFER,AE,KNOWN-85,2026-05-27T06:44:26.458808,157926.32999999996,20
701733a5-e305-4cee-8b77-3ddbee265f46,85,11316.75,NET_BANKING,DEPOSIT,IN,KNOWN-85,2026-05-27T08:23:26.458808,143023.1,19
d84ac01d-3d1e-4d38-b9d3-adef1d1c8088,85,12159.57,NET_BANKING,WITHDRAWAL,AE,KNOWN-85,2026-05-27T09:08:26.458808,154339.85,20
6e946add-3ca8-41f0-add5-80eda9e05706,85,4276.92,UPI,DEPOSIT,IN,KNOWN-85,2026-05-27T10:51:26.458808,150476.78000000003,19
eaab6ca5-0f2c-4edd-84ee-72338aa1607b,85,4167.22,UPI,DEPOSIT,IN,DEV-cdecf2,2026-05-27T11:32:26.458808,147591.53,19
497c7c69-c034-44e3-8439-e3aa3988abf4,85,2910.86,UPI,DEPOSIT,IN,KNOWN-85,2026-05-27T12:05:26.458808,151758.75,20
77083326-d921-425c-ad3f-e7a12d0d61ae,86,6971.589278416137,CARD,DEPOSIT,IN,KNOWN-86,2026-05-25T19:06:26.459076,0,0
dd050028-b0d2-49bd-a702-7f8eb0646f24,86,11975.29,CARD,TRANSFER,IN,KNOWN-86,2026-05-25T19:30:26.459076,6971.589278416137,1
cf560a4d-df74-46b2-9a8f-8c232d8b4712,86,10152.21,CARD,TRANSFER,IN,KNOWN-86,2026-05-25T21:03:26.459076,18946.879278416138,2
17cfa180-4796-40f9-b6db-39cdad68e656,86,20821.548525566403,CARD,DEPOSIT,IN,KNOWN-86,2026-05-25T21:40:26.459076,29099.089278416137,3
0c48a3a5-518e-47be-b535-d0165e18ef4c,86,5049.02,CARD,TRANSFER,IN,DEV-d25402,2026-05-25T21:45:26.459076,49920.637803982536,4
ddf16794-2042-411e-9add-0b15e09dfcca,86,11309.92,CARD,WITHDRAWAL,SG,KNOWN-86,2026-05-25T23:00:26.459076,54969.65780398254,5
7be81746-df64-4908-8715-70a27afda483,86,11840.42,CARD,TRANSFER,IN,KNOWN-86,2026-05-26T00:05:26.459076,66279.57780398254,6
6eb3d5c8-a21c-4ff6-9e70-3251d2e289a9,86,8787.35,CARD,DEPOSIT,AE,KNOWN-86,2026-05-26T01:43:26.459076,78119.99780398254,7
6f88434e-697e-426c-967b-8030725c7349,86,32363.942420458094,CARD,DEPOSIT,IN,KNOWN-86,2026-05-26T02:57:26.459076,86907.34780398254,8
89cd01a7-2427-4bdb-8ba5-c60b579862a0,86,6178.16,CARD,TRANSFER,IN,DEV-753485,2026-05-26T04:19:26.459076,119271.29022444063,9
5d295459-aeda-4f81-8046-3f430ead62f9,86,6174.31,CARD,WITHDRAWAL,IN,KNOWN-86,2026-05-26T06:18:26.459076,125449.45022444063,10
c2c442f1-6dbf-4a68-a9af-eefd286c2951,86,8612.26,CARD,WITHDRAWAL,IN,KNOWN-86,2026-05-26T06:45:26.459076,131623.76022444063,11
78f8d6d3-4bf5-42b9-8a41-8f4fcd2e5451,86,8877.88,CARD,DEPOSIT,IN,KNOWN-86,2026-05-26T07:04:26.459076,140236.02022444064,12
7399a16f-0d40-4f13-9cdd-dcc4ad33dbe6,86,8662.9,CARD,WITHDRAWAL,IN,DEV-8f6a02,2026-05-26T08:53:26.459076,149113.90022444064,13
2b38c245-da7c-4cde-b3a9-21c0508a67c0,86,8485.62,CARD,TRANSFER,IN,KNOWN-86,2026-05-26T09:38:26.459076,157776.80022444064,14
26f9cf20-b4f8-474f-af84-b53feb3648f3,86,4189.55,UPI,DEPOSIT,SG,DEV-295969,2026-05-26T11:04:26.459076,166262.42022444063,15
7e38c4ed-b814-41e7-bc91-cdb8f41b73df,86,8542.46,CARD,WITHDRAWAL,IN,KNOWN-86,2026-05-26T11:34:26.459076,170451.97022444062,16
2f501e7c-2acd-4b8c-8580-10fbe6b4dfd3,86,7688.84,CARD,DEPOSIT,IN,KNOWN-86,2026-05-26T13:18:26.459076,178994.4302244406,17
f86960a7-ca3d-41ce-93ae-dd3754e483ef,86,12297.21,CARD,WITHDRAWAL,IN,KNOWN-86,2026-05-26T13:52:26.459076,186683.2702244406,18
b1c53503-f320-4166-995d-3de199326c95,86,32365.072835731033,CARD,TRANSFER,IN,KNOWN-86,2026-05-26T15:08:26.459076,198980.4802244406,19
8c8e3a00-9785-4821-8999-9da400172180,86,6554.41,CARD,WITHDRAWAL,IN,KNOWN-86,2026-05-26T15:45:26.459076,231345.55306017163,20
8447db03-07f7-4085-9150-803880e6b9e3,86,11744.42,CARD,TRANSFER,IN,KNOWN-86,2026-05-26T16:39:26.459076,237899.96306017163,21
8ac7d882-8f67-4b7f-9305-b80815d34ffa,86,9846.52,CARD,TRANSFER,IN,KNOWN-86,2026-05-26T17:45:26.459076,249644.38306017165,22
cea7c090-4ce8-4265-a4f0-36cb87c61128,86,8109.22,CARD,DEPOSIT,IN,KNOWN-86,2026-05-26T19:42:26.459076,240544.0237817555,21
9750c77d-b851-47d0-91e7-b81f0f1f3e99,87,27421.197319167648,UPI,WITHDRAWAL,IN,KNOWN-87,2026-05-25T18:08:26.459240,0,0
e33daf0f-a9cc-4837-b769-fccac16e8df8,87,30745.491823505607,UPI,WITHDRAWAL,SG,KNOWN-87,2026-05-25T19:41:26.459240,27421.197319167648,1
f10efd15-90fa-4560-89f0-6112962893ee,87,13252.69,CARD,WITHDRAWAL,IN,KNOWN-87,2026-05-25T20:24:26.459240,58166.689142673255,2
684ce1e7-1775-475e-88e9-b0063071678a,87,20287.81,CARD,DEPOSIT,IN,KNOWN-87,2026-05-25T21:56:26.459240,71419.37914267325,3
301eaa09-11cf-4781-8f2b-ecf6829f3b99,87,18182.73,UPI,TRANSFER,IN,DEV-ee5119,2026-05-25T23:11:26.459240,91707.18914267325,4
0bb3e376-2ecc-4531-964b-abcaf09ddb16,87,81681.0749008525,UPI,TRANSFER,IN,DEV-bf37a8,2026-05-25T23:47:26.459240,109889.91914267324,5
f53d7b52-5a53-40e6-b0eb-fd318de508a1,87,61559.97671186912,NET_BANKING,TRANSFER,IN,KNOWN-87,2026-05-26T01:14:26.459240,191570.99404352574,6
86a5b6ee-4a2b-4180-a301-bd17bf9c9c6f,87,21896.31,UPI,TRANSFER,IN,KNOWN-87,2026-05-26T02:35:26.459240,253130.97075539487,7
c5fc6c12-31db-4ea2-b7ae-175b4a9110d5,87,14208.36,UPI,TRANSFER,IN,KNOWN-87,2026-05-26T03:53:26.459240,275027.2807553949,8
92554d96-a826-4c89-943b-bb387e13d0b1,87,12278.79,UPI,TRANSFER,IN,KNOWN-87,2026-05-26T05:07:26.459240,289235.6407553949,9
925a7852-e66f-4cce-ad20-a229a16d2e5d,87,25296.241257361507,UPI,WITHDRAWAL,IN,KNOWN-87,2026-05-26T06:32:26.459240,301514.43075539486,10
2e2e2c5f-c2ad-40bc-a1e0-e2d3edbe1e04,87,17098.18,UPI,TRANSFER,IN,KNOWN-87,2026-05-26T07:20:26.459240,326810.67201275635,11
8ae2a272-9774-4181-812c-ac1ac038ece4,87,10277.54,UPI,DEPOSIT,IN,KNOWN-87,2026-05-26T09:11:26.459240,343908.85201275634,12
46610cb4-dfcd-4d8d-8701-dd5ebd955470,87,5380.07,UPI,WITHDRAWAL,IN,KNOWN-87,2026-05-26T10:01:26.459240,354186.3920127563,13
4aeec2c9-5c47-46b1-8606-f68f4eb2b01d,87,17147.53,UPI,DEPOSIT,IN,DEV-df01be,2026-05-26T11:43:26.459240,359566.4620127563,14
bdda7200-5024-4942-a4bc-7d73986ac1b2,87,19169.53,UPI,DEPOSIT,IN,KNOWN-87,2026-05-26T13:29:26.459240,376713.9920127563,15
1a7e5885-9463-4486-a84b-2a7f55746d1e,87,18232.28,UPI,TRANSFER,IN,DEV-da95d2,2026-05-26T15:21:26.459240,395883.5220127563,16
e4ab3026-8288-4f03-8543-4adff459690d,87,11136.72,UPI,WITHDRAWAL,IN,KNOWN-87,2026-05-26T17:10:26.459240,414115.80201275635,17
e5d92a9a-5a56-4a27-bb68-8ff4c11359e3,87,5760.55,UPI,DEPOSIT,IN,KNOWN-87,2026-05-26T18:44:26.459240,397831.32469358866,17
315f6cad-71b4-42c6-9dcc-222080a8d1e6,87,19597.67,UPI,TRANSFER,IN,KNOWN-87,2026-05-26T20:07:26.459240,372846.38287008315,17
fcd6ce3f-3e06-4201-a3b3-770169505c2f,87,7635.42,UPI,TRANSFER,AE,KNOWN-87,2026-05-26T21:25:26.459240,379191.3628700831,17
4fbc81f1-c5b3-4200-b729-f16c824cb7b6,87,74479.8405953889,UPI,DEPOSIT,IN,KNOWN-87,2026-05-26T21:49:26.459240,386826.78287008306,18
9d4b3de9-97e4-4a33-bdd7-00a7a0e3f3d2,87,11493.56,UPI,TRANSFER,IN,KNOWN-87,2026-05-26T22:06:26.459240,441018.813465472,18
d1f3a6f7-c29d-4343-8a63-a6e6ce2dfe4c,87,24286.91,UPI,DEPOSIT,IN,KNOWN-87,2026-05-26T23:00:26.459240,452512.373465472,19
30c2ff6f-5419-4e1f-94db-ace4833b962a,87,8258.84,CARD,DEPOSIT,AE,KNOWN-87,2026-05-27T00:25:26.459240,376935.4785646195,18
d7379dfa-ef5f-483f-85df-bed91ae8d082,87,22651.34,UPI,WITHDRAWAL,IN,KNOWN-87,2026-05-27T01:58:26.459240,323634.34185275045,18
813e5b8d-1b95-43a6-a946-dc21fdeda307,87,23027.89,UPI,TRANSFER,IN,KNOWN-87,2026-05-27T02:34:26.459240,346285.6818527505,19
8839cad1-82ed-45aa-a7a0-71519916fb0c,87,14031.56,NET_BANKING,TRANSFER,SG,KNOWN-87,2026-05-27T04:32:26.459240,333208.90185275045,18
72f4ddc7-a910-4126-9d40-6e957676ad4f,87,6276.1,NET_BANKING,DEPOSIT,IN,KNOWN-87,2026-05-27T06:04:26.459240,334961.67185275047,18
f0d62183-c436-4589-9c88-7bda84a70a32,87,19894.94,UPI,DEPOSIT,AE,KNOWN-87,2026-05-27T06:18:26.459240,341237.77185275045,19
914ef858-aeb7-4168-b938-c0d5a1c75ee5,87,7902.12,UPI,DEPOSIT,AE,DEV-f3ec1d,2026-05-27T08:03:26.459240,318738.29059538885,18
8a055f40-bd53-4448-ab7b-b84f9b323d5c,87,45041.8873778922,UPI,DEPOSIT,IN,KNOWN-87,2026-05-27T08:16:26.459240,326640.41059538885,19
3d033648-c9e2-4e04-864d-e0f707f3627a,87,43708.038944267595,CARD,TRANSFER,IN,KNOWN-87,2026-05-27T09:54:26.459240,361404.7579732811,19
389f068e-c3c1-4cae-b194-b12f957a4a15,87,20487.35,UPI,WITHDRAWAL,US,KNOWN-87,2026-05-27T11:01:26.459240,399732.7269175487,19
30330ea4-a43a-4214-aecc-2800e9c0baf5,87,14633.16,UPI,DEPOSIT,IN,KNOWN-87,2026-05-27T11:09:26.459240,420220.07691754866,20
76ac6bef-2c51-4d3b-bccc-b56b545eac13,87,18069.54675833239,UPI,DEPOSIT,IN,KNOWN-87,2026-05-27T11:50:26.459240,417705.7069175486,20
4623b565-283d-4c0f-ad84-e87c431cf4e6,87,17476.3,UPI,DEPOSIT,IN,DEV-b3a546,2026-05-27T12:49:26.459240,435775.253675881,21
d367405b-550c-43b8-b92d-a8fc51a62af0,88,23780.21,UPI,WITHDRAWAL,IN,DEV-e7c9be,2026-05-25T17:29:26.459480,0,0
2a8e1144-3bb6-4e80-b4ec-c00d2ebd2f4e,88,14444.26,UPI,DEPOSIT,IN,DEV-0d4dcf,2026-05-25T18:09:26.459480,23780.21,1
28d400ba-a021-4ac8-b20b-0d26dc036f21,88,23467.87,UPI,DEPOSIT,IN,KNOWN-88,2026-05-25T18:47:26.459480,38224.47,2
9b2f70eb-21b6-48ae-b2c1-320b43ed31b5,88,21092.78,UPI,TRANSFER,IN,KNOWN-88,2026-05-25T19:01:26.459480,61692.34,3
fa7a3a97-9406-49fd-b601-9f4239f1888b,88,5648.52,UPI,TRANSFER,IN,DEV-d6c7fc,2026-05-25T19:31:26.459480,82785.12,4
2d9e4af9-3a73-4bdd-87fd-e1ed3cf673ef,88,24046.39,NET_BANKING,TRANSFER,IN,KNOWN-88,2026-05-25T20:07:26.459480,88433.64,5
5b8620b8-b42b-4281-9d4c-d454d3a57310,88,9274.24,UPI,WITHDRAWAL,US,KNOWN-88,2026-05-25T21:07:26.459480,112480.03,6
6a91a79f-519c-47a3-9991-8556be362c30,88,6754.1,UPI,WITHDRAWAL,IN,KNOWN-88,2026-05-25T21:33:26.459480,121754.27,7
592b84b4-26d7-49dc-93fe-625a24ac691e,88,22403.04,UPI,WITHDRAWAL,IN,KNOWN-88,2026-05-25T23:14:26.459480,128508.37000000001,8
2f634490-3b23-47b5-8339-685351e4b88d,88,16409.07,UPI,DEPOSIT,IN,DEV-dbf0b7,2026-05-26T00:22:26.459480,150911.41,9
1866f41d-718f-49cb-9046-386c1cf9ddc2,88,21767.31,UPI,DEPOSIT,IN,DEV-b74776,2026-05-26T01:45:26.459480,167320.48,10
4543ed7a-f548-4d1b-a436-55ea22d96fc5,88,10118.4,UPI,TRANSFER,IN,KNOWN-88,2026-05-26T02:14:26.459480,189087.79,11
fb2dd3db-a925-4dfc-b5b3-068f747ff6d7,88,11655.86,UPI,DEPOSIT,IN,DEV-126287,2026-05-26T03:19:26.459480,199206.19,12
22749b40-8912-45a6-bffa-7949ec177d4f,88,13661.32,UPI,DEPOSIT,IN,DEV-3ca5bd,2026-05-26T04:28:26.459480,210862.05,13
7e5cd0cf-96d7-42f1-a5b6-b56632047924,88,22167.9,UPI,DEPOSIT,US,KNOWN-88,2026-05-26T05:13:26.459480,224523.37,14
307a3730-1632-465b-a42b-567643949171,88,7518.59,NET_BANKING,WITHDRAWAL,IN,DEV-f6fb6f,2026-05-26T05:45:26.459480,246691.27,15
fcda59bb-2f06-4c60-8307-460b256c4dbe,88,13269.18,UPI,DEPOSIT,AE,KNOWN-88,2026-05-26T06:55:26.459480,254209.86,16
9cf613aa-bf0e-4208-a1b9-1f55c66f9189,88,14142.26,UPI,DEPOSIT,IN,KNOWN-88,2026-05-26T07:37:26.459480,267479.04,17
fb7c440a-c0ec-4b86-b5a2-d135cb3ae2b5,88,21645.37,UPI,TRANSFER,IN,KNOWN-88,2026-05-26T08:04:26.459480,281621.3,18
f2c6b09b-dc47-47b0-bdb7-1a8912492961,88,8519.87,CARD,DEPOSIT,IN,KNOWN-88,2026-05-26T08:18:26.459480,303266.67,19
0651f66d-cc9d-47fd-b1c2-f5edbf4de522,88,14790.0,UPI,TRANSFER,IN,KNOWN-88,2026-05-26T08:35:26.459480,311786.54,20
91a17022-c13a-4751-9918-7ab55a9243bb,88,20063.54,UPI,DEPOSIT,SG,KNOWN-88,2026-05-26T09:12:26.459480,326576.54,21
450ce63b-300d-40ac-93ba-cefb8c2f1026,88,10724.65,UPI,DEPOSIT,IN,KNOWN-88,2026-05-26T10:32:26.459480,346640.07999999996,22
f1361421-8359-40cc-bb97-628d926288ec,88,13166.3,UPI,TRANSFER,IN,KNOWN-88,2026-05-26T11:12:26.459480,357364.73,23
4fbe1177-3615-4972-a012-03b32415d3a4,89,12720.04,NET_BANKING,TRANSFER,IN,KNOWN-89,2026-05-25T18:25:26.459646,0,0
d1f180bd-7d2c-4b07-b605-e9f6e1d2cc64,89,40979.77,NET_BANKING,DEPOSIT,IN,KNOWN-89,2026-05-25T18:31:26.459646,12720.04,1
f957bb8d-f353-493d-afa0-c306c64f019a,89,24658.64,CARD,DEPOSIT,IN,KNOWN-89,2026-05-25T19:29:26.459646,53699.81,2
3de2579d-8d1e-4094-ad28-b0e1d41d46ca,89,14504.23,CARD,TRANSFER,IN,DEV-cbeaea,2026-05-25T20:40:26.459646,78358.45,3
864966d2-44ab-4840-9ad7-1af5068f6705,89,21456.09,UPI,DEPOSIT,IN,KNOWN-89,2026-05-25T21:53:26.459646,92862.68,4
8e33aea6-703a-4ec0-ba2d-24bda67cf0e8,89,40742.5,NET_BANKING,WITHDRAWAL,IN,KNOWN-89,2026-05-25T23:27:26.459646,114318.76999999999,5
703dcbf4-5428-4b6d-a8bf-9c9bb94f6fd3,89,36771.0,CARD,WITHDRAWAL,IN,KNOWN-89,2026-05-26T00:49:26.459646,155061.27,6
7b061a93-5fe1-43a4-a689-b65a4accc5ae,89,42180.8605442518,NET_BANKING,WITHDRAWAL,IN,KNOWN-89,2026-05-26T01:51:26.459646,191832.27,7
9562b810-95fe-40ff-a01d-ba159649ed60,89,31410.35945314254,NET_BANKING,TRANSFER,IN,DEV-3fef4b,2026-05-26T03:39:26.459646,234013.1305442518,8
ba325ea5-9f66-4893-8652-b456dab0a4a0,89,31090.67436876872,NET_BANKING,DEPOSIT,IN,DEV-c674ae,2026-05-26T05:13:26.459646,265423.4899973943,9
40d996e9-3f11-4fa1-9c7d-ebcbe2f60a8f,89,14402.16,NET_BANKING,TRANSFER,IN,KNOWN-89,2026-05-26T06:51:26.459646,296514.164366163,10
e1fdc2f8-d839-4c41-ae6e-f404b9a5a7a9,89,23129.4,NET_BANKING,WITHDRAWAL,IN,KNOWN-89,2026-05-26T07:47:26.459646,310916.324366163,11
7ed14de8-f36a-4be7-adfc-32a07d1efb75,89,94610.87565915489,NET_BANKING,DEPOSIT,US,KNOWN-89,2026-05-26T09:15:26.459646,334045.724366163,12
cda580a9-c396-4b8d-93ec-8e3eb14fde62,89,43427.52,NET_BANKING,TRANSFER,IN,DEV-e633bd,2026-05-26T10:40:26.459646,428656.6000253179,13
f9734842-b0cc-40f9-8cfc-a0f4f71be390,89,38720.92,NET_BANKING,DEPOSIT,IN,DEV-ea93c1,2026-05-26T10:47:26.459646,472084.12002531794,14
22cc2bd0-7269-479a-a40a-ed57533cce20,89,47399.2,NET_BANKING,WITHDRAWAL,IN,KNOWN-89,2026-05-26T12:41:26.459646,510805.0400253179,15
1ded747f-fb73-4340-aad3-9c936c68e8b5,89,44313.22,NET_BANKING,TRANSFER,IN,KNOWN-89,2026-05-26T13:45:26.459646,558204.2400253179,16
e7435430-bc6a-4f4a-872b-d94a6998bed2,89,24257.69,NET_BANKING,DEPOSIT,IN,KNOWN-89,2026-05-26T13:57:26.459646,602517.4600253179,17
f50ef523-9ff8-49df-8d21-863a8958c41e,89,64895.76604282245,NET_BANKING,WITHDRAWAL,IN,KNOWN-89,2026-05-26T14:47:26.459646,626775.1500253178,18
623f393c-f85c-4bc9-83ae-3962417b8b9a,89,29739.21,NET_BANKING,DEPOSIT,IN,KNOWN-89,2026-05-26T16:18:26.459646,691670.9160681402,19
72ba9175-7416-4afe-a1d2-f10d3d7dd305,89,34227.0,NET_BANKING,WITHDRAWAL,IN,DEV-e65d60,2026-05-26T17:48:26.459646,721410.1260681401,20
16c2374f-e08a-487c-a1da-e9dfbc9ecb0e,89,49464.82,NET_BANKING,DEPOSIT,IN,DEV-956231,2026-05-26T19:37:26.459646,677278.6760681404,18
e58287cc-b6e3-4aac-adf7-0bb0bb88a5c6,89,14897.15,NET_BANKING,DEPOSIT,IN,DEV-61c9c7,2026-05-26T20:10:26.459646,726743.4960681404,19
b2451348-0640-4ac8-9bb8-ec0d540638f3,89,31779.42,NET_BANKING,TRANSFER,IN,KNOWN-89,2026-05-26T20:20:26.459646,741640.6460681404,20
ddde13dd-c625-4640-96be-2cbf143fe00e,89,38421.33,NET_BANKING,DEPOSIT,IN,KNOWN-89,2026-05-26T22:15:26.459646,737459.7460681404,19
1d0ea37e-b247-4346-b996-5125a1b08311,89,38667.16,NET_BANKING,DEPOSIT,IN,KNOWN-89,2026-05-26T23:50:26.459646,735138.5760681403,19
b9477925-7d7e-4586-8516-59a4e63188b1,89,145995.85104851224,NET_BANKING,TRANSFER,IN,KNOWN-89,2026-05-27T00:26:26.459646,773805.7360681404,20
c29350b4-35a4-4219-b17b-9d373b03ba6d,89,53478.19131609264,NET_BANKING,DEPOSIT,IN,KNOWN-89,2026-05-27T01:16:26.459646,883030.5871166526,20
05f3d379-bbe1-424f-bafc-6f1359e13131,89,18313.97,NET_BANKING,TRANSFER,SG,KNOWN-89,2026-05-27T01:41:26.459646,936508.7784327453,21
efc02eb9-8815-4958-9f13-942167891b14,89,42551.94,NET_BANKING,WITHDRAWAL,IN,KNOWN-89,2026-05-27T02:33:26.459646,912641.8878884936,21
3a78a8ea-c5a5-4b69-b0f8-86202b6e50ab,89,48576.36,NET_BANKING,TRANSFER,IN,KNOWN-89,2026-05-27T02:58:26.459646,955193.8278884937,22
36c8074d-3336-4e5d-9c94-73c9d4089e31,89,34920.61,NET_BANKING,DEPOSIT,IN,KNOWN-89,2026-05-27T04:31:26.459646,972359.828435351,22
1b665e62-c820-4228-b498-5fd589e92c31,89,27121.15,CARD,TRANSFER,IN,KNOWN-89,2026-05-27T04:41:26.459646,1007280.438435351,23
62a35dda-f490-4e28-b358-587b31239670,89,16229.83,NET_BANKING,DEPOSIT,IN,KNOWN-89,2026-05-27T04:58:26.459646,1034401.588435351,24
8a4bf785-2db4-4d59-933b-dfa8459ea23b,89,69591.33302372239,NET_BANKING,WITHDRAWAL,AE,DEV-f8ce2a,2026-05-27T06:22:26.459646,1019540.7440665823,24
e837cd74-5c68-4eb0-9e63-d79661526ece,89,24228.69,NET_BANKING,TRANSFER,IN,KNOWN-89,2026-05-27T07:28:26.459646,1074729.9170903044,24
d5462925-d728-4a47-ad7c-97b251c92b51,89,39664.3,NET_BANKING,TRANSFER,IN,DEV-7adead,2026-05-27T07:42:26.459646,1098958.6070903044,25
058cb360-b48b-4e86-9752-edbc322bf524,90,33047.4,UPI,WITHDRAWAL,AE,KNOWN-90,2026-05-25T19:00:26.459891,0,0
578b6dfe-e39f-4749-a619-ed660da9373d,90,48434.67,UPI,WITHDRAWAL,SG,KNOWN-90,2026-05-25T19:41:26.459891,33047.4,1
ea194b6d-708e-492c-b51f-a40c103f5590,90,24315.81,UPI,TRANSFER,IN,DEV-413b8e,2026-05-25T20:48:26.459891,81482.07,2
f1bc70b9-0e3d-41f2-9820-a07b608d88cb,90,10235.28,UPI,TRANSFER,IN,KNOWN-90,2026-05-25T21:28:26.459891,105797.88,3
0a5c71c7-e149-439c-8189-16a3ba6b7e92,90,43820.01,UPI,TRANSFER,IN,KNOWN-90,2026-05-25T22:03:26.459891,116033.16,4
bbda9c2b-be8b-4ae4-8737-aee155b72b71,90,19332.53,UPI,TRANSFER,AE,KNOWN-90,2026-05-25T22:55:26.459891,159853.17,5
ded6bbb5-d92d-4fa4-8592-8df7c175bd5c,90,25870.98,UPI,WITHDRAWAL,IN,KNOWN-90,2026-05-26T00:41:26.459891,179185.7,6
14397c43-4eba-4dff-bfc3-489e17fdbfcd,90,12047.45,UPI,WITHDRAWAL,IN,DEV-8fdcd6,2026-05-26T01:23:26.459891,205056.68000000002,7
c0fb42ba-dd5b-4593-b929-2ce9ce8974f7,90,15675.28,UPI,TRANSFER,IN,KNOWN-90,2026-05-26T01:57:26.459891,217104.13000000003,8
6ca6fd94-0c7b-498a-86e6-aca4309d7ab7,90,25007.21,CARD,WITHDRAWAL,US,KNOWN-90,2026-05-26T02:28:26.459891,232779.41000000003,9
cb89bf94-92d3-4b62-bc7c-8713cb375d8f,90,29802.97,UPI,TRANSFER,IN,KNOWN-90,2026-05-26T02:36:26.459891,257786.62000000002,10
444489c2-c499-4229-aef1-93599f024fd9,90,26604.1,CARD,TRANSFER,IN,KNOWN-90,2026-05-26T03:07:26.459891,287589.59,11
5a158333-16d9-4752-a789-bf02ed8acc8b,90,22714.54,UPI,DEPOSIT,SG,KNOWN-90,2026-05-26T05:06:26.459891,314193.69,12
c923fb14-47f8-49fe-b6fa-ccd50d1f80c6,90,30762.57,UPI,TRANSFER,IN,KNOWN-90,2026-05-26T05:37:26.459891,336908.23,13
c5a0dfcb-f199-4e71-8e56-adcb85554444,90,46282.43,UPI,WITHDRAWAL,IN,KNOWN-90,2026-05-26T05:44:26.459891,367670.8,14
80028bea-5321-463f-9be7-5a681f30d1a6,90,33608.29,UPI,WITHDRAWAL,IN,KNOWN-90,2026-05-26T07:43:26.459891,413953.23,15
d31c904e-87cf-4ef3-9aea-8d762256144e,90,48484.66,UPI,DEPOSIT,IN,KNOWN-90,2026-05-26T07:50:26.459891,447561.51999999996,16
72ab31be-8bf5-4e44-84b9-331a09ef3061,90,15546.12,NET_BANKING,TRANSFER,AE,KNOWN-90,2026-05-26T08:15:26.459891,496046.17999999993,17
397a2332-3c57-4618-a3a7-b288cdbad9ac,90,11290.79,UPI,WITHDRAWAL,IN,KNOWN-90,2026-05-26T09:56:26.459891,511592.29999999993,18
a47a5930-0d8a-48ae-a47a-41543bd045f4,90,37940.78,UPI,DEPOSIT,IN,KNOWN-90,2026-05-26T10:03:26.459891,522883.0899999999,19
b1cf9729-57a7-4ad4-922c-d7bd166fee0a,90,27762.3,UPI,TRANSFER,IN,DEV-5a348b,2026-05-26T11:54:26.459891,560823.8699999999,20
7e6db51a-6558-4d3c-be4b-06be63338cce,90,45611.82,UPI,WITHDRAWAL,IN,DEV-1c3af5,2026-05-26T12:58:26.459891,588586.1699999999,21
321581f2-7b9d-4f24-8b67-85e1d49ea367,91,10185.9,UPI,DEPOSIT,IN,KNOWN-91,2026-05-25T17:38:26.460034,0,0
4f58cffa-c234-4dbb-8e93-b9a97645ca54,91,20062.91,UPI,TRANSFER,IN,KNOWN-91,2026-05-25T18:35:26.460034,10185.9,1
b622682f-9d6b-4280-bc3f-1f0136290f0a,91,22409.75,UPI,DEPOSIT,IN,KNOWN-91,2026-05-25T19:36:26.460034,30248.809999999998,2
1fbf85e7-18b2-45ea-a76b-fdeff7b9407c,91,25386.594157338455,UPI,WITHDRAWAL,IN,KNOWN-91,2026-05-25T19:48:26.460034,52658.56,3
49d61a59-9f00-4117-a028-9824f4df959b,91,8416.17,NET_BANKING,TRANSFER,IN,DEV-5e35aa,2026-05-25T21:12:26.460034,78045.15415733846,4
7f099c6e-9868-4c3a-884b-d586293747fd,91,21814.02,UPI,DEPOSIT,IN,KNOWN-91,2026-05-25T21:57:26.460034,86461.32415733846,5
54f37ed1-c182-402b-bf0f-f93d35c0e69d,91,7989.5,CARD,WITHDRAWAL,IN,KNOWN-91,2026-05-25T22:10:26.460034,108275.34415733846,6
06355289-f4b1-4b8a-812b-e745aa8ca257,91,9768.47,UPI,WITHDRAWAL,IN,KNOWN-91,2026-05-25T23:27:26.460034,116264.84415733846,7
27236094-0ea6-4938-b706-ec0520f8952c,91,20752.58,UPI,DEPOSIT,IN,KNOWN-91,2026-05-25T23:49:26.460034,126033.31415733846,8
dff551a2-1998-49f9-ba54-cd9675cff240,91,24861.62,UPI,WITHDRAWAL,IN,DEV-810631,2026-05-26T00:39:26.460034,146785.89415733848,9
a4c15779-912f-47e6-ac50-9c890246de17,91,15656.61,UPI,TRANSFER,IN,KNOWN-91,2026-05-26T02:08:26.460034,171647.51415733848,10
1eae9522-5c0f-4cfb-9d50-710967781dff,91,7469.45,UPI,DEPOSIT,IN,KNOWN-91,2026-05-26T02:30:26.460034,187304.12415733846,11
6dde1a13-7852-4a20-83f4-7eb5e3be8434,91,17128.47,UPI,WITHDRAWAL,IN,KNOWN-91,2026-05-26T03:48:26.460034,194773.57415733847,12
7eb16ab2-40b7-47de-bb95-6529b2177b01,91,15041.81,UPI,DEPOSIT,IN,DEV-0ae1b9,2026-05-26T04:31:26.460034,211902.04415733847,13
2f4b117b-584a-4641-a27e-36a3485d0920,91,23675.73,UPI,WITHDRAWAL,IN,KNOWN-91,2026-05-26T05:33:26.460034,226943.85415733847,14
f48ca024-bae1-463d-acc1-1d8e6c5a5a14,91,23108.75,UPI,DEPOSIT,SG,DEV-613b13,2026-05-26T07:07:26.460034,250619.58415733848,15
5d0040fc-cd0f-4d7e-8871-a1c54106b05c,91,17567.25,UPI,WITHDRAWAL,US,DEV-3b44c2,2026-05-26T08:51:26.460034,273728.3341573385,16
a2d6feea-df7f-496f-873b-b958c0243bea,91,11421.6,UPI,DEPOSIT,IN,KNOWN-91,2026-05-26T09:32:26.460034,291295.5841573385,17
ccaf2b00-c886-457d-9422-771ed146629c,91,11939.36,UPI,DEPOSIT,IN,KNOWN-91,2026-05-26T10:39:26.460034,302717.18415733846,18
27d04469-1789-40da-9937-c36a0528e4cf,91,13863.42,UPI,DEPOSIT,IN,KNOWN-91,2026-05-26T10:56:26.460034,314656.54415733845,19
0448157d-5826-4f90-a939-143535fc8778,92,1927.05,CARD,DEPOSIT,IN,KNOWN-92,2026-05-25T19:00:26.460171,0,0
8b1cf393-c3e4-4090-84c6-6fbadfbb125a,92,3988.57,CARD,DEPOSIT,IN,KNOWN-92,2026-05-25T19:16:26.460171,1927.05,1
a4956a16-3141-4388-9204-1dbe19f5e699,92,1402.73,CARD,WITHDRAWAL,IN,KNOWN-92,2026-05-25T20:39:26.460171,5915.62,2
ffc852f0-3144-4436-bd66-fb57c0d8e075,92,1245.18,NET_BANKING,WITHDRAWAL,SG,KNOWN-92,2026-05-25T21:55:26.460171,7318.35,3
9947b8ab-103d-4336-8873-e0bd48690b9d,92,4278.52,CARD,TRANSFER,IN,KNOWN-92,2026-05-25T22:23:26.460171,8563.53,4
56cb6680-ce19-41da-9016-d4bd0b5c4f1d,92,4023.2,CARD,WITHDRAWAL,AE,KNOWN-92,2026-05-25T22:38:26.460171,12842.050000000001,5
b4140fef-d1a9-4282-acdb-b0598ca17299,92,3530.24,UPI,TRANSFER,IN,KNOWN-92,2026-05-25T23:31:26.460171,16865.25,6
39a6c432-9359-4257-acec-b1a5a846bdd0,92,3598.99,CARD,DEPOSIT,IN,KNOWN-92,2026-05-25T23:55:26.460171,20395.489999999998,7
1dc124df-b4d5-46b3-b6c9-ef656ab53e29,92,4202.1,UPI,TRANSFER,IN,KNOWN-92,2026-05-26T00:28:26.460171,23994.479999999996,8
ca5cf012-688c-438d-b11f-4310e2028f06,92,1063.73,CARD,WITHDRAWAL,IN,KNOWN-92,2026-05-26T00:53:26.460171,28196.579999999994,9
dca22268-7033-46b6-af7b-e45b22e06390,92,1781.36,CARD,WITHDRAWAL,IN,DEV-0a7568,2026-05-26T01:13:26.460171,29260.309999999994,10
1c5cbc50-0989-481b-9afb-1cd7224ed894,92,3363.5,CARD,DEPOSIT,IN,KNOWN-92,2026-05-26T03:13:26.460171,31041.669999999995,11
ff8fa821-ddfe-46a9-afe1-a2f64bb7798c,92,1120.26,CARD,WITHDRAWAL,IN,KNOWN-92,2026-05-26T04:43:26.460171,34405.17,12
fd000e87-37de-4bcc-8c31-56e8c8004173,92,1464.58,CARD,TRANSFER,IN,KNOWN-92,2026-05-26T05:11:26.460171,35525.43,13
47656db9-3c7f-4257-b10a-f530c6d6d18d,92,2524.68,CARD,WITHDRAWAL,AE,KNOWN-92,2026-05-26T06:11:26.460171,36990.01,14
97e14d55-0878-497a-9067-70cacdd556d0,92,1144.56,CARD,DEPOSIT,IN,DEV-a29577,2026-05-26T07:44:26.460171,39514.69,15
885a7291-a7f2-425f-bd52-dd3c0f8ce982,92,3134.9,CARD,DEPOSIT,IN,KNOWN-92,2026-05-26T08:58:26.460171,40659.25,16
da9b6811-2a0f-469a-8df6-043a16806614,92,4637.0,UPI,WITHDRAWAL,IN,DEV-57143d,2026-05-26T10:27:26.460171,43794.15,17
64ca9cdd-d925-4bdd-83a3-ccdfa5000738,92,2522.18,CARD,WITHDRAWAL,IN,KNOWN-92,2026-05-26T11:14:26.460171,48431.15,18
d2ec4d6e-1ecc-4757-93d3-ebcd3320423d,92,4595.38,CARD,DEPOSIT,IN,KNOWN-92,2026-05-26T13:01:26.460171,50953.33,19
5fb63176-8d12-40c6-b7f7-f3c4a3585c5e,92,3868.86,CARD,WITHDRAWAL,IN,KNOWN-92,2026-05-26T15:01:26.460171,55548.71,20
ce865ffa-b0d2-49c0-adcc-b8073fe029fa,92,4253.46,NET_BANKING,DEPOSIT,US,KNOWN-92,2026-05-26T16:31:26.460171,59417.57,21
22116840-0f49-458a-8102-342d62a8ea6d,92,2940.5,CARD,DEPOSIT,SG,KNOWN-92,2026-05-26T18:06:26.460171,63671.03,22
d9a21188-07c3-4f39-86cd-3f43864cd9cc,92,3500.65,CARD,WITHDRAWAL,IN,KNOWN-92,2026-05-26T19:48:26.460171,60695.909999999996,21
8e0a67b1-5d81-4682-a376-1d4f007c2c8e,92,2824.9,CARD,WITHDRAWAL,IN,DEV-f4112b,2026-05-26T21:09:26.460171,62793.83,21
c3fca3ba-ccfd-4345-baa4-2f74df16d97a,92,3435.32,CARD,TRANSFER,IN,KNOWN-92,2026-05-26T21:21:26.460171,65618.73,22
3f1894a8-1d9e-4062-9cc5-66becea01810,92,4226.9,CARD,DEPOSIT,IN,KNOWN-92,2026-05-26T21:41:26.460171,69054.05,23
5ee8128d-2638-4145-ba56-ff75478a5948,92,2662.02,CARD,TRANSFER,IN,KNOWN-92,2026-05-26T22:20:26.460171,72035.77,23
65b08fab-f7c4-41a2-b523-918d522c31c5,92,1208.98,CARD,TRANSFER,IN,DEV-f888ac,2026-05-26T23:47:26.460171,62865.83,21
25b72b2c-89a3-4ae9-b5d8-a48ed6c3aa07,92,4626.15,CARD,WITHDRAWAL,IN,KNOWN-92,2026-05-27T01:18:26.460171,53428.630000000005,18
3c2f47e9-95e1-413b-b6a0-8edb93b43334,92,2442.04,CARD,DEPOSIT,IN,KNOWN-92,2026-05-27T01:40:26.460171,58054.780000000006,19
da4ef41c-f9b2-4e80-b4dd-fa2b2f63f7ec,92,3584.83,NET_BANKING,DEPOSIT,SG,KNOWN-92,2026-05-27T02:43:26.460171,60496.82000000001,20
b430ee85-9acd-463a-858f-ad0a68b8cd9a,92,2283.3,CARD,WITHDRAWAL,IN,KNOWN-92,2026-05-27T02:49:26.460171,64081.65000000001,21
6dea7f44-24e5-41d3-8deb-2d35cf02ef9e,93,7793.17,UPI,WITHDRAWAL,IN,KNOWN-93,2026-05-25T18:11:26.460390,0,0
1426a732-5910-4132-be21-8be54faa24c4,93,14311.45,UPI,WITHDRAWAL,AE,KNOWN-93,2026-05-25T18:50:26.460390,7793.17,1
d777d314-49ab-493b-a485-b668b76f15fb,93,11219.3,UPI,WITHDRAWAL,IN,KNOWN-93,2026-05-25T20:00:26.460390,22104.620000000003,2
28dd6c42-03cd-492d-8c67-f13524a929f0,93,22948.98,UPI,TRANSFER,SG,KNOWN-93,2026-05-25T21:16:26.460390,33323.92,3
28fc02bd-02fd-40bd-8639-ba8819e46674,93,9335.4,UPI,WITHDRAWAL,IN,KNOWN-93,2026-05-25T23:08:26.460390,56272.899999999994,4
0f3ecdb4-7313-4e7c-81b6-53492c1b1921,93,6586.89,NET_BANKING,TRANSFER,IN,KNOWN-93,2026-05-25T23:29:26.460390,65608.29999999999,5
0ccb48b1-f244-4d6a-906a-319a60fc7f00,93,10242.46,CARD,WITHDRAWAL,IN,KNOWN-93,2026-05-26T01:04:26.460390,72195.18999999999,6
199eff61-f57a-4749-8555-46630b50b68e,93,12954.88,UPI,WITHDRAWAL,IN,KNOWN-93,2026-05-26T01:13:26.460390,82437.65,7
a1680313-1313-4888-b514-38d15235fd63,93,10142.38,UPI,TRANSFER,IN,KNOWN-93,2026-05-26T01:58:26.460390,95392.53,8
ce8fd8d3-9a75-4969-8c2d-8a2bd1ce9488,93,23576.05,NET_BANKING,TRANSFER,IN,KNOWN-93,2026-05-26T03:46:26.460390,105534.91,9
648b9b01-b69d-4833-964f-e5c60ebfcb11,93,10576.03,UPI,TRANSFER,IN,KNOWN-93,2026-05-26T04:24:26.460390,129110.96,10
07c13466-a9e6-4474-b0cb-7fe895f88e30,93,19029.39,UPI,TRANSFER,SG,KNOWN-93,2026-05-26T05:54:26.460390,139686.99000000002,11
60c1c1fb-cdba-4679-8324-32244accafac,93,8822.69,UPI,TRANSFER,IN,KNOWN-93,2026-05-26T07:54:26.460390,158716.38,12
dba04d30-7f96-4c02-bb41-e68259f5d100,93,24556.74,UPI,TRANSFER,IN,KNOWN-93,2026-05-26T09:51:26.460390,167539.07,13
62e6712c-186a-4c92-bc7c-69cc2b76fbd2,93,24886.34,UPI,DEPOSIT,IN,KNOWN-93,2026-05-26T11:27:26.460390,192095.81,14
d6228355-ce69-45e3-b722-c10ce6b7d39a,93,18983.62,UPI,TRANSFER,IN,KNOWN-93,2026-05-26T12:31:26.460390,216982.15,15
5c132310-1caa-4021-9625-5d2b8192e75e,93,10858.85,UPI,TRANSFER,IN,KNOWN-93,2026-05-26T12:41:26.460390,235965.77,16
e2ccf9f1-16c4-4ef6-bdfd-0a5213c4ac7b,93,22024.51,NET_BANKING,TRANSFER,IN,KNOWN-93,2026-05-26T14:06:26.460390,246824.62,17
7e37b800-a451-48b2-a2ad-d06d254aa3e8,93,20604.15,NET_BANKING,DEPOSIT,IN,KNOWN-93,2026-05-26T14:47:26.460390,268849.13,18
1c854c78-320d-41f2-b0ca-7ed5eb077b6a,93,13785.91,UPI,WITHDRAWAL,IN,KNOWN-93,2026-05-26T16:12:26.460390,289453.28,19
ad91b7f1-60b9-42ba-ae67-ad03ea3f58da,93,8286.7,UPI,DEPOSIT,IN,DEV-a8e320,2026-05-26T16:44:26.460390,303239.19,20
3a3b6cbc-ed55-42df-bf19-546e0b216929,93,23946.82,UPI,TRANSFER,IN,KNOWN-93,2026-05-26T18:03:26.460390,311525.89,21
f8f337cc-3202-4ab6-8adc-1fa5d0c3c566,93,7896.13,UPI,TRANSFER,IN,DEV-fdce0c,2026-05-26T19:26:26.460390,313368.09,20
e2686412-4c7a-4a1a-9c0f-f2f12531c899,93,13784.72,UPI,WITHDRAWAL,IN,KNOWN-93,2026-05-26T20:54:26.460390,310044.92,20
3085e3db-706e-4d7b-83b8-32ac681822e0,93,13640.67,UPI,DEPOSIT,IN,KNOWN-93,2026-05-26T22:48:26.460390,300880.66,20
2fa80db7-edf8-4006-824d-1a325eff16bb,94,5432.47,CARD,WITHDRAWAL,SG,DEV-90c824,2026-05-25T17:52:26.460622,0,0
bc2cba24-9cac-4bf5-b091-5de040a1133d,94,8375.41,CARD,WITHDRAWAL,IN,KNOWN-94,2026-05-25T19:12:26.460622,5432.47,1
e0a6363f-bcfa-4410-b97c-2e8d9584114e,94,17399.96,CARD,TRANSFER,IN,KNOWN-94,2026-05-25T19:22:26.460622,13807.880000000001,2
398fac37-c84f-4f67-aff8-1f1e834c3b92,94,21279.13,CARD,TRANSFER,IN,KNOWN-94,2026-05-25T19:51:26.460622,31207.84,3
a864b35b-fe6b-4909-b73f-bdb88014935b,94,9657.2,CARD,WITHDRAWAL,IN,KNOWN-94,2026-05-25T20:35:26.460622,52486.97,4
9f271d8e-8b3b-4969-9986-884b27619cd3,94,21689.67,CARD,WITHDRAWAL,IN,KNOWN-94,2026-05-25T22:03:26.460622,62144.17,5
e0858996-2904-4aae-ba33-a9899425a025,94,9732.68,NET_BANKING,WITHDRAWAL,US,KNOWN-94,2026-05-25T23:32:26.460622,83833.84,6
b187a8ba-ccd4-46ad-af70-4667c5016e97,94,11862.11,CARD,TRANSFER,IN,KNOWN-94,2026-05-26T01:29:26.460622,93566.51999999999,7
9c076fab-a10e-455d-b507-da8db995069a,94,8081.57,CARD,WITHDRAWAL,IN,DEV-0be852,2026-05-26T02:18:26.460622,105428.62999999999,8
a3ab6d1a-b12f-4c5c-8c8d-e52187d0218a,94,21732.65,CARD,DEPOSIT,IN,KNOWN-94,2026-05-26T02:41:26.460622,113510.19999999998,9
8bc04eae-cdad-44a3-a39b-e47cf6fefdb7,94,16463.81,CARD,TRANSFER,IN,DEV-d4febb,2026-05-26T04:35:26.460622,135242.84999999998,10
09b07a41-7397-4353-9295-1aaf94476311,94,12159.85,UPI,TRANSFER,IN,KNOWN-94,2026-05-26T06:14:26.460622,151706.65999999997,11
7c405080-155b-48cb-b465-0b0e2a1325b4,94,15051.53,CARD,DEPOSIT,IN,DEV-15e901,2026-05-26T06:57:26.460622,163866.50999999998,12
ea448a73-ccc7-400e-af5c-10e7b95b00c2,94,17021.34,CARD,TRANSFER,IN,KNOWN-94,2026-05-26T08:31:26.460622,178918.03999999998,13
229beeec-9fbf-477f-839b-17307bdd5d3b,94,5869.2,CARD,DEPOSIT,IN,DEV-75bdaa,2026-05-26T08:50:26.460622,195939.37999999998,14
63d36dff-7657-4816-8c5a-e1d628146404,94,5598.58,CARD,WITHDRAWAL,IN,KNOWN-94,2026-05-26T10:50:26.460622,201808.58,15
b9e56271-38ff-47ca-9dc7-28cc91019d2f,94,18674.94,CARD,TRANSFER,IN,KNOWN-94,2026-05-26T12:02:26.460622,207407.15999999997,16
f6551ab5-6602-4847-bc1e-b937c616d2b9,94,8034.52,CARD,DEPOSIT,IN,KNOWN-94,2026-05-26T13:08:26.460622,226082.09999999998,17
fe4cebfb-1e5b-4a84-b64f-f5d7b08dd6da,94,16769.73,NET_BANKING,DEPOSIT,IN,KNOWN-94,2026-05-26T14:15:26.460622,234116.61999999997,18
abad6656-5ec8-474f-9af6-dcc925e5431e,94,13602.78,CARD,WITHDRAWAL,IN,KNOWN-94,2026-05-26T15:54:26.460622,250886.34999999998,19
fd2c1038-f707-4fe0-bd55-79fc18d1658a,94,5679.92,CARD,WITHDRAWAL,IN,KNOWN-94,2026-05-26T16:24:26.460622,264489.13,20
1b97dc15-165f-483a-bba7-aaaaeb090c68,94,21420.01,CARD,WITHDRAWAL,IN,KNOWN-94,2026-05-26T17:37:26.460622,270169.05,21
6c748e81-060d-4c03-b347-6ae1ab1e816e,94,14760.71,CARD,TRANSFER,IN,KNOWN-94,2026-05-26T18:51:26.460622,286156.58999999997,21
b7ac41ec-405e-474a-81ba-4a1d115ba255,94,16895.61,CARD,WITHDRAWAL,IN,DEV-339982,2026-05-26T20:09:26.460622,253862.80000000002,19
f1d1b13e-25c4-4812-a2df-1e82e2b4d8ec,94,21310.1,CARD,TRANSFER,AE,KNOWN-94,2026-05-26T20:51:26.460622,261101.21000000002,19
f6e14258-27d6-458c-b180-9ba4769afe1d,94,11890.44,CARD,WITHDRAWAL,IN,DEV-d99be6,2026-05-26T21:15:26.460622,282411.31,20
3315296a-13b3-4212-9b85-4662ac088911,94,8659.23,CARD,TRANSFER,IN,DEV-6487f5,2026-05-26T22:00:26.460622,294301.75,21
77d55388-75d6-40b8-bf76-3224128cb088,94,20378.99,CARD,WITHDRAWAL,IN,KNOWN-94,2026-05-26T22:25:26.460622,281271.31,21
c0449e72-4df6-4266-9ec4-32e245d67c77,94,23476.14,CARD,TRANSFER,IN,DEV-370661,2026-05-26T23:47:26.460622,291917.61999999994,21
72eeb578-1cfd-4f78-8ae8-7ecee31a8131,94,6508.13,CARD,TRANSFER,IN,KNOWN-94,2026-05-27T01:30:26.460622,303531.65,21
af698456-979d-422c-beb9-33a45fb16a4a,94,21363.76,CARD,TRANSFER,IN,DEV-4d3c6f,2026-05-27T02:25:26.460622,301958.2100000001,21
f679c490-e558-4a06-ab89-c52380503576,94,13081.84,CARD,TRANSFER,IN,KNOWN-94,2026-05-27T02:57:26.460622,301589.32000000007,21
3bddefc9-8c62-467f-b341-0f823ca67d1c,94,10759.45,CARD,WITHDRAWAL,IN,KNOWN-94,2026-05-27T04:13:26.460622,314671.1600000001,22
81ecc472-6514-4ab7-99ba-80da763417e3,94,18980.12,NET_BANKING,DEPOSIT,IN,KNOWN-94,2026-05-27T05:34:26.460622,308966.80000000005,22
621a8646-24dc-458e-a148-60602b98ceaf,94,5280.21,UPI,DEPOSIT,IN,KNOWN-94,2026-05-27T06:33:26.460622,315787.07000000007,22
97527367-1030-4647-9077-a3cec399d23d,94,15489.58,CARD,TRANSFER,IN,KNOWN-94,2026-05-27T07:40:26.460622,306015.75000000006,22
c1967a1d-2cf5-4fd5-bfa7-7df5bdb7c338,94,23064.53,CARD,DEPOSIT,SG,KNOWN-94,2026-05-27T09:16:26.460622,298614.7900000001,21
66aed837-8697-4ad3-907e-6f48dfaa09fc,94,6872.27,CARD,WITHDRAWAL,IN,KNOWN-94,2026-05-27T11:05:26.460622,316080.7400000001,21
49250a93-0fd0-4079-89d7-03de22e395a7,94,6443.2,CARD,TRANSFER,IN,DEV-1bb0fd,2026-05-27T12:36:26.460622,304278.07000000007,21
e9e480ac-db6c-461c-89d0-67a31a176dc4,95,21869.47,CARD,TRANSFER,IN,KNOWN-95,2026-05-25T17:14:26.460878,0,0
92471294-6695-431d-81c8-6b47e4adb0a4,95,17179.02,CARD,TRANSFER,IN,KNOWN-95,2026-05-25T18:27:26.460878,21869.47,1
03a75c09-3cdf-4da1-b3f8-110448f1be2b,95,19738.58,CARD,WITHDRAWAL,IN,KNOWN-95,2026-05-25T19:34:26.460878,39048.490000000005,2
f962c338-8c7a-4282-872c-02746b944955,95,13653.23,NET_BANKING,TRANSFER,IN,DEV-037752,2026-05-25T19:43:26.460878,58787.07000000001,3
0e6bc0ba-9e3e-4650-a07f-08d9b1239122,95,22003.42,CARD,WITHDRAWAL,IN,KNOWN-95,2026-05-25T21:33:26.460878,72440.3,4
84694b8a-d98a-4ed1-8094-5271f377db17,95,9633.91,CARD,WITHDRAWAL,US,KNOWN-95,2026-05-25T21:48:26.460878,94443.72,5
3a2a202b-1d86-4d2d-91bc-b54a1d7ed2bd,95,10111.08,UPI,TRANSFER,IN,KNOWN-95,2026-05-25T22:37:26.460878,104077.63,6
85073842-9e54-4a37-b993-2591354e4c6b,95,15680.16,UPI,TRANSFER,IN,DEV-f073b3,2026-05-26T00:36:26.460878,114188.71,7
3e967fc2-3340-4af1-af18-d5a19aa9ddbe,95,5889.36,CARD,TRANSFER,IN,DEV-a186dd,2026-05-26T01:40:26.460878,129868.87000000001,8
d503abb8-9030-42aa-87e4-4c07fb3b6a8d,95,5134.87,CARD,DEPOSIT,IN,KNOWN-95,2026-05-26T02:01:26.460878,135758.23,9
3539c89e-e139-44dc-969b-a9e3d531a296,95,17934.12,CARD,TRANSFER,AE,KNOWN-95,2026-05-26T02:36:26.460878,140893.1,10
0d7e2995-e467-4726-b8ec-1a85d33abd0a,95,16439.64,CARD,DEPOSIT,AE,KNOWN-95,2026-05-26T03:59:26.460878,158827.22,11
f2f3c9d2-571e-4e91-b8b4-55d9c815f790,95,11459.7,CARD,TRANSFER,IN,DEV-91938d,2026-05-26T05:21:26.460878,175266.86,12
e1d3c77f-3c7e-4ae9-8152-531db40909c8,95,19484.18,NET_BANKING,TRANSFER,IN,KNOWN-95,2026-05-26T06:43:26.460878,186726.56,13
bb821313-2c31-42f4-9e3c-4943d48debac,95,18808.64,UPI,DEPOSIT,IN,KNOWN-95,2026-05-26T08:41:26.460878,206210.74,14
2e817463-9a2d-4a71-9000-ad36a1e064ac,95,13571.88,CARD,TRANSFER,US,KNOWN-95,2026-05-26T10:01:26.460878,225019.38,15
857eb7c4-0591-47a7-87e1-82e09989a80c,95,16603.13,CARD,DEPOSIT,IN,KNOWN-95,2026-05-26T10:36:26.460878,238591.26,16
23b86a2d-d79a-4392-b845-0e0ad274bcf1,95,22097.4,CARD,TRANSFER,IN,KNOWN-95,2026-05-26T11:45:26.460878,255194.39,17
8ed49c98-fc40-4d03-9762-566caf42cfca,95,22032.16,NET_BANKING,TRANSFER,IN,KNOWN-95,2026-05-26T13:37:26.460878,277291.79000000004,18
8c956b39-3afa-4d7a-88f4-94f440863b93,95,23731.45,NET_BANKING,TRANSFER,IN,DEV-1e4045,2026-05-26T15:23:26.460878,299323.95,19
6f5ff5ce-109c-4c32-8985-249f329196d3,95,20595.82,CARD,WITHDRAWAL,IN,KNOWN-95,2026-05-26T16:56:26.460878,323055.4,20
b09659c7-f664-4541-b330-f145a5802e4e,95,22576.8,NET_BANKING,WITHDRAWAL,AE,KNOWN-95,2026-05-26T17:35:26.460878,321781.75000000006,20
64dc8e4d-893b-4c6a-bbfc-5392c8bc72f5,95,12024.42,CARD,TRANSFER,IN,KNOWN-95,2026-05-26T18:32:26.460878,327179.53,20
2198a5a5-34ab-4275-a91d-9c013994ae6a,95,7017.48,UPI,TRANSFER,IN,KNOWN-95,2026-05-26T19:54:26.460878,305812.13999999996,19
ad2264ce-86fd-4d1d-acda-384faa4ec071,95,17051.92,CARD,TRANSFER,IN,KNOWN-95,2026-05-26T21:23:26.460878,312829.61999999994,20
2772c855-7c42-4d42-a4bf-d6e17cc304a6,95,13698.9,CARD,TRANSFER,IN,KNOWN-95,2026-05-26T23:13:26.460878,288133.12999999995,18
9bbe12d1-0a42-415b-85b9-176edcffc092,95,15120.51,CARD,DEPOSIT,AE,KNOWN-95,2026-05-27T00:01:26.460878,301832.02999999997,19
6950f914-4ffb-49c9-8ae2-3705295b5747,95,21409.79,CARD,WITHDRAWAL,IN,KNOWN-95,2026-05-27T01:05:26.460878,301272.38000000006,19
5de71fb0-ece4-48f8-99af-bf3dc3729bfd,96,42938.04,CARD,TRANSFER,IN,DEV-8e39d4,2026-05-25T17:57:26.461053,0,0
080c0bdc-f81d-406f-ab8c-4d676c38278d,96,38419.1,CARD,DEPOSIT,IN,KNOWN-96,2026-05-25T18:30:26.461053,42938.04,1
5a6b96f5-9a82-499f-b94d-358575a7ebb0,96,47317.27,CARD,DEPOSIT,IN,KNOWN-96,2026-05-25T19:10:26.461053,81357.14,2
e69681ba-bca2-4f1d-8bd9-59f0a59b76a9,96,39069.41,NET_BANKING,WITHDRAWAL,AE,KNOWN-96,2026-05-25T21:06:26.461053,128674.41,3
e0a3112b-cd43-4375-95c7-b35a96123472,96,11946.55,NET_BANKING,WITHDRAWAL,IN,DEV-15aadb,2026-05-25T21:48:26.461053,167743.82,4
3e8a7449-c823-4b85-b6dd-6fb70197e38d,96,41280.94,NET_BANKING,WITHDRAWAL,IN,KNOWN-96,2026-05-25T23:36:26.461053,179690.37,5
b78abe05-14bd-406c-8981-10bf224c311a,96,38372.02,CARD,WITHDRAWAL,SG,KNOWN-96,2026-05-26T00:52:26.461053,220971.31,6
88cffe7e-f41a-4473-b256-9275c53bb492,96,21033.3,CARD,WITHDRAWAL,IN,KNOWN-96,2026-05-26T01:56:26.461053,259343.33,7
6c168d09-4f52-46d3-84dc-70846dba9e37,96,24838.56,NET_BANKING,TRANSFER,IN,KNOWN-96,2026-05-26T03:06:26.461053,280376.63,8
bb2079be-93e4-4dcf-96b1-32a9ca77fd6a,96,103076.80978263407,CARD,WITHDRAWAL,US,KNOWN-96,2026-05-26T04:50:26.461053,305215.19,9
cd69a199-b6db-47ff-a0a7-8f03acf79bf1,96,11960.59,CARD,DEPOSIT,IN,KNOWN-96,2026-05-26T05:04:26.461053,408291.9997826341,10
bc83f2c6-3c44-43ce-a2fe-4cfe42baea08,96,90524.23363266492,CARD,TRANSFER,IN,KNOWN-96,2026-05-26T05:31:26.461053,420252.5897826341,11
4c5039c5-0f0b-4e95-a086-b7bd2fa503f2,96,18887.09,CARD,TRANSFER,IN,KNOWN-96,2026-05-26T07:25:26.461053,510776.82341529906,12
2a653481-c68e-4ca9-9f03-870d4439b5a9,96,26267.66,CARD,DEPOSIT,IN,KNOWN-96,2026-05-26T08:28:26.461053,529663.913415299,13
065c3557-d802-4f5c-b363-641214948f62,96,45491.51,CARD,WITHDRAWAL,IN,DEV-56873f,2026-05-26T10:25:26.461053,555931.5734152991,14
a3f125fe-f771-4f81-a9c4-ed2679ed598f,96,19474.01,CARD,TRANSFER,IN,KNOWN-96,2026-05-26T12:00:26.461053,601423.0834152991,15
00e4607e-8c2a-4390-8b00-87c7b50e7e44,96,18841.04,UPI,WITHDRAWAL,IN,KNOWN-96,2026-05-26T13:40:26.461053,620897.0934152991,16
17db291c-b3e3-4bb3-a747-ad48c54c130a,96,11298.05,CARD,DEPOSIT,IN,KNOWN-96,2026-05-26T14:34:26.461053,639738.1334152991,17
93162e0c-8987-4b1d-97cc-bab393d6bcae,96,30251.02,UPI,TRANSFER,IN,KNOWN-96,2026-05-26T15:41:26.461053,651036.1834152992,18
34ee2fe7-0ee9-424c-a23d-0482b9ffde49,96,44403.89,NET_BANKING,DEPOSIT,IN,KNOWN-96,2026-05-26T16:09:26.461053,681287.2034152992,19
4f648c8e-c853-461e-899c-edf665c0eac1,96,10858.74,CARD,WITHDRAWAL,IN,KNOWN-96,2026-05-26T16:37:26.461053,725691.0934152992,20
d72b9267-73b0-447e-8aa6-0b2797391221,96,29384.05,CARD,WITHDRAWAL,IN,DEV-9ef588,2026-05-26T17:17:26.461053,736549.8334152992,21
17837507-4386-4340-9aa1-70735b7f7dd6,96,13205.77,CARD,TRANSFER,IN,KNOWN-96,2026-05-26T18:56:26.461053,684576.7434152991,20
a817f03f-4d8f-4d3b-921f-b80a05233a51,96,42453.11,CARD,TRANSFER,SG,KNOWN-96,2026-05-26T20:06:26.461053,650465.2434152991,20
fa8e3592-a77c-40af-b6f8-db839ad7211d,96,44815.0,CARD,TRANSFER,IN,KNOWN-96,2026-05-26T20:11:26.461053,692918.3534152991,21
ff0680c8-7ebc-426b-9736-befa6d9b533b,96,78289.09995388071,CARD,DEPOSIT,IN,KNOWN-96,2026-05-26T20:21:26.461053,737733.3534152991,22
ba46d24f-2133-46d5-b720-026040f264b0,96,20989.35,CARD,DEPOSIT,IN,KNOWN-96,2026-05-26T20:35:26.461053,816022.4533691797,23
c0568092-ca68-4ee1-9e14-228631ca688c,96,17769.91,CARD,TRANSFER,SG,DEV-35193e,2026-05-26T22:25:26.461053,785995.8433691798,22
7c4d603d-d6f2-4c69-bf25-e5fda7008f9f,96,42141.61,CARD,TRANSFER,IN,KNOWN-96,2026-05-26T23:35:26.461053,803765.7533691798,23
549fd51c-8240-4cd1-b8bb-85eef2e5bf18,96,37732.86,CARD,DEPOSIT,IN,DEV-ce4c63,2026-05-27T00:39:26.461053,804626.4233691798,23
5db72a9d-8121-4d61-811c-d929c1a71657,96,47287.11,CARD,WITHDRAWAL,IN,KNOWN-96,2026-05-27T01:13:26.461053,803987.2633691798,23
0c10f85d-9822-4f79-824a-c7cb7ce6774c,96,25092.31,CARD,DEPOSIT,IN,DEV-c44f81,2026-05-27T02:19:26.461053,830241.0733691797,23
0eae2eda-2026-4f96-9951-b4b111a2065c,97,11337.52,CARD,WITHDRAWAL,US,KNOWN-97,2026-05-25T17:53:26.461256,0,0
0565258d-f7f9-4506-b3c7-1703f2ee3987,97,8214.98,CARD,DEPOSIT,IN,DEV-59c08c,2026-05-25T18:14:26.461256,11337.52,1
477e8245-d4d5-47f2-91e0-8e2c26770885,97,13102.03,UPI,TRANSFER,IN,KNOWN-97,2026-05-25T19:37:26.461256,19552.5,2
6e22dd9e-bf52-42bd-97b1-9955bf0fedc4,97,6968.67,UPI,WITHDRAWAL,SG,KNOWN-97,2026-05-25T20:19:26.461256,32654.53,3
eceda054-e79d-4dc6-85f8-4d4b67b3afd2,97,11905.05,NET_BANKING,TRANSFER,IN,KNOWN-97,2026-05-25T21:59:26.461256,39623.2,4
af77ad54-4008-4d1d-9d4b-c502229dc370,97,24774.52,CARD,TRANSFER,IN,KNOWN-97,2026-05-25T23:45:26.461256,51528.25,5
f3e1be74-e190-4d4c-acba-125c8253c574,97,11417.77,CARD,WITHDRAWAL,IN,KNOWN-97,2026-05-26T00:18:26.461256,76302.77,6
510f1884-e436-41ff-9216-b43767dd0678,97,11956.1,NET_BANKING,DEPOSIT,IN,KNOWN-97,2026-05-26T01:24:26.461256,87720.54000000001,7
fc41ef47-c67a-48df-8eb6-342e1db72f2f,97,11544.38,CARD,DEPOSIT,IN,DEV-37e145,2026-05-26T02:53:26.461256,99676.64000000001,8
052a846d-64c4-492c-a061-fecb4b70a8c8,97,14261.62,NET_BANKING,WITHDRAWAL,IN,KNOWN-97,2026-05-26T04:44:26.461256,111221.02000000002,9
8129b07a-e90b-482c-bfcb-0e5192c50733,97,12860.8,CARD,TRANSFER,IN,KNOWN-97,2026-05-26T06:15:26.461256,125482.64000000001,10
a32b99d5-edc9-4070-8c1f-eac1edfe2982,97,20148.07,CARD,TRANSFER,IN,DEV-829c1f,2026-05-26T08:13:26.461256,138343.44,11
7c505ce4-d0c2-4a8a-a0b4-a7a1e726f30b,97,11007.74,CARD,TRANSFER,IN,KNOWN-97,2026-05-26T08:28:26.461256,158491.51,12
91d0d716-aa42-4b9f-b223-ddefff2ad268,97,11159.21,CARD,TRANSFER,IN,KNOWN-97,2026-05-26T08:39:26.461256,169499.25,13
5356e1af-3bfb-41be-874d-85c22edf4cd3,97,10437.78,CARD,DEPOSIT,IN,DEV-ae73b8,2026-05-26T10:35:26.461256,180658.46,14
7f56b7c0-60f0-489f-a426-5a8d8cb7dbd6,97,18458.73,CARD,DEPOSIT,IN,KNOWN-97,2026-05-26T12:21:26.461256,191096.24,15
aa3096d0-b477-4e0e-9261-ba3c6f96693c,97,21010.4,UPI,DEPOSIT,IN,DEV-4ba7de,2026-05-26T13:20:26.461256,209554.97,16
44d9bc90-f217-4498-8335-f39aeb9c0753,97,16556.67,CARD,TRANSFER,IN,KNOWN-97,2026-05-26T13:51:26.461256,230565.37,17
2fce4939-3952-4b8a-a8f8-ca5b3c08ec7a,97,22914.81,CARD,DEPOSIT,IN,KNOWN-97,2026-05-26T14:52:26.461256,247122.03999999998,18
f50776dc-23cc-4f59-857a-44aa6ca5465a,97,9794.8,CARD,TRANSFER,IN,DEV-7fff95,2026-05-26T15:24:26.461256,270036.85,19
3d92f8ff-02f3-451b-b970-2dc74d6a04bc,97,11108.77,UPI,WITHDRAWAL,IN,KNOWN-97,2026-05-26T16:27:26.461256,279831.64999999997,20
a3d71494-89ee-4718-8008-4663986a5b80,97,22800.42,CARD,TRANSFER,SG,KNOWN-97,2026-05-26T17:38:26.461256,290940.42,21
7b7e01f0-78bc-42b9-89be-5d720d646875,97,12537.18,CARD,DEPOSIT,IN,KNOWN-97,2026-05-26T18:18:26.461256,294188.33999999997,20
084a3918-0d44-4ef3-a476-1c92c7b4ab00,98,9985.631907004225,CARD,TRANSFER,US,DEV-423d54,2026-05-25T17:23:26.461397,0,0
aeec51a0-77a2-4435-a1d8-06508c38c257,98,8351.147821366423,NET_BANKING,TRANSFER,IN,KNOWN-98,2026-05-25T18:48:26.461397,9985.631907004225,1
c0cf00b8-0237-440b-9bd6-a9db3630ff20,98,4052.01,NET_BANKING,TRANSFER,IN,KNOWN-98,2026-05-25T19:07:26.461397,18336.779728370646,2
41b179fe-4283-43d0-a024-2c32f6b6c534,98,1562.04,UPI,DEPOSIT,IN,KNOWN-98,2026-05-25T19:43:26.461397,22388.789728370648,3
9e7a5ac2-0bef-4bc2-83ca-b5ac8fb0bf6b,98,3638.75,NET_BANKING,DEPOSIT,IN,KNOWN-98,2026-05-25T20:03:26.461397,23950.82972837065,4
ecd93736-3736-4d0b-aec2-c75d0810407a,98,5017.602087121486,NET_BANKING,DEPOSIT,AE,DEV-9ece54,2026-05-25T21:46:26.461397,27589.57972837065,5
54493b52-1437-4090-a712-33a1a3bef10f,98,3625.7,NET_BANKING,DEPOSIT,IN,DEV-89fddf,2026-05-25T23:17:26.461397,32607.181815492135,6
c6c8d23a-4b15-475d-9a82-12981ac9b578,98,4424.23,NET_BANKING,DEPOSIT,IN,KNOWN-98,2026-05-26T00:44:26.461397,36232.88181549213,7
aca14ccc-d9ac-408b-8f9a-6d49cb21f01f,98,1599.03,NET_BANKING,WITHDRAWAL,IN,DEV-bb810c,2026-05-26T01:36:26.461397,40657.11181549213,8
c33fbef3-c534-4a0d-88ee-4ff7c8239654,98,4392.05,UPI,DEPOSIT,IN,KNOWN-98,2026-05-26T03:01:26.461397,42256.14181549213,9
6c8ccd60-2381-499f-bf22-56dcf9ca92c2,98,3906.7609242315943,NET_BANKING,TRANSFER,IN,KNOWN-98,2026-05-26T04:08:26.461397,46648.19181549213,10
dc41b83b-34a7-46ea-92d1-dda0a5144a68,98,3709.58,NET_BANKING,TRANSFER,IN,DEV-5dfa94,2026-05-26T05:19:26.461397,50554.952739723725,11
93e39456-64e9-4b55-8472-c159135253a9,98,13887.38514296663,CARD,WITHDRAWAL,IN,KNOWN-98,2026-05-26T06:35:26.461397,54264.53273972373,12
bd507bcb-16ca-4c16-871f-2e877a710333,98,4619.24,NET_BANKING,TRANSFER,IN,KNOWN-98,2026-05-26T08:30:26.461397,68151.91788269035,13
ff0307d1-97bd-43cb-a7fb-b4bf7f3946b0,98,1528.85,NET_BANKING,DEPOSIT,IN,KNOWN-98,2026-05-26T09:52:26.461397,72771.15788269036,14
131a3962-5397-4db5-8814-bf5569940620,99,20171.65,UPI,TRANSFER,IN,KNOWN-99,2026-05-25T18:53:26.461496,0,0
a6e7d533-91ea-4d38-be7e-01af666db192,99,16258.8,UPI,DEPOSIT,IN,KNOWN-99,2026-05-25T20:05:26.461496,20171.65,1
912fa1c7-1288-4162-9f31-c3c657e2b69a,99,8170.7,UPI,DEPOSIT,IN,KNOWN-99,2026-05-25T22:03:26.461496,36430.45,2
092a6978-7794-44d6-8798-29ec2d0b0728,99,13617.72,UPI,DEPOSIT,IN,DEV-6293de,2026-05-25T22:44:26.461496,44601.149999999994,3
9a45ba0f-30e2-4a14-9271-8073b78d655b,99,23970.79,UPI,WITHDRAWAL,IN,KNOWN-99,2026-05-26T00:15:26.461496,58218.869999999995,4
f603900f-be02-4f2d-81ab-b695cd71e8bb,99,6055.85,UPI,TRANSFER,SG,DEV-6a9a2d,2026-05-26T01:08:26.461496,82189.66,5
a53f8401-dd73-4948-b8fe-feddfc8b8359,99,7831.51,CARD,DEPOSIT,IN,DEV-7d2ca8,2026-05-26T02:53:26.461496,88245.51000000001,6
8c902bce-c00a-4dbe-99c8-c470398149ee,99,7626.57,UPI,TRANSFER,IN,KNOWN-99,2026-05-26T04:36:26.461496,96077.02,7
1217d908-41b1-4e6e-99bf-1e4b6c6ae83c,99,18700.9,UPI,DEPOSIT,IN,KNOWN-99,2026-05-26T05:22:26.461496,103703.59,8
87f3319d-6829-4f60-816f-75ad22bcc987,99,22383.96,CARD,WITHDRAWAL,IN,KNOWN-99,2026-05-26T06:57:26.461496,122404.48999999999,9
ad525425-f4af-4e41-86b8-4b094e1450ac,99,8290.7,UPI,DEPOSIT,IN,KNOWN-99,2026-05-26T08:16:26.461496,144788.44999999998,10
5abb6b4f-3c71-490e-969e-029dd0d733e6,99,9994.79,UPI,TRANSFER,IN,KNOWN-99,2026-05-26T09:12:26.461496,153079.15,11
59ce82ae-84c9-46ff-95a1-ee2c303a8262,99,8640.95,UPI,WITHDRAWAL,IN,KNOWN-99,2026-05-26T10:45:26.461496,163073.94,12
24cdfeef-db43-497f-ae80-95edfa85dfb4,99,12322.07,UPI,WITHDRAWAL,IN,DEV-cc1875,2026-05-26T12:05:26.461496,171714.89,13
5ef020ba-d305-4c04-bf48-9e02c9cb9783,99,10058.08,CARD,TRANSFER,IN,KNOWN-99,2026-05-26T12:42:26.461496,184036.96000000002,14
7da61b4f-e593-4bfc-90bf-5384451036f5,100,9033.67,UPI,WITHDRAWAL,IN,KNOWN-100,2026-05-25T18:26:26.461586,0,0
810b946a-cb63-4f5d-baaa-223827718dfb,100,23033.384336417937,UPI,DEPOSIT,IN,KNOWN-100,2026-05-25T18:33:26.461586,9033.67,1
bfc8acda-1775-4d0e-af47-2754268da253,100,6628.91,UPI,DEPOSIT,IN,KNOWN-100,2026-05-25T19:26:26.461586,32067.05433641794,2
9e8db13c-176b-4ea0-880a-cc273bb6f696,100,25374.903134114873,UPI,DEPOSIT,IN,KNOWN-100,2026-05-25T20:25:26.461586,38695.964336417936,3
c0da90f1-3b22-419a-ba2e-a1e299ef7614,100,6109.83,UPI,DEPOSIT,IN,KNOWN-100,2026-05-25T20:58:26.461586,64070.86747053281,4
b03482bc-1e94-4874-97c6-7ea7fd0fef79,100,5897.31,UPI,WITHDRAWAL,IN,DEV-120ddc,2026-05-25T21:30:26.461586,70180.6974705328,5
13917d9b-757d-4d5c-8332-03e60da93101,100,10291.83,UPI,WITHDRAWAL,IN,KNOWN-100,2026-05-25T22:48:26.461586,76078.0074705328,6
1c456b6a-ebf2-4401-9429-7c027c56c7d9,100,5758.65,UPI,DEPOSIT,IN,KNOWN-100,2026-05-25T23:27:26.461586,86369.8374705328,7
8e667ed3-0856-4311-857a-3a1682a93f2e,100,4956.69,UPI,TRANSFER,IN,KNOWN-100,2026-05-26T00:58:26.461586,92128.4874705328,8
9a194d5c-601e-4ad5-8082-10a9cc7a3dc3,100,9723.91,UPI,DEPOSIT,US,KNOWN-100,2026-05-26T02:25:26.461586,97085.1774705328,9
ba9842b0-9916-4fd5-8b30-74049fd16bec,100,6758.87,UPI,TRANSFER,IN,KNOWN-100,2026-05-26T02:33:26.461586,106809.0874705328,10
d4621bba-0c8a-4d9f-936b-fff699f02b99,100,27848.956333249418,UPI,DEPOSIT,IN,KNOWN-100,2026-05-26T02:51:26.461586,113567.9574705328,11
6a282a1e-71c2-4ff4-baf9-95b998c8983c,100,7078.22,CARD,WITHDRAWAL,IN,KNOWN-100,2026-05-26T04:48:26.461586,141416.91380378223,12
d4fbe131-84fe-490a-b4d1-3a4a988c2797,100,11211.05,CARD,DEPOSIT,IN,DEV-0be6ec,2026-05-26T04:58:26.461586,148495.13380378223,13
f57fa598-cf31-4884-b574-62a2ce4c94a0,100,6108.94,UPI,DEPOSIT,IN,KNOWN-100,2026-05-26T06:14:26.461586,159706.18380378222,14
b7edd216-bddb-4ac4-9a5d-866b494b423c,100,7237.87,CARD,WITHDRAWAL,IN,KNOWN-100,2026-05-26T06:29:26.461586,165815.12380378222,15
81ee2189-3bc9-4c33-b45e-c175272af953,100,3020.29,CARD,TRANSFER,IN,KNOWN-100,2026-05-26T07:10:26.461586,173052.9938037822,16
c32cf863-a52d-402b-846f-a56d759bb8f3,100,22319.87224802338,UPI,DEPOSIT,IN,KNOWN-100,2026-05-26T07:28:26.461586,176073.28380378222,17
d1fa9b62-1f5e-43cf-b621-ed34b590f783,100,7628.46,UPI,DEPOSIT,IN,KNOWN-100,2026-05-26T08:57:26.461586,198393.1560518056,18
f1cceb1a-c805-47fd-8fa9-d005f8a3b3f1,100,7744.97,UPI,DEPOSIT,IN,KNOWN-100,2026-05-26T09:46:26.461586,206021.61605180558,19
e854ae9b-707f-4a35-a916-715cebd2e7f3,100,7774.86,NET_BANKING,DEPOSIT,IN,KNOWN-100,2026-05-26T10:08:26.461586,213766.58605180559,20
8580bf85-f015-4a5b-9e3a-dda35818ae93,100,2965.74,NET_BANKING,DEPOSIT,IN,DEV-ea450e,2026-05-26T11:49:26.461586,221541.44605180557,21
dfb72363-c751-4148-a90b-c9784cc53398,100,33555.19541756975,CARD,DEPOSIT,IN,KNOWN-100,2026-05-26T12:22:26.461586,224507.18605180556,22
9b3fa6d1-a1b8-4e91-9472-a5a872141d3f,100,11088.9,UPI,TRANSFER,IN,DEV-ee44bd,2026-05-26T14:01:26.461586,258062.3814693753,23
a7ca5565-950a-416a-af4d-693b536cbe3e,100,4972.77,UPI,WITHDRAWAL,IN,KNOWN-100,2026-05-26T15:19:26.461586,269151.2814693753,24
